{"type":"FeatureCollection","features":[{"type":"Feature","properties":{"kind":"bare_slide","month":"2025-11","area_ha":372.38},"geometry":{"type":"MultiPolygon","coordinates":[[[[121.293889,23.705922],[121.294085,23.705924],[121.294283,23.705746],[121.29419,23.705383],[121.293699,23.705378],[121.293501,23.705556],[121.293593,23.706009],[121.293788,23.706101],[121.293889,23.705922]]],[[[121.290461,23.713108],[121.290266,23.713015],[121.290165,23.713195],[121.29036,23.713287],[121.290461,23.713108]]],[[[121.283758,23.715652],[121.284056,23.715385],[121.28396,23.715203],[121.284256,23.715116],[121.284252,23.715387],[121.284543,23.715661],[121.284837,23.715664],[121.284936,23.715575],[121.284839,23.715484],[121.284843,23.715213],[121.284941,23.715214],[121.284845,23.715032],[121.285242,23.714675],[121.285149,23.714313],[121.285051,23.714312],[121.285151,23.714133],[121.284958,23.71395],[121.284761,23.713948],[121.284166,23.714483],[121.28417,23.714212],[121.284466,23.714035],[121.284373,23.713673],[121.283979,23.713758],[121.282987,23.71465],[121.282981,23.715102],[121.283562,23.71565],[121.283758,23.715652]],[[121.284654,23.714669],[121.284756,23.714399],[121.284854,23.7144],[121.284947,23.714763],[121.284751,23.71476],[121.284654,23.714669]]],[[[121.287498,23.7147],[121.287303,23.714608],[121.287202,23.714787],[121.287397,23.71488],[121.287498,23.7147]]],[[[121.292177,23.716829],[121.292375,23.716741],[121.292378,23.71647],[121.292675,23.716293],[121.292579,23.716111],[121.292186,23.716197],[121.291689,23.716643],[121.291587,23.717003],[121.291684,23.717095],[121.291881,23.717006],[121.292075,23.717189],[121.292177,23.716829]]],[[[121.283523,23.71863],[121.28362,23.718721],[121.283819,23.718543],[121.283625,23.71836],[121.283725,23.71818],[121.28353,23.718088],[121.283535,23.717727],[121.283734,23.717548],[121.283929,23.717641],[121.284127,23.717462],[121.28403,23.717371],[121.284033,23.71719],[121.28423,23.717102],[121.284136,23.71674],[121.284532,23.716474],[121.284437,23.716292],[121.284337,23.716381],[121.284044,23.716288],[121.283944,23.716467],[121.283748,23.716465],[121.28345,23.716732],[121.283157,23.716639],[121.28276,23.716996],[121.282758,23.717176],[121.283051,23.71727],[121.28295,23.717449],[121.283048,23.71745],[121.283138,23.718083],[121.282942,23.718081],[121.282742,23.71835],[121.282448,23.718347],[121.282347,23.718616],[121.282054,23.718523],[121.281952,23.718793],[121.281854,23.718792],[121.28195,23.718973],[121.282146,23.718975],[121.282043,23.719336],[121.282532,23.719431],[121.282334,23.71961],[121.28243,23.719701],[121.282331,23.71979],[121.282425,23.720152],[121.282226,23.720331],[121.282319,23.720693],[121.281926,23.720779],[121.281825,23.720958],[121.282218,23.720963],[121.282219,23.720873],[121.282316,23.720964],[121.282806,23.720969],[121.282801,23.72133],[121.282998,23.721333],[121.282995,23.721513],[121.283191,23.721515],[121.283187,23.721877],[121.283383,23.721879],[121.28378,23.721522],[121.283685,23.72125],[121.283882,23.721162],[121.28369,23.720889],[121.283494,23.720887],[121.283203,23.720613],[121.283208,23.720251],[121.283405,23.720163],[121.283211,23.719981],[121.283214,23.7198],[121.283607,23.719714],[121.28361,23.719534],[121.283906,23.719356],[121.283813,23.718994],[121.28401,23.718906],[121.284012,23.718725],[121.283817,23.718633],[121.283619,23.718811],[121.283714,23.719083],[121.283417,23.71926],[121.28352,23.7189],[121.283326,23.718718],[121.283523,23.71863]],[[121.283324,23.718898],[121.282827,23.719344],[121.282632,23.719252],[121.282635,23.719071],[121.282832,23.718983],[121.282738,23.718711],[121.283131,23.718625],[121.283324,23.718898]],[[121.282916,23.720068],[121.282819,23.719976],[121.282917,23.719977],[121.282916,23.720068]],[[121.283113,23.719979],[121.283016,23.719888],[121.283114,23.719889],[121.283113,23.719979]]],[[[121.279791,23.71904],[121.279496,23.719127],[121.279493,23.719307],[121.279688,23.7194],[121.279587,23.719669],[121.279881,23.719673],[121.279884,23.719402],[121.280082,23.719314],[121.279791,23.71904]]],[[[121.280675,23.718959],[121.280476,23.719138],[121.280183,23.719044],[121.280083,23.719223],[121.28018,23.719315],[121.280475,23.719228],[121.280372,23.719588],[121.280566,23.719771],[121.280861,23.719684],[121.280761,23.719863],[121.280955,23.720046],[121.281151,23.720048],[121.281253,23.719778],[121.280767,23.719412],[121.281158,23.719506],[121.281261,23.719146],[121.28097,23.718872],[121.280772,23.71905],[121.280675,23.718959]],[[121.280767,23.719412],[121.28067,23.71932],[121.280768,23.719321],[121.280767,23.719412]],[[121.280772,23.71905],[121.280869,23.719142],[121.28077,23.719141],[121.280772,23.71905]]],[[[121.284647,23.722705],[121.284945,23.722438],[121.28475,23.722345],[121.28485,23.722166],[121.284463,23.7218],[121.284066,23.722157],[121.283869,23.722155],[121.283871,23.722065],[121.283673,23.722153],[121.283765,23.722605],[121.283962,23.722608],[121.283959,23.722788],[121.284155,23.72279],[121.284153,23.722971],[121.284545,23.722975],[121.284647,23.722705]]],[[[121.303481,23.699706],[121.303578,23.699798],[121.303579,23.699707],[121.303481,23.699706]]],[[[121.307765,23.709686],[121.30757,23.709594],[121.30747,23.709773],[121.307665,23.709866],[121.307765,23.709686]]],[[[121.295978,23.726262],[121.29617,23.726535],[121.296465,23.726538],[121.296462,23.726719],[121.296658,23.726721],[121.296754,23.726903],[121.297048,23.726906],[121.297346,23.726638],[121.29862,23.726743],[121.298619,23.726833],[121.298913,23.726836],[121.298912,23.726926],[121.299109,23.726838],[121.299112,23.726568],[121.299311,23.726389],[121.299116,23.726297],[121.299219,23.725937],[121.298927,23.725753],[121.299031,23.725302],[121.298738,23.725209],[121.298544,23.725026],[121.298547,23.724755],[121.298353,23.724663],[121.298355,23.724482],[121.298453,23.724483],[121.29836,23.724121],[121.298558,23.723943],[121.298754,23.723945],[121.299044,23.724309],[121.299536,23.724134],[121.299924,23.7245],[121.29992,23.72477],[121.300309,23.725046],[121.300307,23.725226],[121.300108,23.725405],[121.299814,23.725401],[121.299417,23.725758],[121.299415,23.725939],[121.299802,23.726304],[121.30039,23.726401],[121.300583,23.726584],[121.301369,23.726502],[121.301568,23.726324],[121.301572,23.725962],[121.301963,23.726057],[121.302063,23.725968],[121.302069,23.725516],[121.302263,23.725609],[121.302462,23.72543],[121.302464,23.72525],[121.302958,23.724984],[121.302864,23.724712],[121.303355,23.724628],[121.303353,23.724808],[121.303646,23.724902],[121.303738,23.725354],[121.303835,23.725445],[121.30413,23.725358],[121.304127,23.725629],[121.304419,23.725813],[121.304512,23.726175],[121.304214,23.726443],[121.304212,23.726624],[121.304504,23.726807],[121.304598,23.727079],[121.304891,23.727173],[121.304983,23.727716],[121.305468,23.728082],[121.30596,23.727997],[121.305475,23.72754],[121.305382,23.727178],[121.305091,23.726904],[121.304797,23.726901],[121.304506,23.726627],[121.304509,23.726446],[121.304806,23.726179],[121.304714,23.725726],[121.304519,23.725634],[121.304521,23.725453],[121.304912,23.725548],[121.30521,23.72528],[121.305113,23.725189],[121.304329,23.72518],[121.304429,23.725001],[121.304235,23.724818],[121.303941,23.724815],[121.303943,23.724634],[121.30365,23.72454],[121.303654,23.72427],[121.303265,23.723994],[121.304059,23.723281],[121.304353,23.723284],[121.304449,23.723466],[121.304645,23.723468],[121.304646,23.723378],[121.305037,23.723472],[121.305138,23.723293],[121.304847,23.723019],[121.303963,23.723099],[121.303771,23.722826],[121.303575,23.722824],[121.303872,23.722556],[121.303384,23.72237],[121.303192,23.722097],[121.302996,23.722095],[121.3029,23.721914],[121.302704,23.721911],[121.30251,23.721729],[121.302014,23.722175],[121.302405,23.722269],[121.302498,23.722632],[121.302794,23.722544],[121.302987,23.722727],[121.302984,23.722998],[121.302788,23.722996],[121.302497,23.722722],[121.302198,23.72308],[121.302002,23.723078],[121.301506,23.723524],[121.301504,23.723704],[121.301892,23.723979],[121.301987,23.724251],[121.302282,23.724164],[121.302283,23.724074],[121.302478,23.724166],[121.30237,23.724978],[121.301783,23.724881],[121.301683,23.72497],[121.301777,23.725333],[121.301481,23.72542],[121.301581,23.72533],[121.301583,23.72515],[121.301485,23.725149],[121.301591,23.724518],[121.301397,23.724335],[121.301201,23.724333],[121.301101,23.724512],[121.300807,23.724509],[121.300706,23.724689],[121.30051,23.724687],[121.300122,23.724321],[121.300324,23.723872],[121.299936,23.723597],[121.299938,23.723416],[121.300036,23.723417],[121.300038,23.723237],[121.29994,23.723236],[121.299952,23.722333],[121.300149,23.722245],[121.300153,23.721974],[121.30035,23.721886],[121.300352,23.721705],[121.300158,23.721613],[121.300259,23.721343],[121.299966,23.721249],[121.29987,23.721068],[121.299576,23.721064],[121.299384,23.720791],[121.29899,23.720877],[121.298796,23.720695],[121.298799,23.720514],[121.298996,23.720426],[121.299002,23.719974],[121.299399,23.719618],[121.299889,23.719623],[121.299989,23.719444],[121.300186,23.719446],[121.300573,23.719811],[121.300565,23.720443],[121.300759,23.720626],[121.300956,23.720538],[121.300961,23.720177],[121.301556,23.719641],[121.301752,23.719643],[121.301751,23.719734],[121.302145,23.719648],[121.302629,23.720105],[121.302524,23.720645],[121.302719,23.720738],[121.302818,23.720648],[121.302727,23.720106],[121.302926,23.719927],[121.302831,23.719655],[121.302733,23.719654],[121.302738,23.719293],[121.303032,23.719296],[121.303133,23.719027],[121.303332,23.718848],[121.303528,23.71885],[121.303826,23.718583],[121.303828,23.718402],[121.304024,23.718404],[121.304224,23.718136],[121.304713,23.718231],[121.304611,23.718501],[121.304709,23.718502],[121.304705,23.718863],[121.3049,23.718956],[121.304993,23.719318],[121.305386,23.719232],[121.305391,23.718871],[121.305293,23.71887],[121.3052,23.718507],[121.305593,23.718421],[121.305793,23.718153],[121.305987,23.718335],[121.305982,23.718697],[121.306176,23.718879],[121.30647,23.718883],[121.306668,23.718704],[121.306575,23.718342],[121.306772,23.718254],[121.306774,23.718073],[121.306971,23.718075],[121.307269,23.717717],[121.307662,23.717722],[121.307762,23.717542],[121.307469,23.717449],[121.30747,23.717358],[121.306781,23.717531],[121.306885,23.717081],[121.306692,23.716898],[121.306299,23.716894],[121.306106,23.716711],[121.306108,23.716531],[121.306205,23.716622],[121.3065,23.716535],[121.306209,23.716261],[121.306505,23.716174],[121.306506,23.716084],[121.306897,23.716178],[121.306898,23.716088],[121.307292,23.716002],[121.307296,23.715641],[121.307593,23.715463],[121.3076,23.714922],[121.307405,23.714829],[121.307408,23.714558],[121.30731,23.714557],[121.307412,23.714288],[121.307315,23.714196],[121.30761,23.714109],[121.307611,23.714019],[121.307906,23.714022],[121.308303,23.713665],[121.308012,23.713391],[121.308014,23.713211],[121.308312,23.712943],[121.308314,23.712762],[121.308511,23.712674],[121.308615,23.712224],[121.309108,23.712049],[121.309109,23.711958],[121.309402,23.712052],[121.309601,23.711873],[121.309797,23.711876],[121.309796,23.711966],[121.309993,23.711878],[121.3101,23.711156],[121.310002,23.711155],[121.309908,23.710883],[121.30971,23.710972],[121.309713,23.710791],[121.309323,23.710606],[121.309327,23.710245],[121.309623,23.710158],[121.309628,23.709707],[121.309434,23.709614],[121.309136,23.709882],[121.30904,23.7097],[121.308745,23.709787],[121.308551,23.709604],[121.308751,23.709336],[121.308848,23.709427],[121.309143,23.70934],[121.309239,23.709522],[121.309436,23.709434],[121.30934,23.709252],[121.309539,23.709073],[121.309345,23.708891],[121.309148,23.708979],[121.308857,23.708705],[121.309053,23.708707],[121.309153,23.708527],[121.309445,23.708711],[121.309842,23.708354],[121.309847,23.707993],[121.309945,23.707994],[121.309851,23.707632],[121.309951,23.707543],[121.309658,23.707449],[121.309356,23.707988],[121.30916,23.707986],[121.309065,23.707804],[121.308965,23.707893],[121.30877,23.707801],[121.308877,23.70717],[121.309174,23.706902],[121.309179,23.706541],[121.308788,23.706447],[121.308699,23.705723],[121.308407,23.705539],[121.308411,23.705269],[121.308313,23.705267],[121.308219,23.704905],[121.308024,23.704813],[121.308027,23.704632],[121.307833,23.70445],[121.308031,23.704271],[121.308036,23.70391],[121.308234,23.703732],[121.308238,23.703461],[121.308043,23.703368],[121.308142,23.703279],[121.308148,23.702828],[121.30805,23.702827],[121.308056,23.702375],[121.307958,23.702374],[121.308062,23.701924],[121.307965,23.701832],[121.307669,23.701919],[121.307476,23.701737],[121.307478,23.701556],[121.307676,23.701378],[121.307871,23.70147],[121.30807,23.701292],[121.308079,23.700569],[121.308177,23.70057],[121.30809,23.699757],[121.308188,23.699758],[121.30819,23.699577],[121.308289,23.699488],[121.308582,23.699582],[121.308781,23.699403],[121.308684,23.699312],[121.308695,23.698409],[121.3085,23.698316],[121.308503,23.698136],[121.308699,23.698138],[121.3088,23.697868],[121.308607,23.697686],[121.308714,23.696964],[121.308323,23.69687],[121.308324,23.696779],[121.30803,23.696776],[121.308032,23.696596],[121.307934,23.696595],[121.307937,23.696414],[121.308232,23.696327],[121.308135,23.696236],[121.308238,23.695876],[121.308434,23.695878],[121.308632,23.695699],[121.308635,23.695519],[121.308537,23.695518],[121.308638,23.695248],[121.308541,23.695156],[121.308344,23.695245],[121.308347,23.694974],[121.308154,23.694791],[121.307958,23.694789],[121.30806,23.694429],[121.307866,23.694246],[121.307572,23.694243],[121.307574,23.694153],[121.307377,23.69415],[121.306981,23.694507],[121.306968,23.6955],[121.307163,23.695593],[121.306964,23.695771],[121.306955,23.696494],[121.306856,23.696583],[121.306267,23.696576],[121.306167,23.696756],[121.305481,23.696748],[121.304191,23.697908],[121.304185,23.69836],[121.303988,23.698448],[121.303982,23.698899],[121.303785,23.698987],[121.303781,23.699258],[121.303584,23.699346],[121.303676,23.699799],[121.303578,23.699798],[121.303576,23.699978],[121.303382,23.699796],[121.302985,23.700152],[121.302972,23.701146],[121.302675,23.701413],[121.302086,23.701407],[121.301986,23.701586],[121.299535,23.701559],[121.299336,23.701738],[121.29914,23.701736],[121.299141,23.701645],[121.298846,23.701732],[121.298652,23.70155],[121.298651,23.70164],[121.298259,23.701636],[121.298159,23.701815],[121.298062,23.701724],[121.297963,23.701813],[121.297473,23.701717],[121.297378,23.701536],[121.297182,23.701533],[121.297081,23.701713],[121.296885,23.701711],[121.296588,23.701978],[121.296095,23.702154],[121.296093,23.702334],[121.296191,23.702335],[121.296179,23.703238],[121.295982,23.703326],[121.29588,23.703596],[121.296268,23.703961],[121.296265,23.704142],[121.296167,23.704141],[121.296063,23.704591],[121.295768,23.704678],[121.295764,23.704949],[121.295371,23.705035],[121.295268,23.705395],[121.29517,23.705394],[121.295461,23.705668],[121.295555,23.70594],[121.295261,23.705937],[121.295063,23.706115],[121.295057,23.706567],[121.29486,23.706655],[121.294957,23.706746],[121.294856,23.706926],[121.294563,23.706832],[121.294565,23.706652],[121.294763,23.706564],[121.294668,23.706292],[121.294276,23.706287],[121.294082,23.706105],[121.293983,23.706194],[121.293788,23.706101],[121.29349,23.706369],[121.293778,23.706914],[121.293975,23.706826],[121.293878,23.706734],[121.293978,23.706555],[121.294272,23.706558],[121.294173,23.706647],[121.294267,23.70701],[121.294756,23.707105],[121.294752,23.707376],[121.294654,23.707375],[121.294553,23.707645],[121.294843,23.707919],[121.294645,23.708097],[121.294354,23.707823],[121.294157,23.707911],[121.294254,23.708003],[121.294145,23.708814],[121.29385,23.708901],[121.29365,23.70917],[121.293454,23.709168],[121.293352,23.709438],[121.292758,23.709882],[121.292653,23.710423],[121.292456,23.710511],[121.292353,23.710871],[121.292057,23.711049],[121.291954,23.711409],[121.291657,23.711586],[121.291654,23.711857],[121.291456,23.711945],[121.291454,23.712126],[121.291256,23.712304],[121.29096,23.712391],[121.290858,23.712751],[121.290462,23.713018],[121.290557,23.713199],[121.290951,23.713113],[121.290554,23.71347],[121.290552,23.713651],[121.290355,23.713648],[121.290065,23.713374],[121.289964,23.713554],[121.289768,23.713552],[121.289173,23.714087],[121.289071,23.714357],[121.288776,23.714444],[121.288674,23.714713],[121.288281,23.714799],[121.288186,23.714527],[121.287895,23.714344],[121.287597,23.714611],[121.287689,23.715064],[121.287298,23.714969],[121.287299,23.714879],[121.2872,23.714968],[121.286711,23.714872],[121.28661,23.715052],[121.286415,23.714959],[121.286217,23.715138],[121.286215,23.715318],[121.28582,23.715495],[121.285818,23.715675],[121.285427,23.715581],[121.285227,23.715849],[121.285032,23.715757],[121.284834,23.715935],[121.285026,23.716208],[121.285222,23.71621],[121.285118,23.716661],[121.285704,23.716848],[121.285903,23.716669],[121.286009,23.716038],[121.286205,23.716041],[121.286503,23.715773],[121.286407,23.715591],[121.286506,23.715502],[121.286897,23.715597],[121.286899,23.715507],[121.287194,23.715419],[121.287193,23.71551],[121.28778,23.715607],[121.28768,23.715786],[121.288456,23.716427],[121.288549,23.716789],[121.288845,23.716702],[121.288646,23.71688],[121.288741,23.717152],[121.288542,23.717331],[121.288737,23.717423],[121.288936,23.717245],[121.288833,23.717605],[121.289123,23.717879],[121.289321,23.717791],[121.289127,23.717608],[121.289233,23.716977],[121.289525,23.717161],[121.289327,23.717339],[121.289323,23.71761],[121.289518,23.717703],[121.289516,23.717883],[121.289119,23.71824],[121.289216,23.718331],[121.289413,23.718243],[121.289407,23.718695],[121.289602,23.718787],[121.289596,23.719239],[121.289791,23.719331],[121.289786,23.719692],[121.289688,23.719691],[121.289783,23.719963],[121.289684,23.720052],[121.289877,23.720235],[121.290171,23.720238],[121.290559,23.720604],[121.290553,23.721055],[121.290748,23.721148],[121.290743,23.721509],[121.290546,23.721597],[121.290544,23.721777],[121.291416,23.7226],[121.29171,23.722603],[121.291806,23.722785],[121.2921,23.722788],[121.292196,23.72297],[121.292491,23.722883],[121.292494,23.722612],[121.292989,23.722256],[121.292992,23.722075],[121.292699,23.721982],[121.292698,23.722072],[121.292402,23.722159],[121.29231,23.721707],[121.292213,23.721615],[121.291918,23.721702],[121.291724,23.72152],[121.291827,23.72116],[121.291633,23.720977],[121.291829,23.720979],[121.292028,23.720801],[121.291835,23.720528],[121.292423,23.720534],[121.292323,23.720714],[121.292517,23.720896],[121.292713,23.720898],[121.292913,23.72063],[121.293207,23.720633],[121.293604,23.720276],[121.293898,23.720279],[121.293897,23.72037],[121.294192,23.720283],[121.293893,23.720641],[121.293699,23.720458],[121.293404,23.720545],[121.293301,23.720905],[121.293594,23.720998],[121.293297,23.721266],[121.293391,23.721538],[121.293098,23.721444],[121.2929,23.721623],[121.29309,23.722076],[121.293388,23.721809],[121.293285,23.722169],[121.29348,23.722261],[121.293477,23.722442],[121.29318,23.72271],[121.293375,23.722802],[121.293475,23.722623],[121.293671,23.722625],[121.293865,23.722807],[121.293851,23.723891],[121.293654,23.723979],[121.293643,23.724792],[121.293247,23.725058],[121.293239,23.72569],[121.292843,23.725957],[121.292838,23.726318],[121.293525,23.726325],[121.293527,23.726145],[121.29392,23.726149],[121.293922,23.725969],[121.29451,23.725975],[121.294513,23.725794],[121.294905,23.725799],[121.294903,23.725979],[121.295491,23.725986],[121.295685,23.726169],[121.296077,23.726173],[121.295978,23.726262]],[[121.3052,23.718507],[121.305103,23.718416],[121.305201,23.718417],[121.3052,23.718507]],[[121.29365,23.70917],[121.293747,23.709261],[121.293649,23.70926],[121.29365,23.70917]],[[121.285326,23.71576],[121.285423,23.715851],[121.285325,23.71585],[121.285326,23.71576]],[[121.285222,23.71621],[121.285321,23.716121],[121.28532,23.716211],[121.285222,23.71621]],[[121.289334,23.716798],[121.289432,23.716799],[121.289429,23.716979],[121.289331,23.716978],[121.289334,23.716798]],[[121.289432,23.716799],[121.289531,23.71671],[121.28953,23.7168],[121.289432,23.716799]],[[121.2924,23.72234],[121.292302,23.722339],[121.292304,23.722158],[121.292402,23.722159],[121.2924,23.72234]],[[121.291833,23.720708],[121.291538,23.720705],[121.291438,23.720884],[121.291243,23.720792],[121.291344,23.720612],[121.291834,23.720618],[121.291833,23.720708]],[[121.294193,23.720192],[121.294391,23.720104],[121.294486,23.720286],[121.294289,23.720374],[121.294193,23.720192]],[[121.293594,23.720998],[121.293694,23.720909],[121.293692,23.721],[121.293594,23.720998]],[[121.296077,23.726173],[121.296176,23.726084],[121.296175,23.726174],[121.296077,23.726173]],[[121.296176,23.726084],[121.296276,23.725994],[121.296274,23.726085],[121.296176,23.726084]],[[121.296765,23.72609],[121.296668,23.725999],[121.296766,23.726],[121.296765,23.72609]],[[121.30108,23.726138],[121.300983,23.726046],[121.301081,23.726047],[121.30108,23.726138]],[[121.295595,23.725535],[121.295788,23.725809],[121.29559,23.725897],[121.295595,23.725535]],[[121.29648,23.725365],[121.296574,23.725637],[121.296869,23.72564],[121.29687,23.72555],[121.297066,23.725552],[121.297065,23.725642],[121.296571,23.725907],[121.296476,23.725635],[121.296281,23.725543],[121.29648,23.725365]],[[121.296281,23.725543],[121.296182,23.725632],[121.296183,23.725542],[121.296281,23.725543]],[[121.295004,23.72571],[121.2952,23.725712],[121.295199,23.725802],[121.295003,23.7258],[121.295004,23.72571]],[[121.294808,23.725707],[121.294809,23.725617],[121.295005,23.725619],[121.295004,23.72571],[121.294808,23.725707]],[[121.294712,23.725526],[121.29471,23.725706],[121.294612,23.725705],[121.294516,23.725524],[121.294712,23.725526]],[[121.300889,23.725684],[121.300892,23.725503],[121.301186,23.725507],[121.301184,23.725687],[121.300889,23.725684]],[[121.296085,23.725541],[121.295988,23.72545],[121.296086,23.725451],[121.296085,23.725541]],[[121.294321,23.725431],[121.294224,23.72534],[121.294322,23.725341],[121.294321,23.725431]],[[121.295916,23.723462],[121.295826,23.722829],[121.29602,23.723012],[121.296315,23.722925],[121.296313,23.723105],[121.296508,23.723198],[121.296306,23.723647],[121.296404,23.723648],[121.296398,23.7241],[121.296593,23.724192],[121.296494,23.724281],[121.296584,23.724914],[121.296876,23.725098],[121.296969,23.72546],[121.296386,23.725002],[121.296293,23.72464],[121.295904,23.724365],[121.296006,23.724095],[121.295715,23.723821],[121.295818,23.723461],[121.295916,23.723462]],[[121.295714,23.723911],[121.295616,23.72391],[121.295614,23.724091],[121.295807,23.724274],[121.295708,23.724363],[121.295702,23.724814],[121.295604,23.724813],[121.2957,23.724995],[121.295504,23.724993],[121.295608,23.724542],[121.295315,23.724449],[121.295317,23.724268],[121.295415,23.724269],[121.29552,23.723729],[121.295714,23.723911]],[[121.293832,23.725335],[121.293833,23.725245],[121.294029,23.725247],[121.294028,23.725338],[121.293832,23.725335]],[[121.2956,23.725174],[121.295793,23.725357],[121.295597,23.725355],[121.2956,23.725174]],[[121.300996,23.725053],[121.301095,23.724964],[121.301093,23.725144],[121.300601,23.725229],[121.300605,23.724959],[121.300996,23.725053]],[[121.29619,23.725],[121.296093,23.724909],[121.296192,23.72491],[121.29619,23.725]],[[121.296884,23.724466],[121.296786,23.724465],[121.296788,23.724284],[121.296885,23.724376],[121.297084,23.724197],[121.297278,23.72429],[121.296978,23.724738],[121.29688,23.724737],[121.296884,23.724466]],[[121.296788,23.724284],[121.296691,23.724193],[121.296789,23.724194],[121.296788,23.724284]],[[121.297278,23.72429],[121.297378,23.724201],[121.297377,23.724291],[121.297278,23.72429]],[[121.297078,23.724649],[121.297175,23.72474],[121.297076,23.724739],[121.297078,23.724649]],[[121.302285,23.723984],[121.301897,23.723618],[121.301899,23.723438],[121.302098,23.723259],[121.302294,23.723261],[121.302681,23.723627],[121.302679,23.723807],[121.302481,23.723986],[121.302285,23.723984]],[[121.296605,23.723289],[121.296607,23.723109],[121.296705,23.72311],[121.296703,23.72329],[121.296605,23.723289]],[[121.296706,23.723019],[121.29661,23.722928],[121.296708,23.722929],[121.296706,23.723019]],[[121.297107,23.722392],[121.297399,23.722575],[121.297298,23.722755],[121.297102,23.722753],[121.296908,23.72257],[121.296613,23.722657],[121.296617,23.722386],[121.296812,23.722479],[121.296914,23.722119],[121.297012,23.72212],[121.297107,23.722392]],[[121.296816,23.722118],[121.296821,23.721756],[121.296919,23.721758],[121.296914,23.722119],[121.296816,23.722118]],[[121.297495,23.722757],[121.297497,23.722577],[121.297595,23.722578],[121.297593,23.722758],[121.297495,23.722757]],[[121.298381,23.722496],[121.298383,23.722315],[121.298581,23.722137],[121.298974,23.722141],[121.299168,23.722324],[121.299165,23.722505],[121.298967,23.722683],[121.298574,23.722679],[121.298381,23.722496]],[[121.303188,23.722368],[121.303186,23.722549],[121.302893,23.722455],[121.302894,23.722365],[121.303188,23.722368]],[[121.293389,23.721719],[121.293292,23.721627],[121.29339,23.721628],[121.293389,23.721719]],[[121.296331,23.721751],[121.296333,23.72157],[121.296431,23.721572],[121.296429,23.721752],[121.296331,23.721751]],[[121.298588,23.721595],[121.298591,23.721415],[121.298789,23.721236],[121.298985,23.721238],[121.299179,23.721421],[121.299177,23.721602],[121.298978,23.72178],[121.298782,23.721778],[121.298588,23.721595]],[[121.293684,23.721632],[121.293587,23.72154],[121.293685,23.721541],[121.293684,23.721632]],[[121.295454,23.72129],[121.295648,23.721473],[121.295452,23.72147],[121.295454,23.72129]],[[121.29653,23.721482],[121.296143,23.721117],[121.296339,23.721119],[121.296438,23.72103],[121.296344,23.720758],[121.29654,23.72076],[121.29653,23.721482]],[[121.297121,23.721308],[121.297119,23.721489],[121.297021,23.721488],[121.297023,23.721307],[121.297121,23.721308]],[[121.297123,23.721128],[121.297025,23.721127],[121.297029,23.720856],[121.297416,23.721221],[121.297121,23.721308],[121.297123,23.721128]],[[121.297315,23.721491],[121.297316,23.721401],[121.297512,23.721403],[121.297511,23.721493],[121.297315,23.721491]],[[121.294375,23.721278],[121.294474,23.721189],[121.294473,23.721279],[121.294375,23.721278]],[[121.294376,23.721188],[121.29428,23.721096],[121.294378,23.721097],[121.294376,23.721188]],[[121.291043,23.721061],[121.291046,23.72088],[121.291144,23.720881],[121.291142,23.721062],[121.291043,23.721061]],[[121.29526,23.721107],[121.295163,23.721016],[121.295261,23.721017],[121.29526,23.721107]],[[121.295849,23.721114],[121.295752,23.721022],[121.29585,23.721023],[121.295849,23.721114]],[[121.294478,23.720918],[121.294381,23.720827],[121.294479,23.720828],[121.294478,23.720918]],[[121.295263,23.720927],[121.295166,23.720835],[121.295264,23.720836],[121.295263,23.720927]],[[121.295949,23.720934],[121.295952,23.720663],[121.296051,23.720664],[121.296047,23.720935],[121.295949,23.720934]],[[121.291147,23.72061],[121.291145,23.720791],[121.290852,23.720697],[121.290853,23.720607],[121.291147,23.72061]],[[121.29546,23.720838],[121.295363,23.720747],[121.295461,23.720748],[121.29546,23.720838]],[[121.292716,23.720628],[121.29262,23.720536],[121.292718,23.720537],[121.292716,23.720628]],[[121.296347,23.720487],[121.296445,23.720488],[121.296443,23.720669],[121.296345,23.720668],[121.296347,23.720487]],[[121.296249,23.720486],[121.296352,23.720126],[121.296549,23.720038],[121.296546,23.720309],[121.296249,23.720486]],[[121.296352,23.720126],[121.296255,23.720035],[121.296353,23.720036],[121.296352,23.720126]],[[121.29772,23.720502],[121.297718,23.720683],[121.29762,23.720682],[121.297524,23.7205],[121.29772,23.720502]],[[121.29527,23.720385],[121.295271,23.720295],[121.295468,23.720206],[121.295466,23.720387],[121.295169,23.720564],[121.295073,23.720383],[121.29527,23.720385]],[[121.298013,23.720596],[121.297916,23.720504],[121.298014,23.720505],[121.298013,23.720596]],[[121.295662,23.720389],[121.295759,23.720481],[121.295661,23.720479],[121.295662,23.720389]],[[121.29576,23.72039],[121.295859,23.720301],[121.295858,23.720391],[121.29576,23.72039]],[[121.291053,23.720338],[121.291054,23.720248],[121.291348,23.720251],[121.291347,23.720342],[121.291053,23.720338]],[[121.292622,23.720356],[121.292525,23.720264],[121.292623,23.720265],[121.292622,23.720356]],[[121.29321,23.720362],[121.293113,23.720271],[121.293211,23.720272],[121.29321,23.720362]],[[121.294981,23.71993],[121.295175,23.720113],[121.294978,23.720201],[121.294981,23.71993]],[[121.293999,23.72001],[121.294099,23.71992],[121.294098,23.720011],[121.293999,23.72001]],[[121.293903,23.719918],[121.293807,23.719737],[121.294102,23.71965],[121.294008,23.719378],[121.294302,23.719381],[121.294301,23.719471],[121.294498,23.719383],[121.294491,23.719925],[121.294297,23.719742],[121.294101,23.71974],[121.293903,23.719918]],[[121.295374,23.719935],[121.295375,23.719844],[121.295669,23.719847],[121.295668,23.719938],[121.295374,23.719935]],[[121.295962,23.719941],[121.295865,23.71985],[121.295963,23.719851],[121.295962,23.719941]],[[121.296455,23.719766],[121.296354,23.719945],[121.296061,23.719852],[121.296062,23.719761],[121.296455,23.719766]],[[121.296943,23.719952],[121.296944,23.719862],[121.29714,23.719864],[121.297139,23.719954],[121.296943,23.719952]],[[121.295082,23.719751],[121.294985,23.719659],[121.295083,23.71966],[121.295082,23.719751]],[[121.296848,23.71968],[121.29685,23.719499],[121.296948,23.7195],[121.296946,23.719681],[121.296848,23.71968]],[[121.296282,23.717958],[121.296578,23.717781],[121.296483,23.717599],[121.296681,23.717421],[121.296974,23.717514],[121.297075,23.717335],[121.297369,23.717338],[121.297567,23.717159],[121.297664,23.717251],[121.298058,23.717165],[121.297856,23.717614],[121.297459,23.717971],[121.297456,23.718151],[121.297258,23.71833],[121.296766,23.718415],[121.296662,23.718865],[121.296465,23.718953],[121.296659,23.719136],[121.296657,23.719317],[121.295968,23.71949],[121.295873,23.719218],[121.296367,23.718952],[121.296178,23.718408],[121.295983,23.718316],[121.295984,23.718226],[121.29628,23.718139],[121.296282,23.717958]],[[121.296072,23.719039],[121.295975,23.718948],[121.296073,23.718949],[121.296072,23.719039]],[[121.295984,23.718226],[121.295887,23.718134],[121.295985,23.718135],[121.295984,23.718226]],[[121.293056,23.71711],[121.292761,23.717197],[121.292661,23.717376],[121.293049,23.717651],[121.292949,23.717831],[121.293144,23.717923],[121.293142,23.718104],[121.292647,23.71846],[121.292644,23.71864],[121.293326,23.719009],[121.293324,23.71919],[121.293125,23.719368],[121.292929,23.719366],[121.292833,23.719184],[121.292539,23.719181],[121.29254,23.719091],[121.292441,23.71918],[121.292344,23.719088],[121.291951,23.719174],[121.291661,23.71881],[121.291464,23.718898],[121.291558,23.71917],[121.29136,23.719348],[121.291164,23.719346],[121.291068,23.719165],[121.290575,23.71934],[121.290188,23.718974],[121.29019,23.718794],[121.290586,23.718527],[121.290592,23.718076],[121.290988,23.717809],[121.290991,23.717538],[121.291189,23.71745],[121.291191,23.71727],[121.291389,23.717091],[121.291394,23.71673],[121.291889,23.716374],[121.291991,23.716105],[121.292384,23.716019],[121.292485,23.715839],[121.292681,23.715841],[121.292873,23.716114],[121.293167,23.716118],[121.293361,23.7163],[121.293359,23.716481],[121.293062,23.716658],[121.29325,23.717292],[121.293056,23.71711]],[[121.29325,23.717292],[121.293347,23.717384],[121.293544,23.717296],[121.293451,23.716933],[121.293749,23.716666],[121.294336,23.716763],[121.294337,23.716672],[121.294829,23.716587],[121.294538,23.716313],[121.294547,23.715591],[121.294745,23.715503],[121.29465,23.715231],[121.294452,23.715409],[121.294255,23.715407],[121.29356,23.716122],[121.293364,23.71612],[121.293171,23.715847],[121.292975,23.715845],[121.292977,23.715664],[121.29327,23.715758],[121.293373,23.715397],[121.293669,23.71522],[121.293771,23.71495],[121.294066,23.714863],[121.294069,23.714683],[121.294361,23.714867],[121.294465,23.714416],[121.294661,23.714418],[121.294755,23.71469],[121.295151,23.714424],[121.294957,23.714241],[121.29496,23.714061],[121.295156,23.714063],[121.295553,23.713706],[121.295458,23.713434],[121.295556,23.713435],[121.295658,23.713165],[121.295463,23.713073],[121.295462,23.713163],[121.295166,23.71325],[121.295161,23.713611],[121.294964,23.713699],[121.294962,23.71388],[121.29467,23.713696],[121.294772,23.713426],[121.29487,23.713427],[121.294677,23.713154],[121.294971,23.713158],[121.295072,23.712978],[121.295268,23.71298],[121.295367,23.712891],[121.295271,23.712709],[121.295467,23.712712],[121.295469,23.712621],[121.295567,23.712622],[121.295564,23.712803],[121.295854,23.713167],[121.29615,23.71299],[121.296156,23.712539],[121.296355,23.71236],[121.296062,23.712267],[121.295961,23.712446],[121.295766,23.712354],[121.295666,23.712533],[121.29547,23.712531],[121.295473,23.71226],[121.295966,23.712085],[121.29587,23.711903],[121.295674,23.711901],[121.295574,23.712081],[121.29528,23.712077],[121.295478,23.711899],[121.295381,23.711808],[121.295483,23.711538],[121.295777,23.711541],[121.295678,23.71163],[121.295773,23.711812],[121.295969,23.711814],[121.29607,23.711635],[121.296266,23.711637],[121.29646,23.71182],[121.296562,23.711459],[121.296661,23.711461],[121.296658,23.711641],[121.296852,23.711824],[121.29715,23.711556],[121.297245,23.711738],[121.297541,23.711651],[121.297538,23.711831],[121.297732,23.712014],[121.297831,23.711925],[121.298027,23.711927],[121.298026,23.712017],[121.298419,23.712022],[121.29842,23.711931],[121.299007,23.712028],[121.299106,23.711939],[121.299201,23.712211],[121.2993,23.712122],[121.299494,23.712304],[121.299789,23.712217],[121.299687,23.712487],[121.299394,23.712394],[121.299195,23.712662],[121.299682,23.712939],[121.299678,23.713209],[121.29997,23.713393],[121.30016,23.713847],[121.299369,23.71438],[121.299562,23.714563],[121.299462,23.714742],[121.299365,23.714651],[121.29907,23.714738],[121.299164,23.71501],[121.298967,23.715098],[121.298764,23.715637],[121.298471,23.715544],[121.29837,23.715723],[121.298274,23.715632],[121.298076,23.71572],[121.298172,23.715902],[121.298467,23.715815],[121.29817,23.716082],[121.298066,23.716533],[121.297773,23.716439],[121.297676,23.716348],[121.297777,23.716078],[121.297386,23.715984],[121.297291,23.715802],[121.297095,23.7158],[121.296896,23.715978],[121.296894,23.716159],[121.296992,23.71616],[121.29689,23.71643],[121.296694,23.716427],[121.296598,23.716246],[121.296107,23.716331],[121.296207,23.716151],[121.296601,23.716065],[121.297196,23.71553],[121.297491,23.715443],[121.297396,23.715261],[121.297297,23.71535],[121.297003,23.715257],[121.296308,23.715972],[121.295915,23.715967],[121.295516,23.716505],[121.295026,23.716499],[121.294923,23.716859],[121.294629,23.716856],[121.294231,23.717303],[121.293937,23.7173],[121.293834,23.71766],[121.29364,23.717477],[121.293345,23.717564],[121.293248,23.717473],[121.29325,23.717292]],[[121.293971,23.714682],[121.293973,23.714501],[121.294071,23.714502],[121.294069,23.714683],[121.293971,23.714682]],[[121.294957,23.714241],[121.294858,23.71433],[121.294859,23.71424],[121.294957,23.714241]],[[121.29467,23.713696],[121.294571,23.713785],[121.294572,23.713695],[121.29467,23.713696]],[[121.294568,23.713966],[121.294372,23.713964],[121.294371,23.714054],[121.294175,23.714052],[121.294375,23.713783],[121.294571,23.713785],[121.294568,23.713966]],[[121.29528,23.712077],[121.29518,23.712167],[121.295181,23.712076],[121.29528,23.712077]],[[121.29518,23.712167],[121.295081,23.712256],[121.295082,23.712166],[121.29518,23.712167]],[[121.295079,23.712436],[121.294981,23.712435],[121.294983,23.712255],[121.295081,23.712256],[121.295079,23.712436]],[[121.299687,23.712487],[121.299784,23.712579],[121.299686,23.712577],[121.299687,23.712487]],[[121.299882,23.71258],[121.29988,23.71276],[121.299782,23.712759],[121.299784,23.712579],[121.299882,23.71258]],[[121.299562,23.714563],[121.299662,23.714473],[121.29966,23.714564],[121.299562,23.714563]],[[121.297386,23.715984],[121.297287,23.716073],[121.297288,23.715982],[121.297386,23.715984]],[[121.296694,23.716427],[121.296595,23.716517],[121.296596,23.716426],[121.296694,23.716427]],[[121.296107,23.716331],[121.296008,23.71642],[121.296009,23.71633],[121.296107,23.716331]],[[121.298912,23.719341],[121.299009,23.719433],[121.298911,23.719432],[121.298912,23.719341]],[[121.29901,23.719342],[121.299109,23.719253],[121.299108,23.719344],[121.29901,23.719342]],[[121.299109,23.719253],[121.299209,23.719164],[121.299207,23.719254],[121.299109,23.719253]],[[121.295188,23.71912],[121.295089,23.719209],[121.295092,23.718938],[121.29519,23.718939],[121.295193,23.718759],[121.295389,23.718761],[121.295288,23.71894],[121.295385,23.719032],[121.295583,23.718944],[121.295775,23.719217],[121.295578,23.719305],[121.295579,23.719214],[121.295188,23.71912]],[[121.297248,23.719052],[121.297152,23.718961],[121.29725,23.718962],[121.297248,23.719052]],[[121.29452,23.717668],[121.294909,23.717943],[121.294904,23.718304],[121.294309,23.718839],[121.293524,23.718831],[121.293331,23.718648],[121.293333,23.718467],[121.293531,23.718289],[121.294022,23.718294],[121.294518,23.717848],[121.29452,23.717668]],[[121.294422,23.717667],[121.294325,23.717575],[121.294224,23.717845],[121.294026,23.717933],[121.294129,23.717573],[121.294425,23.717486],[121.294823,23.717039],[121.295116,23.717132],[121.295315,23.716864],[121.295511,23.716866],[121.295311,23.717225],[121.29482,23.717219],[121.294622,23.717398],[121.29462,23.717578],[121.294422,23.717667]],[[121.295196,23.718488],[121.29539,23.718671],[121.295194,23.718668],[121.295196,23.718488]],[[121.295684,23.718674],[121.295688,23.718403],[121.295786,23.718404],[121.295782,23.718675],[121.295684,23.718674]],[[121.289908,23.717888],[121.290009,23.717618],[121.289911,23.717617],[121.289915,23.717346],[121.289817,23.717345],[121.289819,23.717164],[121.289917,23.717165],[121.289824,23.716803],[121.290117,23.716897],[121.290013,23.717347],[121.290306,23.717441],[121.290203,23.717801],[121.290398,23.717893],[121.290396,23.718074],[121.290197,23.718252],[121.290001,23.71825],[121.290002,23.71816],[121.289707,23.718247],[121.28981,23.717887],[121.289908,23.717888]],[[121.295989,23.717864],[121.295888,23.718044],[121.295694,23.717951],[121.295695,23.717861],[121.295989,23.717864]],[[121.29383,23.717931],[121.293733,23.71784],[121.293832,23.717841],[121.29383,23.717931]],[[121.305598,23.71806],[121.3056,23.71788],[121.305698,23.717881],[121.305696,23.718061],[121.305598,23.71806]],[[121.298833,23.717896],[121.298835,23.717715],[121.298933,23.717716],[121.298931,23.717897],[121.298833,23.717896]],[[121.293244,23.717744],[121.293147,23.717652],[121.293246,23.717654],[121.293244,23.717744]],[[121.295405,23.717497],[121.295107,23.717764],[121.29511,23.717584],[121.295405,23.717497]],[[121.295405,23.717497],[121.295604,23.717318],[121.295708,23.716868],[121.295906,23.71669],[121.296298,23.716694],[121.296492,23.716877],[121.296388,23.717327],[121.295897,23.717412],[121.295896,23.717502],[121.295405,23.717497]],[[121.306287,23.717887],[121.30619,23.717796],[121.306288,23.717797],[121.306287,23.717887]],[[121.306878,23.717623],[121.306974,23.717804],[121.306581,23.71789],[121.306583,23.71771],[121.306878,23.717623]],[[121.30041,23.717281],[121.300412,23.7171],[121.300608,23.717103],[121.300504,23.717553],[121.300208,23.71773],[121.300211,23.717459],[121.30041,23.717281]],[[121.299133,23.717448],[121.29913,23.717628],[121.299032,23.717627],[121.298937,23.717445],[121.299133,23.717448]],[[121.290506,23.717172],[121.290314,23.716809],[121.290708,23.716723],[121.290807,23.716633],[121.290711,23.716452],[121.291009,23.716184],[121.291205,23.716186],[121.291203,23.716367],[121.290907,23.716454],[121.291002,23.716726],[121.290805,23.716814],[121.2908,23.717175],[121.290601,23.717353],[121.290405,23.717351],[121.290408,23.717171],[121.290506,23.717172]],[[121.290994,23.717358],[121.290897,23.717266],[121.290995,23.717268],[121.290994,23.717358]],[[121.306002,23.717162],[121.306001,23.717252],[121.306097,23.717343],[121.305804,23.71725],[121.305806,23.71716],[121.306002,23.717162]],[[121.288938,23.717064],[121.288841,23.716973],[121.288939,23.716974],[121.288938,23.717064]],[[121.306393,23.717256],[121.306296,23.717165],[121.306394,23.717166],[121.306393,23.717256]],[[121.299235,23.717087],[121.299238,23.716907],[121.299336,23.716908],[121.299334,23.717089],[121.299235,23.717087]],[[121.29806,23.716984],[121.298159,23.716895],[121.298158,23.716985],[121.29806,23.716984]],[[121.297865,23.716892],[121.297867,23.716711],[121.297965,23.716712],[121.298061,23.716894],[121.297865,23.716892]],[[121.299923,23.717005],[121.300022,23.716916],[121.300021,23.717006],[121.299923,23.717005]],[[121.299728,23.716912],[121.29973,23.716732],[121.299632,23.716731],[121.299635,23.71655],[121.299928,23.716644],[121.299924,23.716914],[121.299728,23.716912]],[[121.303355,23.717042],[121.303454,23.716953],[121.303453,23.717043],[121.303355,23.717042]],[[121.303356,23.716952],[121.303259,23.716861],[121.303358,23.716862],[121.303356,23.716952]],[[121.288944,23.716613],[121.289138,23.716795],[121.288941,23.716793],[121.288944,23.716613]],[[121.298558,23.716358],[121.29846,23.716357],[121.298463,23.716176],[121.298658,23.716268],[121.298759,23.715999],[121.298955,23.716001],[121.298952,23.716272],[121.298755,23.71636],[121.298848,23.716722],[121.298652,23.71672],[121.298651,23.71681],[121.298553,23.716809],[121.298558,23.716358]],[[121.298848,23.716722],[121.298945,23.716813],[121.298847,23.716812],[121.298848,23.716722]],[[121.29052,23.716088],[121.290124,23.716355],[121.290219,23.716627],[121.289924,23.716624],[121.290028,23.716173],[121.290424,23.715907],[121.29052,23.716088]],[[121.290716,23.716091],[121.290715,23.716181],[121.290519,23.716179],[121.29052,23.716088],[121.290716,23.716091]],[[121.290613,23.716451],[121.290516,23.716359],[121.290614,23.71636],[121.290613,23.716451]],[[121.304244,23.716601],[121.304147,23.716509],[121.304245,23.71651],[121.304244,23.716601]],[[121.285617,23.716034],[121.285613,23.716305],[121.285417,23.716303],[121.28542,23.716122],[121.285617,23.716034]],[[121.288653,23.716339],[121.288556,23.716247],[121.288654,23.716248],[121.288653,23.716339]],[[121.297282,23.716434],[121.297186,23.716343],[121.297284,23.716344],[121.297282,23.716434]],[[121.29993,23.716463],[121.299932,23.716282],[121.30003,23.716284],[121.300028,23.716464],[121.29993,23.716463]],[[121.302677,23.716403],[121.30258,23.716312],[121.302678,23.716313],[121.302677,23.716403]],[[121.28895,23.716161],[121.288853,23.71607],[121.288951,23.716071],[121.28895,23.716161]],[[121.299638,23.716279],[121.299541,23.716188],[121.299639,23.716189],[121.299638,23.716279]],[[121.301994,23.716124],[121.302092,23.716126],[121.30209,23.716306],[121.301992,23.716305],[121.301994,23.716124]],[[121.301896,23.716123],[121.301899,23.715853],[121.301801,23.715851],[121.301804,23.715671],[121.301999,23.715763],[121.301994,23.716124],[121.301896,23.716123]],[[121.288365,23.715884],[121.288664,23.715526],[121.288958,23.715529],[121.288956,23.71571],[121.288856,23.715799],[121.288661,23.715707],[121.288463,23.715885],[121.288461,23.716066],[121.288168,23.715972],[121.288169,23.715882],[121.288365,23.715884]],[[121.289343,23.716075],[121.289442,23.715986],[121.289441,23.716076],[121.289343,23.716075]],[[121.289148,23.715983],[121.289151,23.715802],[121.289347,23.715805],[121.289344,23.715985],[121.289148,23.715983]],[[121.299934,23.716192],[121.299837,23.716101],[121.299935,23.716102],[121.299934,23.716192]],[[121.302387,23.716038],[121.302487,23.715949],[121.302485,23.71604],[121.302387,23.716038]],[[121.302291,23.715947],[121.302293,23.715767],[121.302391,23.715768],[121.302389,23.715948],[121.302291,23.715947]],[[121.289641,23.715808],[121.289544,23.715716],[121.289642,23.715717],[121.289641,23.715808]],[[121.290033,23.715812],[121.289936,23.715721],[121.290034,23.715722],[121.290033,23.715812]],[[121.290425,23.715816],[121.290328,23.715725],[121.290426,23.715726],[121.290425,23.715816]],[[121.300332,23.715745],[121.300329,23.715926],[121.300231,23.715925],[121.300136,23.715743],[121.300332,23.715745]],[[121.304549,23.715701],[121.304552,23.71552],[121.304748,23.715523],[121.304946,23.715344],[121.305152,23.714624],[121.305348,23.714626],[121.305647,23.714268],[121.305158,23.714173],[121.305056,23.714442],[121.304862,23.71426],[121.304468,23.714436],[121.304372,23.714254],[121.304568,23.714256],[121.304767,23.714078],[121.304963,23.71408],[121.304962,23.71417],[121.305061,23.714081],[121.305649,23.714088],[121.305745,23.714269],[121.305941,23.714271],[121.305446,23.714627],[121.305542,23.714809],[121.305836,23.714812],[121.30603,23.714995],[121.305827,23.715534],[121.30563,23.715532],[121.305437,23.71535],[121.305139,23.715617],[121.304945,23.715434],[121.304846,23.715524],[121.30504,23.715706],[121.304938,23.715976],[121.30484,23.715975],[121.304746,23.715703],[121.304549,23.715701]],[[121.289349,23.715624],[121.289252,23.715533],[121.28935,23.715534],[121.289349,23.715624]],[[121.289741,23.715628],[121.289644,23.715537],[121.289742,23.715538],[121.289741,23.715628]],[[121.299449,23.715735],[121.299352,23.715644],[121.29945,23.715645],[121.299449,23.715735]],[[121.303862,23.715784],[121.303765,23.715692],[121.303863,23.715693],[121.303862,23.715784]],[[121.290332,23.715454],[121.290429,23.715546],[121.290331,23.715545],[121.290332,23.715454]],[[121.29043,23.715455],[121.290529,23.715366],[121.290528,23.715456],[121.29043,23.715455]],[[121.288176,23.71534],[121.288273,23.715431],[121.288175,23.71543],[121.288176,23.71534]],[[121.288276,23.715161],[121.288572,23.715074],[121.288667,23.715255],[121.288274,23.715341],[121.288276,23.715161]],[[121.289843,23.715359],[121.28994,23.71545],[121.289842,23.715449],[121.289843,23.715359]],[[121.289943,23.715179],[121.290041,23.71518],[121.290039,23.715361],[121.289941,23.71536],[121.289943,23.715179]],[[121.289943,23.715179],[121.289846,23.715088],[121.28965,23.715085],[121.28955,23.715265],[121.289159,23.71517],[121.289058,23.71535],[121.288862,23.715348],[121.288865,23.715167],[121.289357,23.714992],[121.289358,23.714902],[121.289849,23.714907],[121.289946,23.714998],[121.289943,23.715179]],[[121.292982,23.715303],[121.292983,23.715213],[121.293179,23.715215],[121.293378,23.715036],[121.293375,23.715217],[121.292881,23.715482],[121.292786,23.715301],[121.292982,23.715303]],[[121.304066,23.715154],[121.304259,23.715427],[121.303965,23.715424],[121.303869,23.715242],[121.304066,23.715154]],[[121.304066,23.715154],[121.304165,23.715065],[121.304164,23.715155],[121.304066,23.715154]],[[121.288081,23.715068],[121.28808,23.715158],[121.287884,23.715156],[121.287885,23.715066],[121.288081,23.715068]],[[121.288081,23.715068],[121.288181,23.714979],[121.288179,23.715069],[121.288081,23.715068]],[[121.290239,23.715092],[121.290142,23.715001],[121.29024,23.715002],[121.290239,23.715092]],[[121.302986,23.715232],[121.302889,23.715141],[121.302987,23.715142],[121.302986,23.715232]],[[121.304359,23.715247],[121.30436,23.715157],[121.304556,23.715159],[121.304555,23.71525],[121.304359,23.715247]],[[121.291223,23.714832],[121.291222,23.714922],[121.291318,23.715014],[121.291025,23.71492],[121.291027,23.71483],[121.291223,23.714832]],[[121.299359,23.715102],[121.299362,23.714922],[121.29946,23.714923],[121.299457,23.715103],[121.299359,23.715102]],[[121.304753,23.715161],[121.304656,23.71507],[121.304754,23.715071],[121.304753,23.715161]],[[121.290243,23.714731],[121.290241,23.714911],[121.289948,23.714818],[121.289949,23.714728],[121.290243,23.714731]],[[121.292104,23.714932],[121.292007,23.714841],[121.292105,23.714842],[121.292104,23.714932]],[[121.293379,23.714946],[121.293381,23.714765],[121.293479,23.714767],[121.293477,23.714947],[121.293379,23.714946]],[[121.302694,23.715049],[121.302794,23.714959],[121.302793,23.71505],[121.302694,23.715049]],[[121.302598,23.714957],[121.3026,23.714777],[121.302698,23.714778],[121.302696,23.714958],[121.302598,23.714957]],[[121.3026,23.714777],[121.302503,23.714685],[121.302601,23.714686],[121.3026,23.714777]],[[121.302405,23.714684],[121.302407,23.714504],[121.302505,23.714505],[121.302503,23.714685],[121.302405,23.714684]],[[121.302407,23.714504],[121.30231,23.714412],[121.302408,23.714413],[121.302407,23.714504]],[[121.304169,23.714794],[121.304167,23.714974],[121.304068,23.714973],[121.303973,23.714792],[121.304169,23.714794]],[[121.304363,23.714977],[121.304266,23.714885],[121.304364,23.714886],[121.304363,23.714977]],[[121.290736,23.714556],[121.290636,23.714735],[121.290439,23.714733],[121.290442,23.714552],[121.290736,23.714556]],[[121.302992,23.714781],[121.303091,23.714692],[121.30309,23.714782],[121.302992,23.714781]],[[121.302895,23.71469],[121.302508,23.714324],[121.302415,23.713872],[121.302124,23.713688],[121.302126,23.713507],[121.301835,23.713233],[121.301639,23.713231],[121.301643,23.71296],[121.301353,23.712596],[121.301057,23.712773],[121.300955,23.713043],[121.300661,23.71304],[121.30037,23.712766],[121.30027,23.712945],[121.300562,23.713129],[121.300559,23.713309],[121.300461,23.713308],[121.300171,23.713034],[121.300173,23.712854],[121.299978,23.712761],[121.30008,23.712491],[121.299886,23.712309],[121.299985,23.71222],[121.30018,23.712312],[121.300279,23.712223],[121.300184,23.712041],[121.30038,23.712043],[121.300378,23.712134],[121.300577,23.711955],[121.30087,23.712049],[121.300969,23.711959],[121.300875,23.711688],[121.301072,23.711599],[121.301169,23.711691],[121.301066,23.712051],[121.301552,23.712417],[121.301748,23.71242],[121.301749,23.712329],[121.302238,23.712425],[121.302135,23.712785],[121.302426,23.713059],[121.302818,23.713063],[121.303012,23.713246],[121.303503,23.713161],[121.3036,23.713253],[121.303592,23.713885],[121.303395,23.713973],[121.303488,23.714335],[121.30339,23.714334],[121.303388,23.714514],[121.303094,23.714511],[121.302895,23.71469]],[[121.300559,23.713309],[121.300656,23.713401],[121.300558,23.7134],[121.300559,23.713309]],[[121.292111,23.71439],[121.292109,23.714571],[121.29152,23.714564],[121.291522,23.714474],[121.292012,23.714479],[121.292111,23.71439]],[[121.292207,23.714572],[121.292208,23.714482],[121.2926,23.714486],[121.292599,23.714576],[121.292207,23.714572]],[[121.29368,23.714408],[121.29358,23.714587],[121.293384,23.714585],[121.293386,23.714404],[121.29368,23.714408]],[[121.303582,23.714697],[121.303485,23.714606],[121.303583,23.714607],[121.303582,23.714697]],[[121.290051,23.714458],[121.289759,23.714274],[121.289859,23.714095],[121.290151,23.714278],[121.290051,23.714458]],[[121.29015,23.714369],[121.290247,23.71446],[121.290149,23.714459],[121.29015,23.714369]],[[121.293782,23.714138],[121.293879,23.714229],[121.294076,23.714141],[121.29417,23.714413],[121.293779,23.714318],[121.293782,23.714138]],[[121.299858,23.714476],[121.299761,23.714384],[121.299859,23.714385],[121.299858,23.714476]],[[121.290347,23.71428],[121.29035,23.7141],[121.290448,23.714101],[121.290445,23.714282],[121.290347,23.71428]],[[121.293191,23.714312],[121.293094,23.714221],[121.293192,23.714222],[121.293191,23.714312]],[[121.302212,23.714411],[121.302115,23.71432],[121.302214,23.714321],[121.302212,23.714411]],[[121.289466,23.71418],[121.289467,23.71409],[121.289663,23.714092],[121.289662,23.714183],[121.289466,23.71418]],[[121.303586,23.714336],[121.303589,23.714155],[121.303785,23.714158],[121.303782,23.714338],[121.303586,23.714336]],[[121.2929,23.714038],[121.292997,23.714129],[121.292899,23.714128],[121.2929,23.714038]],[[121.292998,23.714039],[121.293098,23.71395],[121.293096,23.71404],[121.292998,23.714039]],[[121.293487,23.714135],[121.293391,23.714043],[121.293489,23.714044],[121.293487,23.714135]],[[121.303882,23.714249],[121.303883,23.714159],[121.304177,23.714162],[121.304176,23.714252],[121.303882,23.714249]],[[121.290645,23.714013],[121.290548,23.713922],[121.290646,23.713923],[121.290645,23.714013]],[[121.292704,23.714036],[121.292607,23.713944],[121.292705,23.713945],[121.292704,23.714036]],[[121.293003,23.713678],[121.293002,23.713768],[121.292708,23.713765],[121.292707,23.713855],[121.292512,23.713763],[121.292513,23.713672],[121.293003,23.713678]],[[121.30428,23.713802],[121.304377,23.713893],[121.304574,23.713805],[121.304572,23.713986],[121.304277,23.713982],[121.30428,23.713802]],[[121.304574,23.713805],[121.304673,23.713716],[121.304672,23.713806],[121.304574,23.713805]],[[121.290747,23.713743],[121.290847,23.713564],[121.290945,23.713565],[121.290943,23.713745],[121.290747,23.713743]],[[121.290945,23.713565],[121.291044,23.713476],[121.291043,23.713566],[121.290945,23.713565]],[[121.291335,23.71375],[121.291337,23.713569],[121.291435,23.71357],[121.291433,23.713751],[121.291335,23.71375]],[[121.304967,23.713719],[121.304678,23.713355],[121.305071,23.713269],[121.305166,23.713541],[121.305265,23.713451],[121.305459,23.713634],[121.306244,23.713552],[121.306339,23.713824],[121.306242,23.713733],[121.304967,23.713719]],[[121.300555,23.713671],[121.300654,23.713581],[121.300653,23.713672],[121.300555,23.713671]],[[121.300556,23.71358],[121.300459,23.713489],[121.300557,23.71349],[121.300556,23.71358]],[[121.301145,23.713496],[121.301339,23.713679],[121.301143,23.713677],[121.301145,23.713496]],[[121.304282,23.713621],[121.304381,23.713532],[121.30438,23.713622],[121.304282,23.713621]],[[121.304283,23.713531],[121.304186,23.71344],[121.304284,23.713441],[121.304283,23.713531]],[[121.291341,23.713298],[121.291244,23.713207],[121.291342,23.713208],[121.291341,23.713298]],[[121.306052,23.713279],[121.306246,23.713462],[121.306049,23.71346],[121.306052,23.713279]],[[121.291637,23.713121],[121.29154,23.713029],[121.291638,23.713031],[121.291637,23.713121]],[[121.305074,23.713088],[121.305174,23.712909],[121.30537,23.712911],[121.305367,23.713182],[121.305074,23.713088]],[[121.305857,23.713187],[121.30576,23.713096],[121.305858,23.713097],[121.305857,23.713187]],[[121.294881,23.712525],[121.294879,23.712705],[121.294682,23.712793],[121.294684,23.712613],[121.294881,23.712525]],[[121.304492,23.71254],[121.30449,23.71272],[121.304196,23.712717],[121.304197,23.712627],[121.304492,23.71254]],[[121.304882,23.712725],[121.304785,23.712633],[121.304883,23.712634],[121.304882,23.712725]],[[121.292136,23.712494],[121.292039,23.712403],[121.292137,23.712404],[121.292136,23.712494]],[[121.305473,23.712551],[121.305572,23.712461],[121.305571,23.712552],[121.305473,23.712551]],[[121.305376,23.712459],[121.30528,23.712278],[121.305574,23.712281],[121.305573,23.712371],[121.305376,23.712459]],[[121.292236,23.712315],[121.292139,23.712223],[121.292237,23.712225],[121.292236,23.712315]],[[121.29253,23.712318],[121.292433,23.712227],[121.292532,23.712228],[121.29253,23.712318]],[[121.304984,23.712455],[121.304887,23.712364],[121.304985,23.712365],[121.304984,23.712455]],[[121.293614,23.711969],[121.293517,23.711877],[121.293615,23.711879],[121.293614,23.711969]],[[121.301556,23.712056],[121.301267,23.711692],[121.301561,23.711695],[121.301556,23.712056]],[[121.299403,23.711762],[121.299306,23.71167],[121.299404,23.711671],[121.299403,23.711762]],[[121.307149,23.711847],[121.30715,23.711756],[121.307346,23.711758],[121.307345,23.711849],[121.307149,23.711847]],[[121.301953,23.711699],[121.301856,23.711608],[121.301954,23.711609],[121.301953,23.711699]],[[121.293914,23.711521],[121.293916,23.71134],[121.294014,23.711341],[121.294012,23.711522],[121.293914,23.711521]],[[121.296565,23.711279],[121.296369,23.711277],[121.296267,23.711547],[121.296169,23.711545],[121.296173,23.711275],[121.296371,23.711096],[121.296565,23.711279]],[[121.296273,23.711095],[121.296176,23.711004],[121.29618,23.710733],[121.296473,23.710826],[121.29647,23.711007],[121.296273,23.711095]],[[121.309407,23.711691],[121.30931,23.711599],[121.309408,23.7116],[121.309407,23.711691]],[[121.29549,23.710996],[121.295688,23.710818],[121.295884,23.71082],[121.29598,23.711002],[121.295485,23.711357],[121.29549,23.710996]],[[121.303624,23.711447],[121.303625,23.711357],[121.303821,23.711359],[121.30382,23.711449],[121.303624,23.711447]],[[121.305977,23.711473],[121.30588,23.711381],[121.305978,23.711382],[121.305977,23.711473]],[[121.300096,23.711227],[121.299999,23.711136],[121.300097,23.711137],[121.300096,23.711227]],[[121.304999,23.711281],[121.305098,23.711192],[121.305097,23.711282],[121.304999,23.711281]],[[121.304804,23.711189],[121.304805,23.711099],[121.304611,23.710916],[121.304807,23.710918],[121.305001,23.711101],[121.305,23.711191],[121.304804,23.711189]],[[121.296763,23.711101],[121.296666,23.711009],[121.296764,23.71101],[121.296763,23.711101]],[[121.308432,23.711229],[121.308335,23.711137],[121.308433,23.711138],[121.308432,23.711229]],[[121.297353,23.711017],[121.297355,23.710836],[121.297453,23.710837],[121.297451,23.711018],[121.297353,23.711017]],[[121.303728,23.710996],[121.303825,23.711088],[121.303726,23.711087],[121.303728,23.710996]],[[121.303829,23.710727],[121.304122,23.71082],[121.304218,23.711002],[121.303826,23.710998],[121.303829,23.710727]],[[121.306281,23.710754],[121.306572,23.710937],[121.30657,23.711118],[121.306277,23.711024],[121.306281,23.710754]],[[121.293532,23.710704],[121.293732,23.710435],[121.294024,23.710619],[121.293824,23.710888],[121.293532,23.710704]],[[121.296864,23.710921],[121.296767,23.71083],[121.296865,23.710831],[121.296864,23.710921]],[[121.307356,23.711036],[121.307259,23.710945],[121.307357,23.710946],[121.307356,23.711036]],[[121.3052,23.710922],[121.305103,23.710831],[121.305201,23.710832],[121.3052,23.710922]],[[121.298827,23.710762],[121.29873,23.710671],[121.298828,23.710672],[121.298827,23.710762]],[[121.305397,23.710834],[121.3053,23.710743],[121.305398,23.710744],[121.305397,23.710834]],[[121.305691,23.710837],[121.30579,23.710748],[121.305789,23.710838],[121.305691,23.710837]],[[121.305692,23.710747],[121.305595,23.710656],[121.305693,23.710657],[121.305692,23.710747]],[[121.295985,23.71064],[121.295888,23.710549],[121.295986,23.71055],[121.295985,23.71064]],[[121.306771,23.710759],[121.306578,23.710486],[121.30648,23.710485],[121.306386,23.710213],[121.30668,23.710216],[121.306677,23.710397],[121.306969,23.71058],[121.306967,23.710761],[121.306771,23.710759]],[[121.308144,23.710774],[121.308047,23.710683],[121.308145,23.710684],[121.308144,23.710774]],[[121.297457,23.710566],[121.297459,23.710386],[121.297557,23.710387],[121.297555,23.710567],[121.297457,23.710566]],[[121.303144,23.710629],[121.303047,23.710537],[121.303145,23.710539],[121.303144,23.710629]],[[121.304615,23.710645],[121.304518,23.710554],[121.304616,23.710555],[121.304615,23.710645]],[[121.307655,23.710678],[121.307656,23.710588],[121.307852,23.71059],[121.307851,23.71068],[121.307655,23.710678]],[[121.297262,23.710474],[121.297165,23.710383],[121.297263,23.710384],[121.297262,23.710474]],[[121.298252,23.709762],[121.298448,23.709765],[121.298445,23.709945],[121.298737,23.710129],[121.298438,23.710487],[121.297952,23.710211],[121.298249,23.709943],[121.298252,23.709762]],[[121.298052,23.710031],[121.297955,23.70994],[121.298053,23.709941],[121.298052,23.710031]],[[121.298929,23.710492],[121.298832,23.710401],[121.29893,23.710402],[121.298929,23.710492]],[[121.308048,23.710592],[121.307758,23.710228],[121.307562,23.710226],[121.307566,23.709955],[121.307371,23.709862],[121.307277,23.7095],[121.307084,23.709318],[121.306888,23.709315],[121.306597,23.709041],[121.306599,23.708861],[121.306987,23.709226],[121.307282,23.709139],[121.307572,23.709503],[121.307768,23.709506],[121.307862,23.709778],[121.307764,23.709776],[121.307663,23.710046],[121.307956,23.71014],[121.307953,23.71032],[121.308244,23.710594],[121.308048,23.710592]],[[121.301387,23.709977],[121.301284,23.710338],[121.301186,23.710336],[121.301191,23.709975],[121.301387,23.709977]],[[121.297854,23.71021],[121.297757,23.710118],[121.297855,23.710119],[121.297854,23.71021]],[[121.301581,23.71016],[121.301582,23.71007],[121.301876,23.710073],[121.301875,23.710163],[121.301581,23.71016]],[[121.305702,23.710025],[121.305895,23.710207],[121.305699,23.710205],[121.305702,23.710025]],[[121.305602,23.710114],[121.305505,23.710023],[121.305604,23.710024],[121.305602,23.710114]],[[121.30021,23.709965],[121.30031,23.709875],[121.300309,23.709966],[121.30021,23.709965]],[[121.300114,23.709873],[121.299629,23.709416],[121.299631,23.709236],[121.29973,23.709237],[121.299634,23.709055],[121.299435,23.709234],[121.29924,23.709141],[121.299245,23.70878],[121.299342,23.708871],[121.29954,23.708693],[121.299833,23.708787],[121.299929,23.708968],[121.300125,23.70897],[121.300416,23.709244],[121.30051,23.709516],[121.300707,23.709518],[121.300605,23.709788],[121.300312,23.709695],[121.300114,23.709873]],[[121.299533,23.709235],[121.299531,23.709415],[121.299433,23.709414],[121.299435,23.709234],[121.299533,23.709235]],[[121.29954,23.708693],[121.299444,23.708602],[121.299542,23.708603],[121.29954,23.708693]],[[121.303446,23.71],[121.303349,23.709909],[121.303447,23.70991],[121.303446,23.71]],[[121.306684,23.709855],[121.306878,23.710038],[121.306682,23.710036],[121.306684,23.709855]],[[121.300997,23.709793],[121.301094,23.709884],[121.300996,23.709883],[121.300997,23.709793]],[[121.301098,23.709613],[121.301392,23.709616],[121.301389,23.709797],[121.301192,23.709885],[121.301098,23.709613]],[[121.301783,23.709711],[121.301977,23.709894],[121.301781,23.709891],[121.301783,23.709711]],[[121.302467,23.709899],[121.302468,23.709809],[121.302664,23.709811],[121.302663,23.709901],[121.302467,23.709899]],[[121.297468,23.709663],[121.297372,23.709572],[121.29747,23.709573],[121.297468,23.709663]],[[121.299528,23.709686],[121.299431,23.709595],[121.299529,23.709596],[121.299528,23.709686]],[[121.305803,23.709755],[121.305804,23.709665],[121.306,23.709667],[121.305999,23.709757],[121.305803,23.709755]],[[121.297666,23.709575],[121.297569,23.709484],[121.297667,23.709485],[121.297666,23.709575]],[[121.305118,23.709657],[121.305021,23.709566],[121.305119,23.709567],[121.305118,23.709657]],[[121.303159,23.709455],[121.30316,23.709365],[121.303356,23.709367],[121.303355,23.709457],[121.303159,23.709455]],[[121.304141,23.709376],[121.303945,23.709373],[121.303947,23.709193],[121.304045,23.709194],[121.304141,23.709376]],[[121.303947,23.709193],[121.30385,23.709101],[121.303948,23.709103],[121.303947,23.709193]],[[121.306102,23.709397],[121.306005,23.709306],[121.306103,23.709307],[121.306102,23.709397]],[[121.304534,23.70929],[121.304535,23.709199],[121.30483,23.709203],[121.304828,23.709293],[121.304534,23.70929]],[[121.304926,23.709294],[121.304928,23.709204],[121.305222,23.709207],[121.305221,23.709297],[121.304926,23.709294]],[[121.305613,23.709301],[121.305713,23.709122],[121.305811,23.709123],[121.305809,23.709304],[121.305613,23.709301]],[[121.305814,23.708942],[121.30601,23.708945],[121.306009,23.709035],[121.305811,23.709123],[121.305814,23.708942]],[[121.306397,23.70931],[121.3063,23.709219],[121.306398,23.70922],[121.306397,23.70931]],[[121.30228,23.709175],[121.302281,23.709084],[121.302477,23.709086],[121.302476,23.709177],[121.30228,23.709175]],[[121.302574,23.709178],[121.302575,23.709088],[121.302772,23.70909],[121.30277,23.70918],[121.302574,23.709178]],[[121.295322,23.708827],[121.295419,23.708919],[121.295321,23.708917],[121.295322,23.708827]],[[121.29542,23.708828],[121.295519,23.708739],[121.295518,23.708829],[121.29542,23.708828]],[[121.302686,23.708095],[121.30288,23.708278],[121.303076,23.70828],[121.303658,23.708828],[121.303655,23.709009],[121.303365,23.708735],[121.302971,23.708821],[121.30307,23.708732],[121.302976,23.70846],[121.30278,23.708458],[121.302779,23.708548],[121.302584,23.708456],[121.302301,23.707549],[121.302791,23.707555],[121.302985,23.707738],[121.302686,23.708095]],[[121.30297,23.708911],[121.302774,23.708909],[121.302581,23.708636],[121.302777,23.708638],[121.30297,23.708911]],[[121.302885,23.707917],[121.302982,23.708008],[121.302884,23.708007],[121.302885,23.707917]],[[121.305132,23.708574],[121.30533,23.708395],[121.305919,23.708402],[121.306019,23.708222],[121.306312,23.708316],[121.306014,23.708583],[121.305623,23.708489],[121.305228,23.708755],[121.305323,23.708937],[121.305618,23.70894],[121.305616,23.709031],[121.305126,23.709025],[121.305132,23.708574]],[[121.29797,23.708766],[121.297973,23.708585],[121.298071,23.708587],[121.298068,23.708767],[121.29797,23.708766]],[[121.295325,23.708556],[121.29503,23.708643],[121.294836,23.708461],[121.295036,23.708192],[121.295232,23.708194],[121.29523,23.708375],[121.295328,23.708376],[121.295325,23.708556]],[[121.295232,23.708194],[121.295331,23.708105],[121.29533,23.708195],[121.295232,23.708194]],[[121.297485,23.708399],[121.297683,23.708221],[121.297775,23.708674],[121.297579,23.708671],[121.297583,23.708401],[121.297485,23.708399]],[[121.307483,23.70878],[121.307386,23.708689],[121.307484,23.70869],[121.307483,23.70878]],[[121.303758,23.708649],[121.303661,23.708558],[121.303759,23.708559],[121.303758,23.708649]],[[121.298072,23.708496],[121.297975,23.708405],[121.298073,23.708406],[121.298072,23.708496]],[[121.304053,23.708562],[121.304153,23.708473],[121.304151,23.708563],[121.304053,23.708562]],[[121.304054,23.708472],[121.303958,23.70838],[121.304056,23.708381],[121.304054,23.708472]],[[121.303958,23.70838],[121.303861,23.708289],[121.303959,23.70829],[121.303958,23.70838]],[[121.303861,23.708289],[121.303764,23.708198],[121.303862,23.708199],[121.303861,23.708289]],[[121.304642,23.708568],[121.304545,23.708477],[121.304643,23.708478],[121.304642,23.708568]],[[121.30474,23.708569],[121.304741,23.708479],[121.304937,23.708481],[121.304936,23.708572],[121.30474,23.708569]],[[121.308074,23.708606],[121.307588,23.708239],[121.30759,23.708059],[121.307887,23.707882],[121.308274,23.708247],[121.308272,23.708428],[121.308074,23.708606]],[[121.297976,23.708315],[121.297879,23.708223],[121.297977,23.708224],[121.297976,23.708315]],[[121.301311,23.708261],[121.301408,23.708352],[121.30131,23.708351],[121.301311,23.708261]],[[121.301411,23.708172],[121.301705,23.708175],[121.301703,23.708265],[121.301409,23.708262],[121.301411,23.708172]],[[121.302193,23.708361],[121.302292,23.708272],[121.302291,23.708362],[121.302193,23.708361]],[[121.302194,23.708271],[121.302097,23.708179],[121.302195,23.70818],[121.302194,23.708271]],[[121.303369,23.708374],[121.303468,23.708285],[121.303467,23.708375],[121.303369,23.708374]],[[121.30337,23.708284],[121.303274,23.708192],[121.303372,23.708193],[121.30337,23.708284]],[[121.305037,23.708302],[121.305134,23.708393],[121.305036,23.708392],[121.305037,23.708302]],[[121.305135,23.708303],[121.305235,23.708214],[121.305233,23.708304],[121.305135,23.708303]],[[121.305235,23.708214],[121.305334,23.708124],[121.305333,23.708215],[121.305235,23.708214]],[[121.304352,23.708204],[121.304255,23.708113],[121.304353,23.708114],[121.304352,23.708204]],[[121.304842,23.708209],[121.304846,23.707939],[121.304944,23.70794],[121.30504,23.708121],[121.304842,23.708209]],[[121.304846,23.707939],[121.304749,23.707847],[121.304847,23.707848],[121.304846,23.707939]],[[121.305041,23.708031],[121.30514,23.707942],[121.305139,23.708032],[121.305041,23.708031]],[[121.305922,23.708131],[121.305923,23.708041],[121.306119,23.708043],[121.306118,23.708133],[121.305922,23.708131]],[[121.306513,23.707957],[121.30661,23.708048],[121.306707,23.708139],[121.306511,23.708137],[121.306513,23.707957]],[[121.306709,23.707959],[121.306905,23.707961],[121.306904,23.708051],[121.306708,23.708049],[121.306709,23.707959]],[[121.307295,23.708146],[121.307198,23.708055],[121.307296,23.708056],[121.307295,23.708146]],[[121.297785,23.707951],[121.297688,23.70786],[121.297786,23.707861],[121.297785,23.707951]],[[121.302001,23.707998],[121.301904,23.707906],[121.302002,23.707907],[121.302001,23.707998]],[[121.295533,23.707656],[121.295532,23.707746],[121.295336,23.707744],[121.295337,23.707653],[121.295533,23.707656]],[[121.295533,23.707656],[121.295632,23.707566],[121.295732,23.707477],[121.295729,23.707658],[121.295533,23.707656]],[[121.30318,23.70783],[121.303083,23.707739],[121.303181,23.70774],[121.30318,23.70783]],[[121.305926,23.70786],[121.305829,23.707769],[121.305927,23.70777],[121.305926,23.70786]],[[121.306514,23.707866],[121.306417,23.707775],[121.306515,23.707776],[121.306514,23.707866]],[[121.295925,23.70766],[121.295926,23.70757],[121.296123,23.707572],[121.296121,23.707662],[121.295925,23.70766]],[[121.297592,23.707678],[121.297596,23.707407],[121.297694,23.707408],[121.29769,23.707679],[121.297592,23.707678]],[[121.299553,23.7077],[121.299653,23.707611],[121.299651,23.707701],[121.299553,23.7077]],[[121.299554,23.70761],[121.299458,23.707518],[121.299556,23.707519],[121.299554,23.70761]],[[121.302005,23.707727],[121.302006,23.707636],[121.302202,23.707639],[121.302201,23.707729],[121.302005,23.707727]],[[121.296615,23.707397],[121.296616,23.707306],[121.296322,23.707303],[121.296323,23.707213],[121.296817,23.706947],[121.296814,23.707218],[121.296615,23.707397]],[[121.296817,23.706947],[121.296916,23.706858],[121.296915,23.706948],[121.296817,23.706947]],[[121.299463,23.707067],[121.29956,23.707158],[121.299949,23.707433],[121.29946,23.707338],[121.299463,23.707067]],[[121.301735,23.705828],[121.301437,23.706095],[121.301632,23.706188],[121.30153,23.706548],[121.301823,23.706641],[121.301624,23.70682],[121.301818,23.707002],[121.301816,23.707183],[121.301716,23.707272],[121.301227,23.707176],[121.301226,23.707267],[121.300833,23.707353],[121.300736,23.707261],[121.300839,23.706901],[121.300547,23.706717],[121.300944,23.706361],[121.300849,23.706089],[121.301048,23.70591],[121.301244,23.705912],[121.301442,23.705734],[121.301444,23.705553],[121.301639,23.705646],[121.301838,23.705467],[121.301735,23.705828]],[[121.301642,23.705465],[121.301545,23.705374],[121.301644,23.705285],[121.301547,23.705193],[121.301549,23.705013],[121.301648,23.705014],[121.30165,23.704833],[121.301552,23.704832],[121.301656,23.704382],[121.301559,23.70429],[121.302055,23.703844],[121.302249,23.704027],[121.302245,23.704298],[121.302537,23.704482],[121.302533,23.704753],[121.302335,23.704931],[121.302139,23.704929],[121.302037,23.705199],[121.301642,23.705465]],[[121.305247,23.707221],[121.305249,23.70713],[121.304953,23.707217],[121.304663,23.706943],[121.30506,23.706586],[121.304866,23.706404],[121.304868,23.706223],[121.305067,23.706045],[121.305357,23.706319],[121.305553,23.706321],[121.305752,23.706142],[121.305945,23.706325],[121.305747,23.706504],[121.305744,23.706774],[121.30584,23.706866],[121.306038,23.706778],[121.306231,23.70696],[121.306032,23.707229],[121.305836,23.707227],[121.305637,23.707405],[121.305444,23.707223],[121.305247,23.707221]],[[121.2975,23.707226],[121.297501,23.707135],[121.297697,23.707138],[121.297696,23.707228],[121.2975,23.707226]],[[121.302305,23.707279],[121.302208,23.707187],[121.302306,23.707188],[121.302305,23.707279]],[[121.295736,23.707116],[121.295639,23.707025],[121.295737,23.707026],[121.295736,23.707116]],[[121.303188,23.707198],[121.303091,23.707107],[121.303189,23.707108],[121.303188,23.707198]],[[121.295447,23.706752],[121.29535,23.70666],[121.295448,23.706661],[121.295447,23.706752]],[[121.297311,23.706682],[121.297313,23.706501],[121.297411,23.706502],[121.297409,23.706683],[121.297311,23.706682]],[[121.297708,23.706325],[121.297902,23.706508],[121.297706,23.706506],[121.297708,23.706325]],[[121.296824,23.706406],[121.296727,23.706314],[121.296825,23.706315],[121.296824,23.706406]],[[121.301923,23.706462],[121.301826,23.70637],[121.301924,23.706371],[121.301923,23.706462]],[[121.297713,23.705964],[121.29771,23.706144],[121.297514,23.706142],[121.297515,23.706052],[121.297713,23.705964]],[[121.297518,23.705871],[121.297617,23.705782],[121.297616,23.705873],[121.297518,23.705871]],[[121.297519,23.705781],[121.297422,23.70569],[121.29752,23.705691],[121.297519,23.705781]],[[121.29791,23.705876],[121.297813,23.705784],[121.297911,23.705785],[121.29791,23.705876]],[[121.297626,23.70506],[121.297529,23.704969],[121.297627,23.70497],[121.297626,23.70506]],[[121.297145,23.704332],[121.297148,23.704152],[121.297246,23.704153],[121.297243,23.704333],[121.297145,23.704332]],[[121.298028,23.704342],[121.29803,23.704161],[121.298128,23.704163],[121.298126,23.704343],[121.298028,23.704342]],[[121.299698,23.704089],[121.299504,23.703907],[121.299507,23.703726],[121.299803,23.703549],[121.300286,23.704096],[121.300088,23.704274],[121.299894,23.704092],[121.299698,23.704089]],[[121.30107,23.704195],[121.301072,23.704014],[121.30117,23.704015],[121.301168,23.704196],[121.30107,23.704195]],[[121.299208,23.704084],[121.299111,23.703993],[121.299209,23.703994],[121.299208,23.704084]],[[121.297252,23.703701],[121.297348,23.703793],[121.297546,23.703705],[121.297444,23.703974],[121.297249,23.703882],[121.297252,23.703701]],[[121.302349,23.703848],[121.302252,23.703756],[121.30235,23.703757],[121.302349,23.703848]],[[121.296959,23.703608],[121.297055,23.703699],[121.296957,23.703698],[121.296959,23.703608]],[[121.297057,23.703609],[121.297158,23.703339],[121.297354,23.703341],[121.297155,23.70361],[121.297057,23.703609]],[[121.297355,23.703251],[121.29765,23.703254],[121.297647,23.703435],[121.297451,23.703433],[121.297355,23.703251]],[[121.301076,23.703743],[121.300979,23.703652],[121.301077,23.703653],[121.301076,23.703743]],[[121.301372,23.703566],[121.301374,23.703385],[121.301572,23.703297],[121.301574,23.703117],[121.30138,23.702934],[121.301677,23.702757],[121.301871,23.702939],[121.301672,23.703118],[121.301862,23.703571],[121.301664,23.70375],[121.301372,23.703566]],[[121.305292,23.70379],[121.305293,23.703699],[121.305489,23.703701],[121.305488,23.703792],[121.305292,23.70379]],[[121.299217,23.703362],[121.29912,23.70327],[121.299218,23.703271],[121.299217,23.703362]],[[121.303632,23.70323],[121.303535,23.703138],[121.303633,23.703139],[121.303632,23.70323]],[[121.297458,23.702891],[121.297361,23.7028],[121.297459,23.702801],[121.297458,23.702891]],[[121.297656,23.702803],[121.297658,23.702622],[121.297756,23.702623],[121.297754,23.702804],[121.297656,23.702803]],[[121.299622,23.702373],[121.299914,23.702557],[121.299715,23.702825],[121.299423,23.702642],[121.299622,23.702373]],[[121.299424,23.702551],[121.299327,23.70246],[121.299425,23.702461],[121.299424,23.702551]],[[121.299327,23.70246],[121.29923,23.702369],[121.299328,23.70237],[121.299327,23.70246]],[[121.297663,23.702261],[121.297664,23.702171],[121.29786,23.702173],[121.297757,23.702533],[121.297561,23.702531],[121.297563,23.70235],[121.297465,23.702349],[121.297466,23.702259],[121.297663,23.702261]],[[121.303641,23.702507],[121.303544,23.702416],[121.303642,23.702417],[121.303641,23.702507]],[[121.302859,23.702318],[121.302762,23.702227],[121.30286,23.702228],[121.302859,23.702318]],[[121.307077,23.702274],[121.30698,23.702183],[121.307078,23.702184],[121.307077,23.702274]],[[121.297371,23.702077],[121.29747,23.701988],[121.297469,23.702078],[121.297371,23.702077]],[[121.297176,23.701985],[121.297178,23.701804],[121.297374,23.701806],[121.297372,23.701987],[121.297176,23.701985]],[[121.300609,23.701932],[121.300512,23.701841],[121.30061,23.701842],[121.300609,23.701932]],[[121.306202,23.701632],[121.306402,23.701364],[121.306694,23.701547],[121.306494,23.701816],[121.306202,23.701632]],[[121.306889,23.70164],[121.306891,23.701459],[121.306989,23.70146],[121.306987,23.701641],[121.306889,23.70164]],[[121.303868,23.700162],[121.30387,23.699981],[121.303968,23.699983],[121.303966,23.700163],[121.303868,23.700162]],[[121.308392,23.699128],[121.308295,23.699037],[121.308393,23.699038],[121.308392,23.699128]],[[121.307256,23.695955],[121.307159,23.695864],[121.307257,23.695865],[121.307256,23.695955]]],[[[121.301354,23.712505],[121.301161,23.712323],[121.30106,23.712502],[121.301255,23.712595],[121.301354,23.712505]]],[[[121.29585,23.713438],[121.295655,23.713346],[121.295554,23.713616],[121.295749,23.713708],[121.29585,23.713438]]],[[[121.301213,23.72343],[121.300921,23.723246],[121.300926,23.722885],[121.301123,23.722797],[121.301126,23.722526],[121.301225,23.722527],[121.301131,23.722165],[121.301328,23.722077],[121.301135,23.721894],[121.300936,23.722073],[121.301032,23.722254],[121.300735,23.722432],[121.300732,23.722702],[121.300535,23.722791],[121.30053,23.723152],[121.300725,23.723244],[121.300721,23.723515],[121.300915,23.723698],[121.301111,23.7237],[121.301213,23.72343]]],[[[121.307002,23.723223],[121.306904,23.723222],[121.306906,23.723041],[121.3072,23.723135],[121.3073,23.722955],[121.307007,23.722862],[121.306911,23.72268],[121.306715,23.722678],[121.306424,23.722404],[121.306325,23.722493],[121.306422,23.722584],[121.306319,23.722944],[121.306804,23.723401],[121.307002,23.723223]]],[[[121.306581,23.725476],[121.306485,23.725294],[121.30678,23.725207],[121.306686,23.724935],[121.30649,23.724933],[121.306489,23.725023],[121.305509,23.724922],[121.305311,23.7251],[121.305308,23.725281],[121.305598,23.725645],[121.306382,23.725654],[121.306581,23.725476]]],[[[121.303313,23.727878],[121.303216,23.727786],[121.302726,23.727781],[121.302629,23.72769],[121.302632,23.727419],[121.30283,23.727331],[121.302734,23.727149],[121.302535,23.727328],[121.302241,23.727324],[121.302049,23.727051],[121.301851,23.727139],[121.301948,23.727231],[121.301942,23.727682],[121.301745,23.72777],[121.301841,23.727952],[121.302233,23.727956],[121.302329,23.728138],[121.303211,23.728148],[121.303311,23.728058],[121.303313,23.727878]]]]}},{"type":"Feature","properties":{"kind":"bare_dam","month":"2025-11","area_ha":132.0},"geometry":{"type":"MultiPolygon","coordinates":[[[[121.299763,23.699124],[121.300149,23.699579],[121.300048,23.699759],[121.300533,23.700216],[121.300331,23.700665],[121.300919,23.700671],[121.30092,23.700581],[121.301017,23.700673],[121.301704,23.70068],[121.301608,23.700498],[121.301806,23.70032],[121.302098,23.700504],[121.301998,23.700683],[121.302194,23.700685],[121.302294,23.700506],[121.302686,23.70051],[121.303579,23.699707],[121.303485,23.699435],[121.303781,23.699258],[121.303785,23.698987],[121.303982,23.698899],[121.303988,23.698448],[121.304185,23.69836],[121.304192,23.697818],[121.304388,23.69782],[121.305481,23.696748],[121.306167,23.696756],[121.306267,23.696576],[121.306856,23.696583],[121.306955,23.696494],[121.306964,23.695771],[121.307162,23.695683],[121.306968,23.6955],[121.30697,23.69532],[121.306774,23.695318],[121.306775,23.695227],[121.306971,23.69523],[121.306983,23.694327],[121.307975,23.693435],[121.308269,23.693438],[121.30837,23.693258],[121.308664,23.693261],[121.308373,23.692987],[121.308177,23.692985],[121.308179,23.692805],[121.308866,23.692812],[121.308867,23.692722],[121.309161,23.692725],[121.309261,23.692546],[121.309555,23.692549],[121.309556,23.692459],[121.310144,23.692555],[121.310244,23.692376],[121.310734,23.692381],[121.311528,23.691667],[121.311535,23.691126],[121.311732,23.691037],[121.311736,23.690767],[121.311933,23.690678],[121.311936,23.690408],[121.312034,23.690409],[121.31194,23.690137],[121.312335,23.68987],[121.312538,23.689331],[121.312833,23.689334],[121.313527,23.688709],[121.313533,23.688258],[121.313434,23.688347],[121.313237,23.688345],[121.313239,23.688255],[121.313139,23.688344],[121.313043,23.688252],[121.312551,23.688337],[121.312653,23.688068],[121.312458,23.687975],[121.312359,23.688064],[121.312454,23.688246],[121.312257,23.688334],[121.312258,23.688244],[121.311964,23.688241],[121.311868,23.688059],[121.311672,23.688057],[121.312565,23.687254],[121.312076,23.687158],[121.312176,23.686979],[121.311785,23.686884],[121.311495,23.68661],[121.311594,23.686521],[121.311498,23.686339],[121.311795,23.686162],[121.311505,23.685798],[121.311211,23.685794],[121.311013,23.685973],[121.31053,23.685426],[121.310234,23.685513],[121.310428,23.685696],[121.310426,23.685876],[121.310232,23.685693],[121.310133,23.685783],[121.309742,23.685688],[121.30964,23.685958],[121.309542,23.685957],[121.309736,23.68614],[121.309734,23.68632],[121.30954,23.686137],[121.309344,23.686135],[121.309144,23.686404],[121.308753,23.686309],[121.308654,23.686399],[121.308646,23.687031],[121.308249,23.687387],[121.307563,23.68738],[121.307562,23.68747],[121.307367,23.687378],[121.307267,23.687467],[121.307166,23.687737],[121.307264,23.687738],[121.307359,23.68801],[121.306675,23.687822],[121.306179,23.688268],[121.305982,23.688266],[121.305783,23.688534],[121.305292,23.688619],[121.30509,23.689069],[121.304796,23.689065],[121.304794,23.689156],[121.304598,23.689154],[121.304599,23.689063],[121.304108,23.689148],[121.304011,23.689057],[121.303911,23.689236],[121.303419,23.689321],[121.303119,23.689769],[121.302726,23.689855],[121.302329,23.690212],[121.301937,23.690208],[121.301743,23.690025],[121.301448,23.690112],[121.301449,23.690022],[121.301253,23.69002],[121.300865,23.689745],[121.300472,23.68974],[121.300471,23.689831],[121.300374,23.689739],[121.298708,23.689721],[121.298607,23.6899],[121.298018,23.689984],[121.297522,23.69043],[121.297514,23.691062],[121.297709,23.691155],[121.298006,23.690887],[121.298297,23.691161],[121.298396,23.691072],[121.298202,23.690889],[121.298304,23.69062],[121.298109,23.690527],[121.298111,23.690347],[121.29831,23.690168],[121.298996,23.690176],[121.299096,23.689996],[121.299587,23.690002],[121.299588,23.689911],[121.299981,23.689825],[121.300272,23.690099],[121.300171,23.690279],[121.300268,23.69037],[121.300367,23.690281],[121.300758,23.690376],[121.301049,23.69065],[121.301143,23.690922],[121.301341,23.690833],[121.301244,23.690742],[121.301442,23.690564],[121.301347,23.690382],[121.301739,23.690386],[121.301738,23.690477],[121.302227,23.690572],[121.302224,23.690753],[121.302418,23.690936],[121.302713,23.690849],[121.302809,23.69103],[121.303005,23.691032],[121.303296,23.691306],[121.302997,23.691664],[121.3029,23.691573],[121.302507,23.691659],[121.302411,23.691477],[121.301233,23.691555],[121.301235,23.691464],[121.30094,23.691461],[121.300845,23.69128],[121.300646,23.691458],[121.300352,23.691455],[121.300062,23.691181],[121.300162,23.691001],[121.299968,23.690818],[121.299675,23.690725],[121.299575,23.690904],[121.299379,23.690902],[121.29938,23.690812],[121.298989,23.690717],[121.298691,23.690985],[121.298885,23.691168],[121.298978,23.69153],[121.299567,23.691536],[121.299565,23.691627],[121.300154,23.691633],[121.300153,23.691723],[121.300644,23.691639],[121.300741,23.69173],[121.30064,23.691909],[121.300444,23.691907],[121.300446,23.691817],[121.300248,23.691905],[121.30044,23.692268],[121.300244,23.692266],[121.299946,23.692534],[121.300235,23.692898],[121.300433,23.69281],[121.300338,23.692538],[121.300534,23.69254],[121.300533,23.692631],[121.300828,23.692544],[121.301022,23.692726],[121.300824,23.692905],[121.300918,23.693177],[121.300622,23.693354],[121.300619,23.693535],[121.300039,23.692896],[121.299547,23.693071],[121.298966,23.692523],[121.298968,23.692343],[121.299164,23.692345],[121.299165,23.692254],[121.299361,23.692257],[121.299554,23.69253],[121.299751,23.692441],[121.299753,23.692261],[121.299464,23.691896],[121.299167,23.692074],[121.299169,23.691984],[121.298973,23.691981],[121.298976,23.691711],[121.298685,23.691436],[121.298586,23.691526],[121.298293,23.691432],[121.298294,23.691342],[121.298098,23.69134],[121.298097,23.69143],[121.297804,23.691336],[121.297705,23.691426],[121.297996,23.6917],[121.297797,23.691878],[121.297986,23.692422],[121.298083,23.692513],[121.298378,23.692426],[121.298375,23.692697],[121.29857,23.69279],[121.298565,23.693151],[121.298368,23.693239],[121.29856,23.693512],[121.298064,23.693958],[121.298161,23.694049],[121.297963,23.694228],[121.298059,23.694409],[121.297764,23.694406],[121.297566,23.694585],[121.297562,23.694855],[121.297757,23.694948],[121.297657,23.695127],[121.297852,23.69522],[121.297848,23.695491],[121.29765,23.695669],[121.297942,23.695853],[121.297938,23.696124],[121.298133,23.696216],[121.29853,23.695859],[121.298434,23.695678],[121.298732,23.69541],[121.299025,23.695504],[121.299026,23.695413],[121.299419,23.695327],[121.29971,23.695601],[121.29961,23.695781],[121.300291,23.69615],[121.299894,23.696506],[121.299989,23.696778],[121.299791,23.696957],[121.299595,23.696955],[121.299401,23.696772],[121.299404,23.696501],[121.299602,23.696413],[121.299604,23.696232],[121.299215,23.695957],[121.298921,23.695954],[121.298821,23.696133],[121.299111,23.696408],[121.298814,23.696675],[121.299298,23.697132],[121.299002,23.697309],[121.298809,23.697036],[121.298418,23.696942],[121.29822,23.69712],[121.298217,23.697301],[121.297921,23.697478],[121.298016,23.69766],[121.297719,23.697927],[121.296934,23.697919],[121.296536,23.698366],[121.29634,23.698364],[121.296339,23.698454],[121.295948,23.698359],[121.295848,23.698539],[121.296041,23.698722],[121.295745,23.698899],[121.295649,23.698717],[121.295355,23.698714],[121.295066,23.69835],[121.294868,23.698438],[121.294964,23.698619],[121.294766,23.698798],[121.294373,23.698794],[121.294278,23.698612],[121.294082,23.69861],[121.293888,23.698427],[121.293891,23.698156],[121.294582,23.697803],[121.294389,23.69762],[121.294489,23.69744],[121.293809,23.696981],[121.29391,23.696712],[121.293617,23.696618],[121.293522,23.696436],[121.293324,23.696524],[121.293132,23.696251],[121.292838,23.696248],[121.29254,23.696516],[121.292437,23.696876],[121.292728,23.69715],[121.292529,23.697328],[121.292334,23.697236],[121.292327,23.697778],[121.292625,23.69751],[121.292919,23.697513],[121.293112,23.697786],[121.293308,23.697788],[121.293502,23.697971],[121.293003,23.698598],[121.292809,23.698415],[121.292514,23.698502],[121.292708,23.698685],[121.292702,23.699136],[121.293187,23.699503],[121.293184,23.699774],[121.293378,23.699956],[121.293672,23.69996],[121.293671,23.70005],[121.293867,23.700052],[121.293868,23.699962],[121.294651,23.700061],[121.29475,23.699972],[121.294845,23.700243],[121.295825,23.700254],[121.295922,23.700346],[121.296319,23.699989],[121.296515,23.699991],[121.296709,23.700174],[121.296809,23.699994],[121.297104,23.699997],[121.297204,23.699818],[121.2974,23.69982],[121.297399,23.69991],[121.297792,23.699824],[121.297992,23.699556],[121.298285,23.699649],[121.298186,23.699738],[121.298281,23.69992],[121.29848,23.699742],[121.298774,23.699745],[121.298972,23.699567],[121.298975,23.699386],[121.298586,23.699111],[121.298784,23.698932],[121.298787,23.698752],[121.29908,23.698845],[121.299272,23.699118],[121.299566,23.699122],[121.299565,23.699212],[121.299763,23.699124]],[[121.311477,23.687965],[121.311476,23.688055],[121.310981,23.688411],[121.311183,23.687961],[121.311675,23.687876],[121.311673,23.687967],[121.311477,23.687965]],[[121.312076,23.687158],[121.311977,23.687248],[121.311978,23.687157],[121.312076,23.687158]],[[121.311111,23.685974],[121.311306,23.686066],[121.311303,23.686247],[121.311108,23.686154],[121.311111,23.685974]],[[121.300636,23.692271],[121.300635,23.692361],[121.300439,23.692359],[121.30044,23.692268],[121.300636,23.692271]],[[121.298968,23.692343],[121.298871,23.692251],[121.298969,23.692252],[121.298968,23.692343]],[[121.295745,23.698899],[121.295646,23.698988],[121.295647,23.698898],[121.295745,23.698899]],[[121.295161,23.698531],[121.295062,23.69862],[121.295063,23.69853],[121.295161,23.698531]],[[121.298689,23.698751],[121.298592,23.698659],[121.298392,23.698928],[121.298097,23.699015],[121.297807,23.698651],[121.298105,23.698383],[121.298496,23.698478],[121.298794,23.69821],[121.298988,23.698393],[121.298985,23.698573],[121.298689,23.698751]],[[121.299763,23.699124],[121.299862,23.699034],[121.299861,23.699125],[121.299763,23.699124]],[[121.302395,23.700326],[121.302492,23.700418],[121.302393,23.700417],[121.302395,23.700326]],[[121.30122,23.700133],[121.301125,23.699951],[121.301323,23.699773],[121.301518,23.699865],[121.301716,23.699687],[121.30191,23.69987],[121.301908,23.70005],[121.301709,23.700229],[121.30122,23.700133]],[[121.300927,23.700039],[121.301024,23.700131],[121.300926,23.70013],[121.300927,23.700039]],[[121.295928,23.699894],[121.296029,23.699715],[121.296225,23.699717],[121.296124,23.699896],[121.295928,23.699894]],[[121.293776,23.699509],[121.293775,23.6996],[121.293578,23.699597],[121.29358,23.699507],[121.293776,23.699509]],[[121.295835,23.699532],[121.295246,23.699526],[121.295248,23.699435],[121.295836,23.699442],[121.295835,23.699532]],[[121.295248,23.699435],[121.295151,23.699344],[121.295249,23.699345],[121.295248,23.699435]],[[121.294955,23.699342],[121.294954,23.699432],[121.294659,23.699429],[121.294661,23.699338],[121.294955,23.699342]],[[121.295935,23.699353],[121.296032,23.699444],[121.295934,23.699443],[121.295935,23.699353]],[[121.30035,23.69922],[121.300347,23.699401],[121.300249,23.6994],[121.300252,23.699219],[121.30035,23.69922]],[[121.300937,23.699317],[121.301034,23.699409],[121.300936,23.699407],[121.300937,23.699317]],[[121.301037,23.699138],[121.301134,23.699229],[121.301036,23.699228],[121.301037,23.699138]],[[121.302997,23.69925],[121.302801,23.699247],[121.302802,23.699157],[121.302998,23.699159],[121.302997,23.69925]],[[121.302802,23.699157],[121.302705,23.699066],[121.302803,23.699067],[121.302802,23.699157]],[[121.300459,23.698319],[121.300948,23.698414],[121.300947,23.698505],[121.300253,23.699129],[121.300255,23.698949],[121.300158,23.698857],[121.299863,23.698944],[121.299865,23.698764],[121.30036,23.698408],[121.300264,23.698226],[121.300461,23.698228],[121.300459,23.698319]],[[121.300068,23.698224],[121.30007,23.698134],[121.299873,23.698132],[121.299875,23.698041],[121.300266,23.698136],[121.300264,23.698226],[121.300068,23.698224]],[[121.301332,23.699051],[121.301336,23.69878],[121.301141,23.698687],[121.301143,23.698507],[121.301533,23.698692],[121.301434,23.698781],[121.301527,23.699143],[121.301332,23.699051]],[[121.299572,23.69867],[121.29957,23.698851],[121.299374,23.698849],[121.299376,23.698668],[121.299572,23.69867]],[[121.299282,23.698396],[121.299279,23.698577],[121.299181,23.698576],[121.299184,23.698395],[121.299282,23.698396]],[[121.3033,23.69853],[121.303201,23.69862],[121.303202,23.698529],[121.3033,23.69853]],[[121.303006,23.698527],[121.303009,23.698347],[121.303107,23.698348],[121.303202,23.698529],[121.303006,23.698527]],[[121.297518,23.698286],[121.297615,23.698378],[121.297517,23.698377],[121.297518,23.698286]],[[121.301244,23.698327],[121.301345,23.698057],[121.301541,23.69806],[121.30174,23.697881],[121.301743,23.69761],[121.301548,23.697518],[121.301551,23.697337],[121.301844,23.697431],[121.302042,23.697252],[121.301948,23.696981],[121.302144,23.696983],[121.302239,23.697164],[121.302632,23.697169],[121.30263,23.697259],[121.302335,23.697346],[121.30243,23.697618],[121.302137,23.697524],[121.301938,23.697703],[121.302035,23.697794],[121.301935,23.697974],[121.302129,23.698156],[121.301932,23.698154],[121.301739,23.697972],[121.301639,23.698061],[121.301734,23.698333],[121.301244,23.698327]],[[121.303598,23.698263],[121.303695,23.698354],[121.303597,23.698353],[121.303598,23.698263]],[[121.299485,23.697856],[121.299681,23.697859],[121.299777,23.69804],[121.299384,23.698036],[121.299485,23.697856]],[[121.299091,23.697942],[121.299094,23.697762],[121.299387,23.697855],[121.299386,23.697946],[121.299091,23.697942]],[[121.29929,23.697764],[121.299389,23.697675],[121.299388,23.697765],[121.29929,23.697764]],[[121.302425,23.697979],[121.302426,23.697889],[121.302622,23.697891],[121.302718,23.698073],[121.302425,23.697979]],[[121.303701,23.697903],[121.303798,23.697994],[121.3037,23.697993],[121.303701,23.697903]],[[121.303512,23.697359],[121.303508,23.69763],[121.30341,23.697629],[121.303414,23.697358],[121.303512,23.697359]],[[121.301059,23.697422],[121.300768,23.697238],[121.300868,23.697059],[121.300674,23.696876],[121.300873,23.696698],[121.301068,23.69679],[121.301267,23.696522],[121.301463,23.696524],[121.301754,23.696798],[121.301848,23.69707],[121.301555,23.696976],[121.301059,23.697422]],[[121.302731,23.697079],[121.302831,23.6969],[121.302929,23.696901],[121.302927,23.697082],[121.302731,23.697079]],[[121.303128,23.696723],[121.30293,23.696811],[121.302933,23.69663],[121.30313,23.696542],[121.303128,23.696723]],[[121.30313,23.696542],[121.303229,23.696453],[121.303228,23.696543],[121.30313,23.696542]],[[121.303827,23.695737],[121.303626,23.696096],[121.303919,23.696189],[121.303917,23.69637],[121.304112,23.696462],[121.304009,23.696823],[121.303814,23.69673],[121.303816,23.69655],[121.303914,23.696551],[121.303819,23.696369],[121.303425,23.696455],[121.303428,23.696274],[121.303135,23.696181],[121.303234,23.696092],[121.303138,23.69591],[121.303337,23.695732],[121.303433,23.695823],[121.303827,23.695737]],[[121.303139,23.69582],[121.30294,23.696088],[121.302744,23.696086],[121.302845,23.695816],[121.303139,23.69582]],[[121.303827,23.695737],[121.303926,23.695648],[121.303925,23.695738],[121.303827,23.695737]],[[121.303926,23.695648],[121.304025,23.695559],[121.304024,23.695649],[121.303926,23.695648]],[[121.302939,23.696179],[121.302936,23.696359],[121.302838,23.696358],[121.302841,23.696178],[121.302939,23.696179]],[[121.302548,23.696084],[121.302546,23.696174],[121.30235,23.696172],[121.302351,23.696082],[121.302548,23.696084]],[[121.304119,23.695921],[121.304216,23.696012],[121.304117,23.696011],[121.304119,23.695921]],[[121.301082,23.695707],[121.300791,23.695433],[121.301087,23.695255],[121.30128,23.695528],[121.301082,23.695707]],[[121.303047,23.695367],[121.303144,23.695459],[121.30334,23.695461],[121.303339,23.695551],[121.303045,23.695548],[121.303047,23.695367]],[[121.304123,23.69556],[121.304521,23.695112],[121.304813,23.695296],[121.304812,23.695387],[121.304519,23.695293],[121.304319,23.695562],[121.304123,23.69556]],[[121.306481,23.695224],[121.306578,23.695316],[121.30648,23.695314],[121.306481,23.695224]],[[121.305013,23.695028],[121.30501,23.695208],[121.304912,23.695207],[121.304915,23.695026],[121.305013,23.695028]],[[121.305308,23.69494],[121.30541,23.694671],[121.305508,23.694672],[121.305503,23.695033],[121.305308,23.69494]],[[121.299721,23.694789],[121.299719,23.694879],[121.299523,23.694877],[121.299525,23.694787],[121.299721,23.694789]],[[121.30629,23.694861],[121.306194,23.694679],[121.306392,23.694501],[121.306588,23.694503],[121.306782,23.694686],[121.306583,23.694954],[121.30629,23.694861]],[[121.299037,23.694601],[121.299039,23.69442],[121.299332,23.694514],[121.299331,23.694604],[121.299037,23.694601]],[[121.299332,23.694514],[121.299431,23.694425],[121.29943,23.694515],[121.299332,23.694514]],[[121.299432,23.694334],[121.299139,23.694241],[121.299044,23.694059],[121.298848,23.694057],[121.298748,23.694146],[121.298844,23.694328],[121.298548,23.694505],[121.298451,23.694414],[121.29855,23.694325],[121.298457,23.693962],[121.298655,23.693784],[121.298849,23.693967],[121.299045,23.693969],[121.299145,23.693789],[121.299439,23.693792],[121.299633,23.693975],[121.299534,23.694064],[121.299627,23.694427],[121.299431,23.694425],[121.299432,23.694334]],[[121.300019,23.694431],[121.300116,23.694522],[121.300018,23.694521],[121.300019,23.694431]],[[121.30591,23.693863],[121.306299,23.694139],[121.306,23.694497],[121.305903,23.694405],[121.30551,23.694491],[121.305609,23.694402],[121.305513,23.69422],[121.305316,23.694308],[121.305419,23.693948],[121.305613,23.694131],[121.30591,23.693863]],[[121.305316,23.694308],[121.305217,23.694398],[121.305218,23.694307],[121.305316,23.694308]],[[121.305812,23.693862],[121.305716,23.693681],[121.305915,23.693502],[121.305818,23.693411],[121.305621,23.693499],[121.305723,23.693139],[121.305627,23.693048],[121.305429,23.693136],[121.305531,23.692866],[121.305727,23.692868],[121.305823,23.69305],[121.306119,23.692872],[121.306018,23.693142],[121.306116,23.693143],[121.30621,23.693415],[121.306013,23.693503],[121.306009,23.693774],[121.305812,23.693862]],[[121.305621,23.693499],[121.305522,23.693588],[121.305523,23.693498],[121.305621,23.693499]],[[121.299925,23.694159],[121.300022,23.69425],[121.299924,23.694249],[121.299925,23.694159]],[[121.300122,23.694071],[121.300219,23.694162],[121.300121,23.694161],[121.300122,23.694071]],[[121.304241,23.694026],[121.304338,23.694117],[121.30424,23.694116],[121.304241,23.694026]],[[121.305026,23.694034],[121.305122,23.694126],[121.305024,23.694125],[121.305026,23.694034]],[[121.301007,23.6939],[121.301104,23.693991],[121.301006,23.69399],[121.301007,23.6939]],[[121.304538,23.693848],[121.304635,23.69394],[121.304536,23.693939],[121.304538,23.693848]],[[121.303852,23.693751],[121.303949,23.693842],[121.303851,23.693841],[121.303852,23.693751]],[[121.299737,23.693525],[121.299834,23.693616],[121.299736,23.693615],[121.299737,23.693525]],[[121.300325,23.693531],[121.300324,23.693622],[121.30003,23.693618],[121.300031,23.693528],[121.300325,23.693531]],[[121.303072,23.693471],[121.302684,23.693106],[121.302981,23.692928],[121.30327,23.693293],[121.303072,23.693471]],[[121.304054,23.693301],[121.304151,23.693393],[121.304053,23.693392],[121.304054,23.693301]],[[121.301115,23.693089],[121.301212,23.69318],[121.301114,23.693179],[121.301115,23.693089]],[[121.303665,23.693116],[121.303472,23.692843],[121.30367,23.692665],[121.303866,23.692667],[121.304156,23.693032],[121.303958,23.69321],[121.303665,23.693116]],[[121.306215,23.693054],[121.306315,23.692875],[121.306512,23.692786],[121.30651,23.692967],[121.306215,23.693054]],[[121.306709,23.692789],[121.306805,23.69288],[121.306707,23.692879],[121.306709,23.692789]],[[121.302594,23.692473],[121.302395,23.692741],[121.302298,23.69265],[121.302003,23.692737],[121.30181,23.692464],[121.302008,23.692286],[121.302204,23.692288],[121.302203,23.692378],[121.302401,23.69229],[121.302594,23.692473]],[[121.302595,23.692382],[121.30289,23.692386],[121.302888,23.692476],[121.302594,23.692473],[121.302595,23.692382]],[[121.305337,23.692683],[121.305145,23.69241],[121.304948,23.692408],[121.304755,23.692225],[121.304954,23.691957],[121.305831,23.692418],[121.305829,23.692598],[121.30563,23.692777],[121.305337,23.692683]],[[121.301122,23.692547],[121.301219,23.692638],[121.301121,23.692637],[121.301122,23.692547]],[[121.301711,23.692553],[121.30171,23.692644],[121.301513,23.692641],[121.301515,23.692551],[121.301711,23.692553]],[[121.301027,23.692365],[121.301124,23.692457],[121.301026,23.692455],[121.301027,23.692365]],[[121.307108,23.692251],[121.307107,23.692341],[121.30691,23.692339],[121.306912,23.692249],[121.307108,23.692251]],[[121.307206,23.692252],[121.307503,23.691985],[121.307699,23.691987],[121.307401,23.692345],[121.307206,23.692252]],[[121.298089,23.692062],[121.298186,23.692153],[121.298088,23.692152],[121.298089,23.692062]],[[121.300835,23.692002],[121.300932,23.692093],[121.300834,23.692092],[121.300835,23.692002]],[[121.298189,23.691882],[121.298286,23.691974],[121.298188,23.691973],[121.298189,23.691882]],[[121.301133,23.691734],[121.30123,23.691826],[121.301132,23.691824],[121.301133,23.691734]],[[121.307996,23.691809],[121.307995,23.6919],[121.307799,23.691898],[121.3078,23.691807],[121.307996,23.691809]],[[121.307802,23.691627],[121.307705,23.691535],[121.307803,23.691536],[121.307802,23.691627]],[[121.307803,23.691536],[121.307903,23.691447],[121.307901,23.691537],[121.307803,23.691536]],[[121.307904,23.691357],[121.3081,23.691359],[121.308099,23.691449],[121.307903,23.691447],[121.307904,23.691357]],[[121.308592,23.691184],[121.308492,23.691363],[121.308197,23.69145],[121.308298,23.691181],[121.308592,23.691184]],[[121.308594,23.691094],[121.30879,23.691096],[121.308788,23.691186],[121.308592,23.691184],[121.308594,23.691094]],[[121.309963,23.691379],[121.310059,23.691471],[121.309961,23.69147],[121.309963,23.691379]],[[121.308986,23.691098],[121.308983,23.691278],[121.308885,23.691277],[121.308888,23.691097],[121.308986,23.691098]],[[121.309181,23.69119],[121.309277,23.691282],[121.309179,23.691281],[121.309181,23.69119]],[[121.306339,23.691069],[121.306141,23.691157],[121.305753,23.690882],[121.305455,23.691149],[121.305166,23.690785],[121.304869,23.690962],[121.304676,23.690689],[121.304875,23.690511],[121.305168,23.690605],[121.305268,23.690425],[121.305561,23.690519],[121.305859,23.690251],[121.30644,23.690799],[121.306339,23.691069]],[[121.306438,23.69098],[121.306535,23.691071],[121.306437,23.69107],[121.306438,23.69098]],[[121.306535,23.691071],[121.306632,23.691162],[121.306533,23.691161],[121.306535,23.691071]],[[121.30722,23.691169],[121.306832,23.690803],[121.306837,23.690442],[121.307234,23.690085],[121.307724,23.690091],[121.308024,23.689642],[121.308318,23.689646],[121.308512,23.689828],[121.308509,23.690009],[121.308016,23.690274],[121.308306,23.690549],[121.308205,23.690818],[121.307808,23.691175],[121.30722,23.691169]],[[121.309575,23.691014],[121.309284,23.69074],[121.309581,23.690562],[121.309774,23.690835],[121.309575,23.691014]],[[121.308991,23.690646],[121.309088,23.690738],[121.30899,23.690737],[121.308991,23.690646]],[[121.310855,23.690576],[121.310854,23.690667],[121.310658,23.690665],[121.310659,23.690574],[121.310855,23.690576]],[[121.311151,23.690489],[121.311248,23.690581],[121.31115,23.69058],[121.311151,23.690489]],[[121.311347,23.690491],[121.311444,23.690583],[121.311346,23.690582],[121.311347,23.690491]],[[121.309583,23.690382],[121.30968,23.690473],[121.309582,23.690472],[121.309583,23.690382]],[[121.309393,23.689928],[121.309391,23.690109],[121.309293,23.690108],[121.309295,23.689927],[121.309393,23.689928]],[[121.310667,23.689942],[121.310666,23.690033],[121.31047,23.69003],[121.310471,23.68994],[121.310667,23.689942]],[[121.311746,23.689954],[121.311745,23.690044],[121.311451,23.690041],[121.311452,23.689951],[121.311746,23.689954]],[[121.305276,23.689793],[121.305373,23.689884],[121.305275,23.689883],[121.305276,23.689793]],[[121.309688,23.689841],[121.309785,23.689933],[121.309687,23.689932],[121.309688,23.689841]],[[121.310475,23.689669],[121.310572,23.689761],[121.310474,23.68976],[121.310475,23.689669]],[[121.311063,23.689676],[121.31116,23.689767],[121.311062,23.689766],[121.311063,23.689676]],[[121.310181,23.689666],[121.310084,23.689575],[121.310182,23.689576],[121.310181,23.689666]],[[121.310182,23.689576],[121.310281,23.689487],[121.31028,23.689577],[121.310182,23.689576]],[[121.307928,23.689461],[121.308029,23.689281],[121.308127,23.689282],[121.308124,23.689463],[121.307928,23.689461]],[[121.306068,23.68926],[121.306165,23.689351],[121.306067,23.68935],[121.306068,23.68926]],[[121.310677,23.68922],[121.310871,23.689403],[121.310478,23.689398],[121.310677,23.68922]],[[121.310775,23.689221],[121.310874,23.689132],[121.310873,23.689222],[121.310775,23.689221]],[[121.310384,23.689126],[121.310283,23.689306],[121.310087,23.689304],[121.309992,23.689122],[121.310384,23.689126]],[[121.310384,23.689126],[121.310582,23.688948],[121.310485,23.688857],[121.310588,23.688497],[121.310882,23.6885],[121.310683,23.688769],[121.310779,23.68886],[121.310977,23.688772],[121.31117,23.688954],[121.311168,23.689135],[121.310974,23.688952],[121.310875,23.689042],[121.31068,23.688949],[121.31058,23.689129],[121.310384,23.689126]],[[121.310588,23.688497],[121.310491,23.688405],[121.310589,23.688406],[121.310588,23.688497]],[[121.31089,23.687868],[121.310096,23.688672],[121.310191,23.688853],[121.309994,23.688942],[121.310001,23.6884],[121.310197,23.688402],[121.310299,23.688132],[121.310495,23.688134],[121.310694,23.687866],[121.31089,23.687868]],[[121.310977,23.688772],[121.311076,23.688683],[121.311075,23.688773],[121.310977,23.688772]],[[121.311076,23.688683],[121.311175,23.688593],[121.311174,23.688684],[121.311076,23.688683]],[[121.311175,23.688593],[121.311274,23.688504],[121.311273,23.688594],[121.311175,23.688593]],[[121.306657,23.689176],[121.306757,23.688997],[121.306954,23.688999],[121.306853,23.689178],[121.306657,23.689176]],[[121.308226,23.689193],[121.307935,23.688919],[121.308232,23.688742],[121.308424,23.689015],[121.308226,23.689193]],[[121.31029,23.688764],[121.310387,23.688856],[121.310289,23.688855],[121.31029,23.688764]],[[121.311368,23.688866],[121.311271,23.688775],[121.311369,23.688776],[121.311368,23.688866]],[[121.31137,23.688686],[121.311566,23.688688],[121.311565,23.688778],[121.311369,23.688776],[121.31137,23.688686]],[[121.309212,23.688752],[121.308824,23.688387],[121.309121,23.68821],[121.30941,23.688574],[121.309212,23.688752]],[[121.309508,23.688575],[121.309605,23.688666],[121.309507,23.688665],[121.309508,23.688575]],[[121.311767,23.688329],[121.311765,23.688509],[121.311568,23.688507],[121.311571,23.688327],[121.311767,23.688329]],[[121.309417,23.688032],[121.309514,23.688124],[121.309416,23.688123],[121.309417,23.688032]],[[121.309222,23.68794],[121.308835,23.687574],[121.309131,23.687397],[121.309421,23.687761],[121.309222,23.68794]],[[121.310991,23.687688],[121.311088,23.68778],[121.310989,23.687779],[121.310991,23.687688]],[[121.310993,23.687508],[121.31109,23.687599],[121.310992,23.687598],[121.310993,23.687508]],[[121.311482,23.687603],[121.311385,23.687512],[121.311483,23.687513],[121.311482,23.687603]],[[121.311484,23.687423],[121.31178,23.687336],[121.311875,23.687517],[121.311483,23.687513],[121.311484,23.687423]],[[121.31178,23.687336],[121.311879,23.687246],[121.311878,23.687337],[121.31178,23.687336]],[[121.310406,23.687411],[121.310503,23.687502],[121.310405,23.687501],[121.310406,23.687411]]],[[[121.297649,23.695759],[121.297261,23.695394],[121.297161,23.695573],[121.296671,23.695568],[121.29667,23.695658],[121.296279,23.695564],[121.296178,23.695743],[121.295884,23.69574],[121.295488,23.696007],[121.29441,23.695995],[121.294309,23.696174],[121.2946,23.696448],[121.294203,23.696805],[121.294496,23.696899],[121.294495,23.696989],[121.294789,23.696992],[121.294988,23.696814],[121.294893,23.696542],[121.295091,23.696363],[121.295384,23.696457],[121.295485,23.696277],[121.295777,23.696461],[121.295578,23.69664],[121.295674,23.696821],[121.295969,23.696734],[121.29607,23.696555],[121.296461,23.696649],[121.296758,23.696382],[121.296952,23.696564],[121.296754,23.696743],[121.296751,23.696923],[121.296945,23.697106],[121.297141,23.697108],[121.297636,23.696753],[121.297248,23.696387],[121.297447,23.696209],[121.297352,23.695937],[121.297649,23.695759]],[[121.295782,23.69601],[121.295879,23.696101],[121.295781,23.6961],[121.295782,23.69601]]],[[[121.292436,23.696966],[121.292339,23.696875],[121.292338,23.696965],[121.292436,23.696966]]],[[[121.301358,23.697064],[121.301262,23.696883],[121.301065,23.696971],[121.301161,23.697152],[121.301358,23.697064]]],[[[121.295809,23.701518],[121.295909,23.701339],[121.296302,23.701343],[121.2965,23.701165],[121.296504,23.700894],[121.296796,23.700987],[121.296897,23.700808],[121.297191,23.700811],[121.297096,23.700539],[121.296705,23.700445],[121.296505,23.700804],[121.296212,23.70071],[121.296213,23.70062],[121.295918,23.700707],[121.295919,23.700617],[121.295527,23.700612],[121.295528,23.700522],[121.29484,23.700605],[121.294355,23.700238],[121.294156,23.700416],[121.293665,23.700501],[121.293666,23.700411],[121.29308,23.700224],[121.293082,23.700043],[121.292887,23.699951],[121.292877,23.700764],[121.293458,23.701312],[121.293948,23.701317],[121.294044,23.701499],[121.295809,23.701518]]]]}},{"type":"Feature","properties":{"kind":"water","month":"2025-11","area_ha":12.9},"geometry":{"type":"MultiPolygon","coordinates":[[[[121.282906,23.690901],[121.283007,23.690631],[121.282615,23.690627],[121.282708,23.690989],[121.282904,23.690991],[121.282903,23.691082],[121.283001,23.691083],[121.283004,23.690902],[121.282906,23.690901]]],[[[121.278198,23.690939],[121.278203,23.690578],[121.278105,23.690577],[121.278098,23.691118],[121.278391,23.691212],[121.278393,23.691031],[121.278198,23.690939]]],[[[121.283097,23.691264],[121.283099,23.691084],[121.283001,23.691083],[121.282999,23.691263],[121.283097,23.691264]]],[[[121.283387,23.691538],[121.283293,23.691266],[121.283195,23.691265],[121.283189,23.691717],[121.283385,23.691719],[121.283288,23.691628],[121.283387,23.691538]]],[[[121.283872,23.691995],[121.283678,23.691813],[121.28368,23.691632],[121.283385,23.691719],[121.283383,23.6919],[121.283677,23.691903],[121.283674,23.692083],[121.283872,23.691995]]],[[[121.283969,23.692087],[121.283773,23.692084],[121.283867,23.692356],[121.283965,23.692358],[121.283969,23.692087]]],[[[121.284647,23.692726],[121.284257,23.692541],[121.284447,23.692995],[121.284643,23.692997],[121.284647,23.692726]]],[[[121.284833,23.693451],[121.284838,23.69309],[121.284544,23.693086],[121.28454,23.693357],[121.284831,23.693631],[121.284825,23.694083],[121.285021,23.694085],[121.285027,23.693633],[121.284833,23.693451]]],[[[121.303528,23.696095],[121.303827,23.695737],[121.303532,23.695824],[121.30333,23.696273],[121.303526,23.696275],[121.303528,23.696095]]],[[[121.288032,23.696285],[121.287838,23.696103],[121.287738,23.696282],[121.287346,23.696278],[121.287345,23.696368],[121.287932,23.696465],[121.287934,23.696284],[121.288032,23.696285]]],[[[121.292019,23.698858],[121.291925,23.698586],[121.292122,23.698498],[121.292127,23.698137],[121.291835,23.697953],[121.291837,23.697772],[121.292036,23.697594],[121.291357,23.696954],[121.291361,23.696683],[121.291558,23.696595],[121.291561,23.696415],[121.291268,23.696321],[121.291269,23.696231],[121.290877,23.696227],[121.290879,23.696046],[121.290093,23.696128],[121.289708,23.695582],[121.289512,23.695579],[121.289222,23.695305],[121.288928,23.695302],[121.288925,23.695483],[121.288728,23.695571],[121.288724,23.695842],[121.288528,23.695839],[121.288426,23.696199],[121.289014,23.696206],[121.289011,23.696387],[121.289208,23.696389],[121.289302,23.696661],[121.289496,23.696843],[121.289692,23.696846],[121.289785,23.697208],[121.290368,23.697666],[121.290459,23.698209],[121.291427,23.699122],[121.291425,23.699303],[121.291719,23.699306],[121.291823,23.698856],[121.292019,23.698858]]],[[[121.302136,23.697615],[121.302137,23.697524],[121.302632,23.697169],[121.302239,23.697164],[121.301844,23.697431],[121.301551,23.697337],[121.301741,23.697791],[121.301839,23.697792],[121.301843,23.697521],[121.302136,23.697615]]],[[[121.30243,23.697618],[121.302431,23.697528],[121.302235,23.697525],[121.302234,23.697616],[121.30243,23.697618]]],[[[121.301539,23.69824],[121.301639,23.698061],[121.301935,23.697974],[121.302035,23.697794],[121.301345,23.698057],[121.301244,23.698327],[121.301734,23.698333],[121.301735,23.698242],[121.301539,23.69824]]],[[[121.300748,23.698773],[121.30075,23.698593],[121.300948,23.698414],[121.30036,23.698408],[121.299865,23.698764],[121.299863,23.698944],[121.300256,23.698858],[121.300253,23.699129],[121.300351,23.69913],[121.300354,23.698859],[121.300748,23.698773]]],[[[121.301533,23.698692],[121.301143,23.698507],[121.301429,23.699142],[121.301527,23.699143],[121.30153,23.698963],[121.301432,23.698961],[121.301533,23.698692]]],[[[121.297296,23.70027],[121.298083,23.700099],[121.298285,23.699649],[121.297992,23.699556],[121.297595,23.699913],[121.297204,23.699818],[121.297104,23.699997],[121.296809,23.699994],[121.296709,23.700174],[121.296415,23.70017],[121.296314,23.70035],[121.29602,23.700347],[121.296021,23.700256],[121.295824,23.700345],[121.295825,23.700254],[121.294747,23.700242],[121.29475,23.699972],[121.294652,23.69997],[121.29465,23.700151],[121.294553,23.70006],[121.294063,23.700054],[121.294064,23.699964],[121.293671,23.70005],[121.293672,23.69996],[121.293378,23.699956],[121.293184,23.699774],[121.293187,23.699503],[121.292994,23.69932],[121.292307,23.699313],[121.292305,23.699493],[121.292794,23.699589],[121.292988,23.699772],[121.292887,23.699951],[121.293084,23.699953],[121.29308,23.700224],[121.293276,23.700226],[121.293665,23.700501],[121.294156,23.700416],[121.294159,23.700236],[121.294355,23.700238],[121.29484,23.700605],[121.295528,23.700522],[121.295527,23.700612],[121.295919,23.700617],[121.295918,23.700707],[121.296213,23.70062],[121.296212,23.70071],[121.296505,23.700804],[121.296607,23.700444],[121.297294,23.700451],[121.297296,23.70027]],[[121.294844,23.700334],[121.294941,23.700425],[121.294843,23.700424],[121.294844,23.700334]]],[[[121.296317,23.700169],[121.296515,23.699991],[121.296319,23.699989],[121.29612,23.700258],[121.296316,23.70026],[121.296317,23.700169]]],[[[121.313533,23.688258],[121.313539,23.687806],[121.313145,23.687892],[121.313148,23.687712],[121.313049,23.687711],[121.313151,23.687441],[121.312858,23.687347],[121.312859,23.687257],[121.312565,23.687254],[121.312367,23.687432],[121.312364,23.687613],[121.312169,23.687521],[121.312068,23.68779],[121.311673,23.687967],[121.311672,23.688057],[121.311966,23.68806],[121.312166,23.687791],[121.312362,23.687794],[121.312555,23.688067],[121.313533,23.688258]]],[[[121.310889,23.687958],[121.31089,23.687868],[121.310694,23.687866],[121.310693,23.687956],[121.310889,23.687958]]],[[[121.312457,23.688065],[121.312458,23.687975],[121.312262,23.687973],[121.312261,23.688063],[121.312457,23.688065]]],[[[121.311673,23.687967],[121.311675,23.687876],[121.311183,23.687961],[121.31118,23.688232],[121.311278,23.688233],[121.31128,23.688053],[121.311673,23.687967]]],[[[121.312455,23.688156],[121.312162,23.688062],[121.311964,23.688241],[121.312355,23.688335],[121.312455,23.688156]]],[[[121.31275,23.688159],[121.312748,23.688249],[121.312552,23.688247],[121.312551,23.688337],[121.312944,23.688251],[121.312946,23.688161],[121.31275,23.688159]]],[[[121.313139,23.688344],[121.313043,23.688252],[121.313041,23.688343],[121.313139,23.688344]]],[[[121.313435,23.688257],[121.313239,23.688255],[121.313237,23.688345],[121.313434,23.688347],[121.313435,23.688257]]],[[[121.310295,23.688403],[121.310691,23.688137],[121.310693,23.687956],[121.310495,23.688134],[121.310299,23.688132],[121.310197,23.688402],[121.310001,23.6884],[121.309994,23.688942],[121.310092,23.688943],[121.310097,23.688582],[121.310293,23.688584],[121.310295,23.688403]]],[[[121.311175,23.688593],[121.311274,23.688504],[121.311176,23.688503],[121.311175,23.688593]]],[[[121.311076,23.688683],[121.311175,23.688593],[121.311077,23.688592],[121.311076,23.688683]]],[[[121.310684,23.688678],[121.310882,23.6885],[121.310686,23.688498],[121.310485,23.688857],[121.310876,23.688951],[121.310878,23.688861],[121.310681,23.688859],[121.310684,23.688678]]],[[[121.310977,23.688772],[121.311076,23.688683],[121.310978,23.688681],[121.310977,23.688772]]],[[[121.310977,23.688772],[121.310878,23.688861],[121.310976,23.688862],[121.310977,23.688772]]],[[[121.306013,23.693503],[121.306211,23.693325],[121.306015,23.693323],[121.306116,23.693143],[121.30592,23.693141],[121.305913,23.693683],[121.305716,23.693681],[121.305715,23.693771],[121.306009,23.693774],[121.306013,23.693503]]],[[[121.304024,23.695649],[121.303927,23.695557],[121.303926,23.695648],[121.304024,23.695649]]],[[[121.303828,23.695647],[121.303925,23.695738],[121.303926,23.695648],[121.303828,23.695647]]]]}}]}