{"type":"FeatureCollection","features":[{"type":"Feature","properties":{"kind":"bare_slide","month":"2025-12","area_ha":463.94},"geometry":{"type":"MultiPolygon","coordinates":[[[[121.284455,23.714847],[121.284068,23.714482],[121.284564,23.714036],[121.284472,23.713583],[121.284274,23.713762],[121.283979,23.713758],[121.282987,23.71465],[121.282982,23.715012],[121.283274,23.715195],[121.283272,23.715376],[121.283465,23.715559],[121.28376,23.715562],[121.283958,23.715384],[121.284061,23.715024],[121.284354,23.715117],[121.284453,23.715028],[121.284455,23.714847]]],[[[121.284252,23.715387],[121.284543,23.715661],[121.28474,23.715573],[121.284452,23.715118],[121.284255,23.715206],[121.284252,23.715387]]],[[[121.285678,23.718834],[121.285483,23.718742],[121.285383,23.718921],[121.285578,23.719014],[121.285678,23.718834]]],[[[121.280765,23.719592],[121.28067,23.71932],[121.281061,23.719415],[121.28136,23.719057],[121.281166,23.718874],[121.281067,23.718963],[121.28097,23.718872],[121.280577,23.718958],[121.280378,23.719136],[121.280376,23.719317],[121.280474,23.719318],[121.280372,23.719588],[121.280665,23.719681],[121.280765,23.719592]]],[[[121.282825,23.719525],[121.282632,23.719252],[121.282435,23.71934],[121.282628,23.719613],[121.282825,23.719525]]],[[[121.281059,23.719595],[121.280864,23.719503],[121.280863,23.719593],[121.280765,23.719592],[121.280763,23.719682],[121.280958,23.719775],[121.281059,23.719595]]],[[[121.28292,23.719797],[121.282725,23.719704],[121.282624,23.719884],[121.282819,23.719976],[121.28292,23.719797]]],[[[121.285761,23.720009],[121.285566,23.719916],[121.285466,23.720096],[121.285661,23.720188],[121.285761,23.720009]]],[[[121.287517,23.720751],[121.287323,23.720568],[121.287223,23.720747],[121.287417,23.72084],[121.287517,23.720751]]],[[[121.293847,23.724162],[121.293654,23.723979],[121.293553,23.724158],[121.293748,23.724251],[121.293847,23.724162]]],[[[121.312888,23.707936],[121.312495,23.707932],[121.312297,23.70811],[121.312295,23.708291],[121.312097,23.708379],[121.31219,23.708831],[121.312289,23.708742],[121.312485,23.708744],[121.312581,23.708926],[121.312876,23.708839],[121.312888,23.707936]]],[[[121.311486,23.710178],[121.311682,23.71018],[121.31188,23.710002],[121.311886,23.709551],[121.311691,23.709458],[121.31179,23.709369],[121.311696,23.709097],[121.311992,23.70892],[121.311995,23.708739],[121.311604,23.708645],[121.311605,23.708554],[121.311902,23.708287],[121.312198,23.708199],[121.3122,23.708019],[121.312102,23.708018],[121.312202,23.707838],[121.312595,23.707843],[121.312696,23.707573],[121.312891,23.707665],[121.312899,23.707033],[121.312802,23.706942],[121.312018,23.706933],[121.311922,23.706752],[121.31153,23.706747],[121.311336,23.706565],[121.311235,23.706834],[121.310743,23.706919],[121.31084,23.707011],[121.31074,23.70719],[121.310935,23.707283],[121.31093,23.707644],[121.310336,23.708089],[121.310331,23.70845],[121.31072,23.708725],[121.310713,23.709267],[121.310516,23.709355],[121.310512,23.709626],[121.310414,23.709625],[121.310506,23.710077],[121.3107,23.71026],[121.311094,23.710174],[121.311189,23.710356],[121.311385,23.710358],[121.311486,23.710178]],[[121.3112,23.709543],[121.311197,23.709724],[121.311099,23.709723],[121.311004,23.709541],[121.3112,23.709543]],[[121.310825,23.708185],[121.311025,23.707916],[121.311221,23.707918],[121.311217,23.708189],[121.311315,23.70819],[121.311215,23.708369],[121.310823,23.708365],[121.310825,23.708185]],[[121.312309,23.707207],[121.312208,23.707387],[121.31211,23.707386],[121.312112,23.707205],[121.312309,23.707207]],[[121.311035,23.707103],[121.310938,23.707012],[121.311036,23.707013],[121.311035,23.707103]]],[[[121.291573,23.725581],[121.29118,23.725667],[121.291079,23.725847],[121.290785,23.725844],[121.290783,23.726024],[121.291175,23.726028],[121.291172,23.726209],[121.291565,23.726213],[121.291562,23.726394],[121.292935,23.726409],[121.292937,23.726319],[121.293525,23.726325],[121.293527,23.726145],[121.29392,23.726149],[121.293922,23.725969],[121.29451,23.725975],[121.294513,23.725794],[121.294905,23.725799],[121.294903,23.725979],[121.295491,23.725986],[121.295489,23.726166],[121.295881,23.726171],[121.295879,23.726351],[121.296075,23.726353],[121.296072,23.726534],[121.296465,23.726538],[121.296462,23.726719],[121.296658,23.726721],[121.296852,23.726904],[121.297048,23.726906],[121.297248,23.726637],[121.29862,23.726743],[121.298617,23.726923],[121.299108,23.726929],[121.299211,23.726569],[121.299409,23.72639],[121.299313,23.726209],[121.299117,23.726206],[121.299218,23.726027],[121.299414,23.726029],[121.299508,23.726301],[121.299804,23.726214],[121.299802,23.726304],[121.30039,23.726401],[121.300583,23.726584],[121.301468,23.726413],[121.301568,23.726324],[121.301574,23.725872],[121.301767,23.726055],[121.301963,23.726057],[121.302063,23.725968],[121.302069,23.725516],[121.302263,23.725609],[121.302462,23.72543],[121.302464,23.72525],[121.302959,23.724894],[121.302962,23.724714],[121.303158,23.724716],[121.303259,23.724446],[121.303357,23.724447],[121.303354,23.724718],[121.303646,23.724902],[121.303738,23.725354],[121.303835,23.725445],[121.30413,23.725358],[121.304127,23.725629],[121.304514,23.725995],[121.304412,23.726355],[121.304213,23.726533],[121.304408,23.726626],[121.304806,23.726179],[121.304714,23.725726],[121.304519,23.725634],[121.304521,23.725453],[121.304912,23.725548],[121.30521,23.72528],[121.305113,23.725189],[121.304623,23.725183],[121.304624,23.725093],[121.304329,23.72518],[121.304331,23.724999],[121.304137,23.724817],[121.303941,23.724815],[121.303943,23.724634],[121.30365,23.72454],[121.303654,23.72427],[121.303168,23.723903],[121.303463,23.723906],[121.303564,23.723637],[121.30376,23.723639],[121.304058,23.723371],[121.303963,23.723099],[121.303766,23.723187],[121.303768,23.723007],[121.303866,23.723008],[121.303771,23.722826],[121.303572,23.723005],[121.303376,23.723002],[121.303576,23.722734],[121.304263,23.722651],[121.304262,23.722741],[121.30475,23.722927],[121.304751,23.722837],[121.305144,23.722841],[121.305244,23.722662],[121.304856,23.722296],[121.304562,23.722293],[121.304561,23.722383],[121.304365,23.722381],[121.304366,23.722291],[121.303287,23.722279],[121.303095,23.722006],[121.302704,23.721911],[121.302615,23.721188],[121.302517,23.721187],[121.302522,23.720826],[121.30262,23.720827],[121.302525,23.720555],[121.302624,23.720466],[121.302526,23.720465],[121.302439,23.719651],[121.302636,23.719563],[121.302641,23.719202],[121.303033,23.719206],[121.303927,23.718313],[121.304123,23.718315],[121.304421,23.718047],[121.304714,23.718141],[121.304708,23.718592],[121.304806,23.718593],[121.304706,23.718773],[121.304901,23.718865],[121.304993,23.719318],[121.305386,23.719232],[121.305391,23.718871],[121.305196,23.718778],[121.305105,23.718235],[121.305301,23.718238],[121.305495,23.71842],[121.305693,23.718242],[121.305601,23.717789],[121.305796,23.717882],[121.305794,23.718062],[121.305988,23.718245],[121.305983,23.718606],[121.306081,23.718607],[121.306176,23.718879],[121.306668,23.718704],[121.306576,23.718252],[121.306973,23.717895],[121.306876,23.717803],[121.306581,23.71789],[121.306583,23.71771],[121.30678,23.717622],[121.30649,23.717348],[121.306591,23.717078],[121.306494,23.716987],[121.306395,23.717076],[121.306004,23.716981],[121.306111,23.71626],[121.306407,23.716173],[121.306507,23.715993],[121.306898,23.716088],[121.307097,23.71591],[121.307099,23.715729],[121.307495,23.715462],[121.307599,23.715012],[121.307501,23.715011],[121.307407,23.714649],[121.307212,23.714556],[121.307215,23.714376],[121.307313,23.714377],[121.307316,23.714106],[121.307808,23.714021],[121.308203,23.713754],[121.308206,23.713574],[121.308011,23.713481],[121.308015,23.71312],[121.308412,23.712763],[121.308615,23.712224],[121.309011,23.711957],[121.309402,23.712052],[121.309504,23.711782],[121.309797,23.711876],[121.309995,23.711697],[121.309999,23.711426],[121.310097,23.711427],[121.310004,23.710975],[121.309516,23.710789],[121.309226,23.710515],[121.309229,23.710244],[121.309425,23.710246],[121.309526,23.710067],[121.308845,23.709608],[121.309045,23.709339],[121.309142,23.70943],[121.309339,23.709342],[121.309342,23.709071],[121.309244,23.70907],[121.309344,23.708981],[121.309346,23.7088],[121.309248,23.708799],[121.309352,23.708349],[121.309847,23.707993],[121.309951,23.707543],[121.309658,23.707449],[121.309454,23.707989],[121.309062,23.707985],[121.309063,23.707894],[121.30877,23.707801],[121.308878,23.70708],[121.309174,23.706902],[121.309177,23.706722],[121.309475,23.706364],[121.309479,23.706093],[121.309382,23.706002],[121.308892,23.705996],[121.30831,23.705448],[121.308411,23.705269],[121.308313,23.705267],[121.308219,23.704905],[121.307926,23.704812],[121.308028,23.704542],[121.307833,23.70445],[121.307935,23.70418],[121.308033,23.704181],[121.308138,23.70364],[121.308236,23.703641],[121.308042,23.703459],[121.308147,23.702918],[121.308049,23.702917],[121.308056,23.702375],[121.307958,23.702374],[121.307964,23.701923],[121.308062,23.701924],[121.307965,23.701832],[121.307967,23.701652],[121.308065,23.701653],[121.307973,23.7012],[121.308071,23.701201],[121.30808,23.700479],[121.308178,23.70048],[121.307986,23.700207],[121.308084,23.700208],[121.308088,23.699847],[121.308186,23.699848],[121.30829,23.699398],[121.308484,23.69958],[121.308781,23.699403],[121.308587,23.69922],[121.308695,23.698409],[121.308308,23.698043],[121.308605,23.697776],[121.308509,23.697684],[121.30861,23.697415],[121.308416,23.697232],[121.308518,23.696962],[121.308324,23.696779],[121.307932,23.696775],[121.307937,23.696414],[121.308134,23.696326],[121.308136,23.696145],[121.308828,23.695701],[121.308833,23.69534],[121.308639,23.695157],[121.308248,23.695063],[121.308251,23.694882],[121.308152,23.694881],[121.308155,23.694701],[121.308252,23.694792],[121.308547,23.694705],[121.308354,23.694432],[121.307962,23.694428],[121.307866,23.694246],[121.307377,23.69415],[121.306981,23.694507],[121.306972,23.695139],[121.307169,23.695141],[121.307362,23.695324],[121.307262,23.695504],[121.306969,23.69541],[121.307163,23.695593],[121.306964,23.695771],[121.306955,23.696494],[121.306856,23.696583],[121.306267,23.696576],[121.306167,23.696756],[121.305481,23.696748],[121.304191,23.697908],[121.304185,23.69836],[121.303988,23.698448],[121.303982,23.698899],[121.303785,23.698987],[121.303781,23.699258],[121.303584,23.699346],[121.303676,23.699799],[121.303481,23.699706],[121.302985,23.700152],[121.302972,23.701146],[121.302675,23.701413],[121.302086,23.701407],[121.301986,23.701586],[121.300025,23.701565],[121.300024,23.701655],[121.299632,23.701651],[121.299633,23.70156],[121.299436,23.701648],[121.299339,23.701557],[121.299338,23.701647],[121.299141,23.701645],[121.299046,23.701464],[121.298848,23.701552],[121.298657,23.701188],[121.297873,23.70118],[121.297869,23.701451],[121.297671,23.701629],[121.297182,23.701533],[121.297081,23.701713],[121.296885,23.701711],[121.296588,23.701978],[121.296095,23.702154],[121.296282,23.702878],[121.296184,23.702877],[121.296179,23.703238],[121.295982,23.703326],[121.295978,23.703597],[121.296173,23.703689],[121.296265,23.704142],[121.295969,23.704319],[121.295966,23.7045],[121.295868,23.704499],[121.295964,23.70468],[121.295767,23.704769],[121.295764,23.704949],[121.29537,23.705125],[121.295554,23.70603],[121.29526,23.706027],[121.295062,23.706206],[121.295057,23.706567],[121.294959,23.706566],[121.294856,23.706926],[121.294563,23.706832],[121.294565,23.706652],[121.294763,23.706564],[121.29457,23.706291],[121.294276,23.706287],[121.294082,23.706105],[121.29359,23.70628],[121.293585,23.706641],[121.293683,23.706642],[121.293778,23.706914],[121.293975,23.706826],[121.29388,23.706554],[121.294272,23.706558],[121.29427,23.706739],[121.294368,23.70674],[121.294267,23.70701],[121.294756,23.707105],[121.294752,23.707376],[121.294555,23.707464],[121.294553,23.707645],[121.294356,23.707643],[121.294158,23.707821],[121.294156,23.708002],[121.294254,23.708003],[121.294145,23.708814],[121.29385,23.708901],[121.292857,23.709793],[121.292652,23.710513],[121.292057,23.711049],[121.292054,23.711229],[121.291757,23.711497],[121.291654,23.711857],[121.291357,23.712034],[121.291256,23.712304],[121.29096,23.712391],[121.290758,23.71284],[121.290365,23.712926],[121.290166,23.713105],[121.290164,23.713285],[121.289967,23.713373],[121.289964,23.713554],[121.289768,23.713552],[121.289471,23.713819],[121.289468,23.714],[121.289272,23.713998],[121.289171,23.714267],[121.288974,23.714265],[121.288776,23.714444],[121.288772,23.714715],[121.288184,23.714708],[121.288186,23.714527],[121.287895,23.714344],[121.287597,23.714611],[121.287791,23.714794],[121.287788,23.714975],[121.287396,23.71497],[121.287397,23.71488],[121.287004,23.714966],[121.287005,23.714876],[121.286809,23.714873],[121.286811,23.714693],[121.286909,23.714694],[121.286815,23.714422],[121.286029,23.714504],[121.28593,23.714593],[121.286026,23.714774],[121.286517,23.71469],[121.286613,23.714871],[121.285918,23.715496],[121.285427,23.715581],[121.285128,23.715938],[121.284834,23.715935],[121.284238,23.71647],[121.283847,23.716376],[121.283548,23.716734],[121.283157,23.716639],[121.283156,23.716729],[121.282664,23.716814],[121.282758,23.717176],[121.282953,23.717269],[121.282655,23.717536],[121.282653,23.717717],[121.283044,23.717812],[121.28304,23.718082],[121.282842,23.718261],[121.282451,23.718166],[121.282348,23.718526],[121.281954,23.718612],[121.281951,23.718883],[121.282435,23.71934],[121.282538,23.71898],[121.282344,23.718797],[121.28254,23.718799],[121.282542,23.718709],[121.283031,23.718805],[121.28293,23.718984],[121.283125,23.719077],[121.283123,23.719257],[121.282927,23.719255],[121.282826,23.719435],[121.283119,23.719528],[121.283117,23.719709],[121.282918,23.719887],[121.282915,23.720158],[121.282624,23.719884],[121.282427,23.719972],[121.282425,23.720152],[121.282814,23.720337],[121.282812,23.720518],[121.282617,23.720425],[121.282515,23.720695],[121.282808,23.720789],[121.282803,23.72124],[121.283194,23.721335],[121.28319,23.721606],[121.283288,23.721607],[121.283188,23.721786],[121.28348,23.72197],[121.283572,23.722423],[121.283768,23.722425],[121.283765,23.722605],[121.283962,23.722608],[121.283959,23.722788],[121.284155,23.72279],[121.284153,23.722971],[121.285526,23.722986],[121.285524,23.723167],[121.28572,23.723169],[121.285717,23.723349],[121.286307,23.723266],[121.286305,23.723446],[121.286501,23.723448],[121.286498,23.723629],[121.286694,23.723631],[121.286692,23.723812],[121.286888,23.723814],[121.286886,23.723994],[121.28718,23.723998],[121.287195,23.722824],[121.286808,23.722459],[121.286611,23.722547],[121.286613,23.722366],[121.286515,23.722365],[121.286619,23.721915],[121.285746,23.721183],[121.285846,23.721003],[121.285651,23.720911],[121.28585,23.720732],[121.285754,23.720551],[121.28595,23.720553],[121.286052,23.720283],[121.285955,23.720192],[121.285759,23.720189],[121.285757,23.72028],[121.285464,23.720186],[121.285364,23.720366],[121.285657,23.720459],[121.285656,23.720549],[121.285362,23.720546],[121.285163,23.720725],[121.285066,23.720633],[121.285169,23.720273],[121.285267,23.720274],[121.285174,23.719912],[121.284978,23.71991],[121.284977,23.72],[121.284683,23.719907],[121.284583,23.720086],[121.284387,23.720084],[121.284096,23.71981],[121.284197,23.71963],[121.284688,23.719545],[121.284689,23.719455],[121.285082,23.71946],[121.285083,23.719369],[121.285279,23.719371],[121.28508,23.71955],[121.285176,23.719731],[121.28557,23.719646],[121.285763,23.719828],[121.285865,23.719559],[121.285671,23.719376],[121.285475,23.719374],[121.285574,23.719284],[121.285479,23.719103],[121.285184,23.719099],[121.285187,23.718919],[121.285285,23.71892],[121.28519,23.718648],[121.285386,23.71865],[121.285385,23.718741],[121.285681,23.718653],[121.285776,23.718835],[121.285972,23.718837],[121.285774,23.719016],[121.285772,23.719196],[121.285965,23.719379],[121.28626,23.719382],[121.286257,23.719563],[121.286452,23.719655],[121.286544,23.720108],[121.28684,23.720021],[121.286935,23.720202],[121.287328,23.720207],[121.287428,23.720027],[121.287722,23.720031],[121.287816,23.720393],[121.287519,23.72057],[121.287615,23.720752],[121.288012,23.720395],[121.288208,23.720397],[121.288308,23.720218],[121.288602,23.720221],[121.289184,23.720769],[121.289181,23.72095],[121.289083,23.720949],[121.289177,23.721311],[121.288781,23.721577],[121.288877,23.721759],[121.28927,23.721673],[121.28937,23.721494],[121.289665,23.721497],[121.289964,23.721139],[121.290357,23.721053],[121.290353,23.721324],[121.290156,23.721412],[121.290153,23.721683],[121.289955,23.721771],[121.289951,23.722132],[121.290047,23.722223],[121.290245,23.722135],[121.290242,23.722316],[121.290144,23.722315],[121.290142,23.722495],[121.289946,23.722493],[121.289947,23.722403],[121.28975,23.722491],[121.289747,23.722672],[121.290038,23.722946],[121.289939,23.723035],[121.289933,23.723486],[121.289736,23.723575],[121.289733,23.723755],[121.290024,23.724029],[121.290808,23.724038],[121.291008,23.723769],[121.291497,23.723865],[121.291599,23.723595],[121.29189,23.723869],[121.292087,23.723781],[121.292179,23.724234],[121.291884,23.724321],[121.291878,23.724772],[121.29168,23.72486],[121.291675,23.725312],[121.291771,23.725403],[121.291573,23.725581]],[[121.303572,23.723005],[121.303669,23.723096],[121.303571,23.723095],[121.303572,23.723005]],[[121.308011,23.713481],[121.307911,23.713571],[121.307913,23.71348],[121.308011,23.713481]],[[121.308846,23.709517],[121.308749,23.709426],[121.308848,23.709427],[121.308846,23.709517]],[[121.30829,23.699398],[121.308193,23.699306],[121.308292,23.699307],[121.30829,23.699398]],[[121.308136,23.696145],[121.308039,23.696054],[121.308137,23.696055],[121.308136,23.696145]],[[121.29365,23.70917],[121.293747,23.709261],[121.293649,23.70926],[121.29365,23.70917]],[[121.289468,23.714],[121.289565,23.714091],[121.289467,23.71409],[121.289468,23.714]],[[121.282814,23.720337],[121.282914,23.720248],[121.282912,23.720338],[121.282814,23.720337]],[[121.282808,23.720789],[121.282908,23.7207],[121.282907,23.72079],[121.282808,23.720789]],[[121.284387,23.720084],[121.284288,23.720173],[121.284289,23.720083],[121.284387,23.720084]],[[121.284287,23.720263],[121.28409,23.720261],[121.284092,23.720171],[121.284288,23.720173],[121.284287,23.720263]],[[121.288308,23.720218],[121.288211,23.720126],[121.288309,23.720127],[121.288308,23.720218]],[[121.290357,23.721053],[121.290456,23.720964],[121.290455,23.721054],[121.290357,23.721053]],[[121.291008,23.723769],[121.290911,23.723678],[121.291009,23.723679],[121.291008,23.723769]],[[121.29177,23.725493],[121.292268,23.724957],[121.292856,23.724963],[121.293244,23.725329],[121.293239,23.72569],[121.29304,23.725868],[121.292648,23.725864],[121.292552,23.725683],[121.29206,23.725858],[121.29177,23.725493]],[[121.298724,23.726292],[121.298726,23.726112],[121.298824,23.726113],[121.298822,23.726293],[121.298724,23.726292]],[[121.296767,23.72591],[121.296765,23.72609],[121.296667,23.726089],[121.296571,23.725907],[121.296767,23.72591]],[[121.30108,23.726138],[121.300983,23.726046],[121.301081,23.726047],[121.30108,23.726138]],[[121.297945,23.725832],[121.29785,23.72556],[121.297949,23.725561],[121.298045,23.725653],[121.297943,23.726013],[121.297845,23.726012],[121.297847,23.725831],[121.297945,23.725832]],[[121.298335,23.726017],[121.298238,23.725926],[121.298336,23.725927],[121.298335,23.726017]],[[121.295004,23.72571],[121.2952,23.725712],[121.295199,23.725802],[121.295003,23.7258],[121.295004,23.72571]],[[121.295004,23.72571],[121.294907,23.725618],[121.295005,23.725619],[121.295004,23.72571]],[[121.296574,23.725637],[121.296671,23.725728],[121.296768,23.725819],[121.296572,23.725817],[121.296574,23.725637]],[[121.296769,23.725729],[121.296869,23.72564],[121.296867,23.72573],[121.296769,23.725729]],[[121.294517,23.725433],[121.294711,23.725616],[121.294515,23.725614],[121.294517,23.725433]],[[121.300889,23.725684],[121.300892,23.725503],[121.301186,23.725507],[121.301184,23.725687],[121.300889,23.725684]],[[121.293659,23.723528],[121.293952,23.723621],[121.293949,23.723892],[121.294047,23.723893],[121.294046,23.723983],[121.293948,23.723982],[121.293945,23.724163],[121.293847,23.724162],[121.293846,23.724252],[121.293943,23.724343],[121.294238,23.724256],[121.294432,23.724439],[121.294425,23.724981],[121.294228,23.725069],[121.294321,23.725431],[121.294126,23.725339],[121.294026,23.725518],[121.293634,23.725514],[121.29344,23.725331],[121.293541,23.725061],[121.292665,23.7246],[121.292669,23.724239],[121.292967,23.723971],[121.29326,23.724065],[121.293259,23.724155],[121.293456,23.724067],[121.293363,23.723705],[121.293558,23.723797],[121.293658,23.723618],[121.293561,23.723526],[121.293266,23.723614],[121.293267,23.723523],[121.293466,23.723345],[121.293572,23.722714],[121.293769,23.722626],[121.293858,23.723349],[121.293659,23.723528]],[[121.292967,23.723971],[121.29287,23.72388],[121.292968,23.723881],[121.292967,23.723971]],[[121.293858,23.723349],[121.293955,23.723441],[121.293857,23.723439],[121.293858,23.723349]],[[121.301677,23.725422],[121.30148,23.72551],[121.301482,23.725329],[121.301779,23.725152],[121.301677,23.725422]],[[121.301583,23.72515],[121.301489,23.724788],[121.301588,23.724789],[121.301592,23.724428],[121.30179,23.724339],[121.301793,23.724069],[121.30189,23.72416],[121.302478,23.724166],[121.302371,23.724888],[121.302272,23.724977],[121.301783,23.724881],[121.301681,23.725151],[121.301583,23.72515]],[[121.294521,23.725162],[121.294719,23.724984],[121.294716,23.725255],[121.294521,23.725162]],[[121.295108,23.725259],[121.295011,23.725168],[121.295109,23.725169],[121.295108,23.725259]],[[121.29668,23.725096],[121.296876,23.725098],[121.296874,23.725188],[121.296678,23.725186],[121.29668,23.725096]],[[121.29668,23.725096],[121.296583,23.725005],[121.296681,23.725006],[121.29668,23.725096]],[[121.296583,23.725005],[121.296483,23.725094],[121.296288,23.725001],[121.296391,23.724641],[121.296197,23.724459],[121.296,23.724547],[121.295806,23.724364],[121.295704,23.724724],[121.295605,23.724723],[121.295699,23.725085],[121.295406,23.724992],[121.295407,23.724901],[121.29511,23.725079],[121.295114,23.724808],[121.295507,23.724722],[121.295218,23.724357],[121.295516,23.72409],[121.29552,23.723729],[121.295617,23.72382],[121.295815,23.723732],[121.295917,23.723372],[121.295723,23.723189],[121.295921,23.723101],[121.295829,23.722648],[121.296027,23.72247],[121.296124,23.722561],[121.296321,23.722473],[121.296219,23.722833],[121.296317,23.722834],[121.296313,23.723105],[121.296508,23.723198],[121.296406,23.723468],[121.296308,23.723466],[121.296306,23.723647],[121.296598,23.723831],[121.296499,23.72392],[121.296583,23.725005]],[[121.296509,23.723107],[121.296607,23.723109],[121.296513,23.722837],[121.296709,23.722839],[121.296799,23.723472],[121.296509,23.723107]],[[121.297562,23.725106],[121.297659,23.725197],[121.297561,23.725196],[121.297562,23.725106]],[[121.297663,23.724926],[121.297468,23.724834],[121.29747,23.724653],[121.297567,23.724745],[121.297764,23.724656],[121.297758,23.725108],[121.29766,23.725107],[121.297663,23.724926]],[[121.29747,23.724653],[121.297373,23.724562],[121.297471,23.724563],[121.29747,23.724653]],[[121.300699,23.72523],[121.300605,23.724959],[121.300996,23.725053],[121.300994,23.725143],[121.300699,23.72523]],[[121.300996,23.725053],[121.301095,23.724964],[121.301094,23.725054],[121.300996,23.725053]],[[121.296096,23.724728],[121.296093,23.724909],[121.296192,23.72491],[121.296189,23.725091],[121.295896,23.724997],[121.2959,23.724726],[121.296096,23.724728]],[[121.299624,23.724948],[121.299527,23.724856],[121.299625,23.724857],[121.299624,23.724948]],[[121.297076,23.724739],[121.297176,23.72465],[121.297175,23.72474],[121.297076,23.724739]],[[121.296882,23.724647],[121.296788,23.724284],[121.296983,23.724377],[121.297182,23.724198],[121.297185,23.723928],[121.297381,23.72393],[121.297378,23.724201],[121.29718,23.724289],[121.297078,23.724649],[121.296882,23.724647]],[[121.296788,23.724284],[121.296691,23.724193],[121.296789,23.724194],[121.296788,23.724284]],[[121.299725,23.724678],[121.29953,23.724586],[121.299532,23.724495],[121.299728,23.724497],[121.299725,23.724678]],[[121.299532,23.724495],[121.299435,23.724404],[121.299533,23.724405],[121.299532,23.724495]],[[121.29424,23.724166],[121.294143,23.724075],[121.294241,23.724076],[121.29424,23.724166]],[[121.294338,23.724167],[121.29434,23.723987],[121.294438,23.723988],[121.294436,23.724168],[121.294338,23.724167]],[[121.29473,23.724171],[121.294633,23.72408],[121.294731,23.724081],[121.29473,23.724171]],[[121.299143,23.72422],[121.299242,23.724131],[121.299241,23.724221],[121.299143,23.72422]],[[121.299144,23.72413],[121.299047,23.724038],[121.299145,23.724039],[121.299144,23.72413]],[[121.301302,23.724153],[121.301205,23.724062],[121.301303,23.724063],[121.301302,23.724153]],[[121.297968,23.724027],[121.297971,23.723846],[121.298069,23.723847],[121.298067,23.724028],[121.297968,23.724027]],[[121.29268,23.723426],[121.292683,23.723156],[121.29249,23.722973],[121.292588,23.722974],[121.292692,23.722524],[121.29279,23.722525],[121.292885,23.722706],[121.293082,23.722708],[121.293079,23.722889],[121.292882,23.722977],[121.292875,23.723519],[121.292478,23.723876],[121.292582,23.723425],[121.29268,23.723426]],[[121.292969,23.723791],[121.292972,23.72361],[121.29307,23.723611],[121.293068,23.723792],[121.292969,23.723791]],[[121.294931,23.723812],[121.294834,23.723721],[121.294932,23.723722],[121.294931,23.723812]],[[121.29699,23.723835],[121.296893,23.723744],[121.296991,23.723745],[121.29699,23.723835]],[[121.294147,23.723714],[121.29415,23.723533],[121.294052,23.723532],[121.294054,23.723351],[121.294346,23.723535],[121.294147,23.723714]],[[121.29425,23.723353],[121.294055,23.723261],[121.29406,23.7229],[121.294256,23.722902],[121.29425,23.723353]],[[121.294346,23.723535],[121.294445,23.723446],[121.294444,23.723536],[121.294346,23.723535]],[[121.297582,23.723571],[121.29758,23.723751],[121.297482,23.72375],[121.297386,23.723569],[121.297582,23.723571]],[[121.297091,23.723656],[121.297093,23.723475],[121.297191,23.723476],[121.297189,23.723657],[121.297091,23.723656]],[[121.291904,23.722786],[121.291407,23.723232],[121.291405,23.723412],[121.291307,23.723411],[121.291211,23.72323],[121.291708,23.722784],[121.291904,23.722786]],[[121.291904,23.722786],[121.292003,23.722697],[121.292002,23.722787],[121.291904,23.722786]],[[121.295036,23.723272],[121.295034,23.723452],[121.294935,23.723451],[121.29484,23.72327],[121.295036,23.723272]],[[121.297779,23.723483],[121.297682,23.723391],[121.297781,23.723392],[121.297779,23.723483]],[[121.294547,23.723176],[121.294644,23.723268],[121.294546,23.723266],[121.294547,23.723176]],[[121.294647,23.722997],[121.294745,23.722998],[121.294743,23.723178],[121.294645,23.723177],[121.294647,23.722997]],[[121.297586,23.7233],[121.297489,23.723209],[121.297587,23.72321],[121.297586,23.7233]],[[121.29788,23.723303],[121.297783,23.723212],[121.297881,23.723213],[121.29788,23.723303]],[[121.294841,23.723179],[121.294941,23.723],[121.295039,23.723001],[121.295037,23.723182],[121.294841,23.723179]],[[121.295039,23.723001],[121.295139,23.722912],[121.295137,23.723002],[121.295039,23.723001]],[[121.301809,23.722805],[121.301813,23.722534],[121.30221,23.722177],[121.302503,23.72227],[121.302596,23.722633],[121.302794,23.722544],[121.302797,23.722274],[121.302993,23.722276],[121.302991,23.722456],[121.302893,23.722455],[121.302984,23.722998],[121.302788,23.722996],[121.302497,23.722722],[121.302197,23.72317],[121.301804,23.723256],[121.301807,23.722985],[121.301709,23.722984],[121.301711,23.722804],[121.301809,23.722805]],[[121.292292,23.723061],[121.292392,23.722972],[121.29239,23.723062],[121.292292,23.723061]],[[121.292294,23.722971],[121.292197,23.722879],[121.292295,23.72288],[121.292294,23.722971]],[[121.291236,23.721334],[121.291138,23.721333],[121.29113,23.721965],[121.290932,23.722053],[121.290929,23.722324],[121.290435,23.722589],[121.290628,23.722862],[121.290332,23.722949],[121.290235,23.722858],[121.290339,23.722407],[121.290437,23.722408],[121.290342,23.722227],[121.290836,23.721961],[121.290838,23.721781],[121.290936,23.721782],[121.290843,23.72142],[121.291041,23.721241],[121.291045,23.72097],[121.29124,23.721063],[121.291236,23.721334]],[[121.291045,23.72097],[121.290948,23.720879],[121.291046,23.72088],[121.291045,23.72097]],[[121.29085,23.720878],[121.290753,23.720786],[121.290854,23.720517],[121.291149,23.72052],[121.29085,23.720878]],[[121.290753,23.720786],[121.290654,23.720876],[121.290655,23.720785],[121.290753,23.720786]],[[121.296714,23.722478],[121.296911,23.72239],[121.296725,23.721575],[121.29692,23.721667],[121.297023,23.721307],[121.297121,23.721308],[121.297217,23.72149],[121.296919,23.721758],[121.297016,23.721849],[121.296917,23.721938],[121.29701,23.7223],[121.297398,23.722666],[121.297693,23.722579],[121.297883,23.723032],[121.297687,23.72303],[121.297688,23.72294],[121.297393,23.723027],[121.297395,23.722846],[121.296907,23.72266],[121.296908,23.72257],[121.296613,23.722657],[121.296521,23.722205],[121.296619,23.722206],[121.296714,23.722478]],[[121.296423,23.722204],[121.296425,23.722023],[121.296327,23.722022],[121.296426,23.721933],[121.296329,23.721841],[121.296436,23.72121],[121.296339,23.721119],[121.296437,23.72112],[121.296442,23.720759],[121.29654,23.72076],[121.296529,23.721573],[121.296627,23.721574],[121.296625,23.721754],[121.296527,23.721753],[121.296521,23.722205],[121.296423,23.722204]],[[121.286021,23.72263],[121.285924,23.722539],[121.286022,23.72254],[121.286021,23.72263]],[[121.29122,23.722598],[121.291123,23.722506],[121.291221,23.722507],[121.29122,23.722598]],[[121.292112,23.721885],[121.292114,23.721705],[121.292312,23.721526],[121.292509,23.721528],[121.292702,23.721711],[121.292696,23.722162],[121.2926,23.722071],[121.292402,23.722159],[121.292396,23.722611],[121.292298,23.72261],[121.292307,23.721978],[121.292112,23.721885]],[[121.294063,23.722629],[121.293967,23.722538],[121.294065,23.722539],[121.294063,23.722629]],[[121.29475,23.722637],[121.294653,23.722545],[121.294751,23.722546],[121.29475,23.722637]],[[121.292889,23.722435],[121.292792,23.722344],[121.29289,23.722345],[121.292889,23.722435]],[[121.294659,23.722094],[121.294462,23.722182],[121.29436,23.722452],[121.294164,23.72245],[121.29397,23.722267],[121.293877,23.721905],[121.294274,23.721548],[121.29447,23.72155],[121.294664,23.721733],[121.29466,23.722004],[121.294758,23.722005],[121.294756,23.722185],[121.294659,23.722094]],[[121.29397,23.722267],[121.293871,23.722356],[121.293872,23.722266],[121.29397,23.722267]],[[121.294854,23.722186],[121.294851,23.722367],[121.294753,23.722366],[121.294756,23.722185],[121.294854,23.722186]],[[121.295145,23.72246],[121.295148,23.722189],[121.295246,23.722191],[121.295243,23.722461],[121.295145,23.72246]],[[121.285928,23.722268],[121.285831,23.722177],[121.285929,23.722178],[121.285928,23.722268]],[[121.293184,23.722348],[121.293187,23.722168],[121.293285,23.722169],[121.293282,23.72235],[121.293184,23.722348]],[[121.295832,23.722378],[121.295834,23.722197],[121.295933,23.722198],[121.29593,23.722379],[121.295832,23.722378]],[[121.297499,23.722396],[121.297402,23.722305],[121.2975,23.722306],[121.297499,23.722396]],[[121.297695,23.722398],[121.297598,23.722307],[121.297697,23.722308],[121.297695,23.722398]],[[121.284179,23.720985],[121.28408,23.721074],[121.284373,23.721167],[121.284274,23.721257],[121.284366,23.721709],[121.284167,23.721887],[121.283676,23.721972],[121.283482,23.72179],[121.283484,23.721609],[121.28378,23.721522],[121.283683,23.721431],[121.283783,23.721251],[121.283589,23.721068],[121.283295,23.721065],[121.283494,23.720887],[121.283398,23.720705],[121.283594,23.720707],[121.283784,23.721161],[121.283982,23.721073],[121.283985,23.720802],[121.284179,23.720985]],[[121.283887,23.720801],[121.28389,23.72062],[121.283988,23.720621],[121.283985,23.720802],[121.283887,23.720801]],[[121.286029,23.721998],[121.285932,23.721907],[121.28603,23.721908],[121.286029,23.721998]],[[121.295149,23.722099],[121.295052,23.722008],[121.29515,23.722009],[121.295149,23.722099]],[[121.291522,23.721969],[121.291523,23.721879],[121.291719,23.721881],[121.291718,23.721971],[121.291522,23.721969]],[[121.285936,23.721636],[121.285934,23.721817],[121.285835,23.721816],[121.28574,23.721634],[121.285936,23.721636]],[[121.29525,23.72192],[121.295349,23.721831],[121.295348,23.721921],[121.29525,23.72192]],[[121.295251,23.721829],[121.295154,23.721738],[121.295252,23.721739],[121.295251,23.721829]],[[121.296132,23.721929],[121.296035,23.721838],[121.296133,23.721839],[121.296132,23.721929]],[[121.297211,23.721941],[121.297114,23.72185],[121.297212,23.721851],[121.297211,23.721941]],[[121.285053,23.721626],[121.285153,23.721537],[121.285151,23.721627],[121.285053,23.721626]],[[121.285054,23.721536],[121.284958,23.721445],[121.285056,23.721446],[121.285054,23.721536]],[[121.295057,23.721647],[121.295062,23.721286],[121.29516,23.721287],[121.295155,23.721648],[121.295057,23.721647]],[[121.295649,23.721382],[121.295645,23.721653],[121.295449,23.721651],[121.295454,23.72129],[121.295649,23.721382]],[[121.298195,23.721681],[121.298098,23.72159],[121.298196,23.721591],[121.298195,23.721681]],[[121.283585,23.721429],[121.283488,23.721338],[121.283586,23.721339],[121.283585,23.721429]],[[121.291533,23.721156],[121.291535,23.720976],[121.291927,23.72098],[121.292121,23.721163],[121.292119,23.721343],[121.29192,23.721522],[121.291724,23.72152],[121.291728,23.721249],[121.291533,23.721156]],[[121.297315,23.721491],[121.297513,23.721313],[121.297608,23.721585],[121.297315,23.721491]],[[121.290646,23.721417],[121.29055,23.721326],[121.290648,23.721327],[121.290646,23.721417]],[[121.294373,23.721459],[121.294276,23.721367],[121.294374,23.721368],[121.294373,23.721459]],[[121.284471,23.721168],[121.284571,23.720989],[121.284864,23.721082],[121.284862,23.721263],[121.284568,23.72126],[121.284471,23.721168]],[[121.297904,23.721407],[121.297807,23.721316],[121.297906,23.721317],[121.297904,23.721407]],[[121.294473,23.721279],[121.294376,23.721188],[121.294474,23.721189],[121.294473,23.721279]],[[121.295749,23.721203],[121.295752,23.721022],[121.29585,23.721023],[121.295847,23.721204],[121.295749,23.721203]],[[121.297416,23.721221],[121.29732,23.72113],[121.297418,23.721131],[121.297416,23.721221]],[[121.295064,23.721105],[121.295065,23.721015],[121.295261,23.721017],[121.29526,23.721107],[121.295064,23.721105]],[[121.297025,23.721127],[121.297028,23.720946],[121.297126,23.720947],[121.297123,23.721128],[121.297025,23.721127]],[[121.284965,23.720903],[121.28477,23.720811],[121.284771,23.72072],[121.284967,23.720722],[121.284965,23.720903]],[[121.284575,23.720718],[121.284576,23.720628],[121.284772,23.72063],[121.284771,23.72072],[121.284575,23.720718]],[[121.289492,23.719689],[121.28959,23.71969],[121.289584,23.720141],[121.289975,23.720236],[121.290169,23.720419],[121.290164,23.72078],[121.289966,23.720958],[121.28977,23.720956],[121.289382,23.720591],[121.289386,23.72032],[121.288901,23.719863],[121.288705,23.719861],[121.289103,23.719414],[121.289494,23.719508],[121.289492,23.719689]],[[121.289191,23.720227],[121.289092,23.720317],[121.289093,23.720226],[121.289191,23.720227]],[[121.288705,23.719861],[121.288606,23.71995],[121.288607,23.71986],[121.288705,23.719861]],[[121.289005,23.719413],[121.289008,23.719232],[121.289106,23.719233],[121.289103,23.719414],[121.289005,23.719413]],[[121.295949,23.720934],[121.295952,23.720663],[121.296051,23.720664],[121.296047,23.720935],[121.295949,23.720934]],[[121.298204,23.720959],[121.298108,23.720868],[121.298206,23.720869],[121.298204,23.720959]],[[121.29546,23.720838],[121.295363,23.720747],[121.295461,23.720748],[121.29546,23.720838]],[[121.291342,23.720703],[121.291344,23.720612],[121.29154,23.720615],[121.291538,23.720705],[121.291342,23.720703]],[[121.283793,23.720529],[121.283696,23.720437],[121.283794,23.720439],[121.283793,23.720529]],[[121.291638,23.720616],[121.291639,23.720525],[121.291835,23.720528],[121.291834,23.720618],[121.291638,23.720616]],[[121.296349,23.720306],[121.296352,23.720126],[121.296254,23.720125],[121.296258,23.719764],[121.296549,23.720038],[121.296443,23.720669],[121.296249,23.720486],[121.296251,23.720305],[121.296349,23.720306]],[[121.283306,23.720253],[121.283406,23.720073],[121.283211,23.719981],[121.283214,23.7198],[121.283511,23.719532],[121.2836,23.720256],[121.283402,23.720434],[121.283205,23.720432],[121.28311,23.72025],[121.283306,23.720253]],[[121.297719,23.720592],[121.297622,23.720501],[121.29772,23.720502],[121.297719,23.720592]],[[121.284972,23.720361],[121.284875,23.72027],[121.284973,23.720271],[121.284972,23.720361]],[[121.295858,23.720391],[121.295761,23.7203],[121.295859,23.720301],[121.295858,23.720391]],[[121.295467,23.720297],[121.29537,23.720205],[121.295468,23.720206],[121.295467,23.720297]],[[121.301554,23.719822],[121.301752,23.719643],[121.301948,23.719646],[121.301646,23.720274],[121.301548,23.720273],[121.301554,23.719822]],[[121.288622,23.718686],[121.28862,23.718867],[121.288522,23.718866],[121.288617,23.719137],[121.288419,23.719226],[121.288413,23.719677],[121.288215,23.719855],[121.288019,23.719853],[121.287728,23.719579],[121.287628,23.719759],[121.287432,23.719756],[121.28743,23.719847],[121.287137,23.719753],[121.286939,23.719932],[121.286648,23.719657],[121.286554,23.719386],[121.286751,23.719297],[121.286753,23.719117],[121.286365,23.718842],[121.286659,23.718845],[121.28666,23.718755],[121.286855,23.718847],[121.286856,23.718757],[121.28715,23.71876],[121.287349,23.718582],[121.287351,23.718401],[121.287253,23.7184],[121.287354,23.718221],[121.287063,23.717946],[121.286571,23.718031],[121.286574,23.717851],[121.286379,23.717758],[121.28648,23.717488],[121.286869,23.717764],[121.287167,23.717496],[121.287175,23.716864],[121.28698,23.716772],[121.286887,23.716409],[121.287181,23.716413],[121.287079,23.716682],[121.287371,23.716866],[121.28727,23.717136],[121.287368,23.717137],[121.287364,23.717408],[121.287559,23.7175],[121.287554,23.717862],[121.287748,23.718044],[121.287747,23.718135],[121.287452,23.718222],[121.287549,23.718313],[121.287543,23.718764],[121.287736,23.718947],[121.287933,23.718949],[121.287934,23.718859],[121.288129,23.718951],[121.288329,23.718593],[121.288821,23.718508],[121.288622,23.718686]],[[121.286379,23.717758],[121.28628,23.717847],[121.286281,23.717757],[121.286379,23.717758]],[[121.286281,23.717757],[121.286184,23.717666],[121.286282,23.717667],[121.286281,23.717757]],[[121.28698,23.716772],[121.286881,23.716861],[121.286882,23.716771],[121.28698,23.716772]],[[121.288041,23.718138],[121.287941,23.718317],[121.287746,23.718225],[121.287747,23.718135],[121.288041,23.718138]],[[121.287941,23.718317],[121.288038,23.718409],[121.28794,23.718408],[121.287941,23.718317]],[[121.288822,23.718417],[121.288921,23.718328],[121.289314,23.718333],[121.289115,23.718511],[121.289113,23.718691],[121.288822,23.718417]],[[121.289314,23.718333],[121.289413,23.718243],[121.289412,23.718334],[121.289314,23.718333]],[[121.298912,23.719341],[121.299009,23.719433],[121.298911,23.719432],[121.298912,23.719341]],[[121.29901,23.719342],[121.299109,23.719253],[121.299108,23.719344],[121.29901,23.719342]],[[121.299112,23.719073],[121.29921,23.719074],[121.299207,23.719254],[121.299109,23.719253],[121.299112,23.719073]],[[121.289792,23.719241],[121.289695,23.719149],[121.289793,23.719151],[121.289792,23.719241]],[[121.2946,23.719113],[121.294597,23.719294],[121.294303,23.719291],[121.294403,23.719111],[121.2946,23.719113]],[[121.286263,23.719111],[121.286166,23.71902],[121.286264,23.719021],[121.286263,23.719111]],[[121.283715,23.718993],[121.283618,23.718902],[121.283716,23.718903],[121.283715,23.718993]],[[121.284989,23.719007],[121.285089,23.718918],[121.285088,23.719008],[121.284989,23.719007]],[[121.284991,23.718917],[121.284894,23.718825],[121.284797,23.718734],[121.284993,23.718736],[121.284991,23.718917]],[[121.289304,23.719055],[121.289207,23.718963],[121.289305,23.718965],[121.289304,23.719055]],[[121.289797,23.71888],[121.289696,23.719059],[121.289598,23.719058],[121.289601,23.718877],[121.289797,23.71888]],[[121.295384,23.719122],[121.295287,23.719031],[121.295385,23.719032],[121.295384,23.719122]],[[121.283522,23.71872],[121.283422,23.718899],[121.283324,23.718898],[121.283326,23.718718],[121.283522,23.71872]],[[121.286268,23.71875],[121.286265,23.718931],[121.286167,23.71893],[121.286072,23.718748],[121.286268,23.71875]],[[121.295288,23.71894],[121.295191,23.718849],[121.29529,23.71885],[121.295288,23.71894]],[[121.285684,23.718383],[121.285682,23.718563],[121.285584,23.718562],[121.285488,23.71838],[121.285684,23.718383]],[[121.286273,23.718389],[121.286178,23.718117],[121.286372,23.7183],[121.286764,23.718304],[121.286963,23.718126],[121.28696,23.718306],[121.286862,23.718305],[121.286957,23.718577],[121.286273,23.718389]],[[121.289803,23.718428],[121.2898,23.718609],[121.289702,23.718608],[121.289705,23.718427],[121.289803,23.718428]],[[121.289901,23.718429],[121.289706,23.718337],[121.289708,23.718156],[121.290001,23.71825],[121.289901,23.718429]],[[121.290002,23.71816],[121.290199,23.718162],[121.290197,23.718252],[121.290001,23.71825],[121.290002,23.71816]],[[121.284997,23.718465],[121.284707,23.718101],[121.285001,23.718104],[121.285002,23.718014],[121.285294,23.718198],[121.285193,23.718467],[121.284997,23.718465]],[[121.283628,23.718089],[121.283828,23.71782],[121.28412,23.718004],[121.28392,23.718273],[121.283628,23.718089]],[[121.294903,23.718394],[121.294904,23.718304],[121.2951,23.718306],[121.295099,23.718396],[121.294903,23.718394]],[[121.285785,23.718203],[121.285786,23.718113],[121.285982,23.718115],[121.285981,23.718205],[121.285785,23.718203]],[[121.288138,23.718229],[121.288139,23.718139],[121.288335,23.718141],[121.288334,23.718231],[121.288138,23.718229]],[[121.297356,23.718331],[121.297259,23.71824],[121.297357,23.718241],[121.297356,23.718331]],[[121.285394,23.718109],[121.285395,23.718018],[121.285591,23.71802],[121.28559,23.718111],[121.285394,23.718109]],[[121.288533,23.718053],[121.288436,23.717962],[121.288534,23.717963],[121.288533,23.718053]],[[121.285301,23.717656],[121.2852,23.717926],[121.285004,23.717924],[121.285007,23.717653],[121.284909,23.717652],[121.285011,23.717382],[121.285207,23.717384],[121.285304,23.717475],[121.285203,23.717655],[121.285301,23.717656]],[[121.285304,23.717475],[121.285403,23.717386],[121.285402,23.717477],[121.285304,23.717475]],[[121.288338,23.717961],[121.288241,23.717869],[121.288339,23.71787],[121.288338,23.717961]],[[121.289024,23.717968],[121.288927,23.717877],[121.289025,23.717878],[121.289024,23.717968]],[[121.290203,23.717801],[121.290201,23.717981],[121.290005,23.717979],[121.290008,23.717708],[121.290203,23.717801]],[[121.285601,23.717208],[121.285505,23.717116],[121.28521,23.717113],[121.285012,23.717292],[121.284818,23.717109],[121.284717,23.717379],[121.284619,23.717378],[121.284622,23.717107],[121.28472,23.717108],[121.284626,23.716836],[121.284822,23.716838],[121.284917,23.71702],[121.28531,23.717024],[121.285311,23.716934],[121.285506,23.717026],[121.285704,23.716848],[121.285793,23.717571],[121.285891,23.717572],[121.285789,23.717842],[121.285691,23.717841],[121.285696,23.71748],[121.285598,23.717479],[121.285601,23.717208]],[[121.29589,23.717954],[121.295793,23.717862],[121.295891,23.717863],[121.29589,23.717954]],[[121.287951,23.717505],[121.288048,23.717596],[121.288244,23.717598],[121.288242,23.717779],[121.287949,23.717685],[121.287951,23.717505]],[[121.289517,23.717793],[121.28942,23.717702],[121.289518,23.717703],[121.289517,23.717793]],[[121.284713,23.717649],[121.284517,23.717647],[121.284518,23.717557],[121.284715,23.717469],[121.284713,23.717649]],[[121.284518,23.717557],[121.284421,23.717466],[121.284519,23.717467],[121.284518,23.717557]],[[121.288734,23.717694],[121.288637,23.717603],[121.288735,23.717604],[121.288734,23.717694]],[[121.30609,23.717885],[121.306093,23.717705],[121.306289,23.717707],[121.306287,23.717887],[121.30609,23.717885]],[[121.289325,23.71743],[121.289323,23.71761],[121.289225,23.717609],[121.289129,23.717427],[121.289325,23.71743]],[[121.288052,23.717325],[121.288051,23.717416],[121.287855,23.717413],[121.287856,23.717323],[121.288052,23.717325]],[[121.288053,23.717235],[121.288249,23.717237],[121.288248,23.717327],[121.288052,23.717325],[121.288053,23.717235]],[[121.290012,23.717437],[121.290111,23.717348],[121.29011,23.717438],[121.290012,23.717437]],[[121.290013,23.717347],[121.289916,23.717256],[121.290014,23.717257],[121.290013,23.717347]],[[121.299134,23.717357],[121.299132,23.717538],[121.298935,23.717536],[121.298937,23.717445],[121.299134,23.717357]],[[121.289328,23.717249],[121.289327,23.717339],[121.28913,23.717337],[121.289329,23.717159],[121.289234,23.716887],[121.289525,23.717161],[121.289524,23.717251],[121.289328,23.717249]],[[121.289429,23.716979],[121.289529,23.71689],[121.289527,23.71698],[121.289429,23.716979]],[[121.290308,23.71726],[121.290405,23.717351],[121.290307,23.71735],[121.290308,23.71726]],[[121.290406,23.717261],[121.290506,23.717172],[121.290505,23.717262],[121.290406,23.717261]],[[121.290506,23.717172],[121.290606,23.716992],[121.290313,23.716899],[121.290314,23.716809],[121.290708,23.716723],[121.290809,23.716453],[121.290907,23.716454],[121.290903,23.716815],[121.290705,23.716903],[121.290702,23.717174],[121.290506,23.717172]],[[121.305997,23.717523],[121.306096,23.717434],[121.306095,23.717524],[121.305997,23.717523]],[[121.305998,23.717433],[121.305901,23.717341],[121.305707,23.717158],[121.306001,23.717252],[121.305998,23.717433]],[[121.306291,23.717526],[121.306194,23.717435],[121.306292,23.717436],[121.306291,23.717526]],[[121.284327,23.717194],[121.28423,23.717102],[121.284328,23.717103],[121.284327,23.717194]],[[121.300507,23.717372],[121.30041,23.717281],[121.300508,23.717282],[121.300507,23.717372]],[[121.295214,23.717133],[121.295213,23.717224],[121.295016,23.717222],[121.295018,23.717131],[121.295214,23.717133]],[[121.295214,23.717133],[121.295313,23.717044],[121.295312,23.717135],[121.295214,23.717133]],[[121.295313,23.717044],[121.295412,23.716955],[121.295411,23.717045],[121.295313,23.717044]],[[121.302959,23.717309],[121.302863,23.717218],[121.302961,23.717219],[121.302959,23.717309]],[[121.287761,23.717051],[121.287664,23.71696],[121.287762,23.716961],[121.287761,23.717051]],[[121.288254,23.716876],[121.288448,23.717059],[121.288251,23.717057],[121.288254,23.716876]],[[121.288742,23.717062],[121.288645,23.716971],[121.288743,23.716972],[121.288742,23.717062]],[[121.290117,23.716897],[121.290116,23.716987],[121.289822,23.716984],[121.289824,23.716803],[121.290117,23.716897]],[[121.286392,23.716765],[121.286492,23.716586],[121.286688,23.716588],[121.286587,23.716858],[121.286392,23.716765]],[[121.303355,23.717042],[121.303358,23.716862],[121.303456,23.716863],[121.303453,23.717043],[121.303355,23.717042]],[[121.285803,23.716759],[121.285806,23.716578],[121.285904,23.716579],[121.285902,23.71676],[121.285803,23.716759]],[[121.286196,23.716763],[121.286198,23.716582],[121.286296,23.716583],[121.286294,23.716764],[121.286196,23.716763]],[[121.288941,23.716793],[121.288944,23.716613],[121.289042,23.716614],[121.289039,23.716794],[121.288941,23.716793]],[[121.299732,23.716641],[121.299927,23.716734],[121.299924,23.716914],[121.299729,23.716822],[121.299732,23.716641]],[[121.304631,23.716966],[121.304633,23.716786],[121.304732,23.716787],[121.304729,23.716967],[121.304631,23.716966]],[[121.294728,23.716767],[121.294729,23.716677],[121.294925,23.716679],[121.294924,23.716769],[121.294728,23.716767]],[[121.284926,23.716388],[121.284825,23.716567],[121.284727,23.716566],[121.28473,23.716385],[121.284926,23.716388]],[[121.298554,23.716719],[121.29856,23.716267],[121.298756,23.716269],[121.298751,23.716631],[121.298554,23.716719]],[[121.298756,23.716269],[121.298855,23.71618],[121.298854,23.716271],[121.298756,23.716269]],[[121.288064,23.716422],[121.287871,23.716149],[121.288067,23.716152],[121.288357,23.716516],[121.287964,23.716512],[121.288064,23.716422]],[[121.289926,23.716533],[121.289927,23.716443],[121.290123,23.716445],[121.290122,23.716535],[121.289926,23.716533]],[[121.28552,23.715943],[121.285618,23.715944],[121.285613,23.716305],[121.28522,23.716391],[121.285518,23.716123],[121.28552,23.715943]],[[121.28532,23.716211],[121.285223,23.71612],[121.285321,23.716121],[121.28532,23.716211]],[[121.286302,23.716132],[121.286495,23.716405],[121.286299,23.716403],[121.286106,23.71613],[121.286302,23.716132]],[[121.286302,23.716132],[121.286401,23.716043],[121.2864,23.716133],[121.286302,23.716132]],[[121.287671,23.716418],[121.287574,23.716327],[121.287673,23.716328],[121.287671,23.716418]],[[121.289142,23.716434],[121.289045,23.716343],[121.289143,23.716344],[121.289142,23.716434]],[[121.296006,23.71651],[121.29591,23.716419],[121.296008,23.71642],[121.296006,23.71651]],[[121.296891,23.716339],[121.296791,23.716519],[121.296595,23.716517],[121.296695,23.716337],[121.296891,23.716339]],[[121.304146,23.7166],[121.304147,23.716509],[121.304343,23.716511],[121.304342,23.716602],[121.304146,23.7166]],[[121.289634,23.716349],[121.289537,23.716258],[121.289635,23.716259],[121.289634,23.716349]],[[121.297086,23.716432],[121.297087,23.716341],[121.297284,23.716344],[121.297282,23.716434],[121.297086,23.716432]],[[121.290422,23.716087],[121.290321,23.716267],[121.290223,23.716266],[121.290226,23.716085],[121.290422,23.716087]],[[121.296303,23.716333],[121.296206,23.716241],[121.296304,23.716243],[121.296303,23.716333]],[[121.297578,23.716347],[121.297579,23.716257],[121.297775,23.716259],[121.297774,23.716349],[121.297578,23.716347]],[[121.290519,23.716179],[121.290521,23.715998],[121.290717,23.716],[121.290715,23.716181],[121.290519,23.716179]],[[121.299638,23.716279],[121.299541,23.716188],[121.299639,23.716189],[121.299638,23.716279]],[[121.287186,23.716051],[121.287285,23.715962],[121.287284,23.716053],[121.287186,23.716051]],[[121.287187,23.715961],[121.28709,23.71587],[121.287188,23.715871],[121.287187,23.715961]],[[121.289343,23.716075],[121.289442,23.715986],[121.289441,23.716076],[121.289343,23.716075]],[[121.289148,23.715983],[121.289151,23.715802],[121.289249,23.715803],[121.289344,23.715985],[121.289148,23.715983]],[[121.288464,23.715795],[121.288664,23.715526],[121.288958,23.715529],[121.288561,23.715886],[121.288168,23.715972],[121.288268,23.715793],[121.288464,23.715795]],[[121.289737,23.715989],[121.289738,23.715899],[121.289934,23.715901],[121.289933,23.715992],[121.289737,23.715989]],[[121.297189,23.716072],[121.297389,23.715803],[121.297585,23.715805],[121.297783,23.715627],[121.297781,23.715807],[121.297582,23.715986],[121.297189,23.716072]],[[121.28768,23.715786],[121.287779,23.715697],[121.287778,23.715787],[121.28768,23.715786]],[[121.287583,23.715695],[121.287585,23.715514],[121.287781,23.715516],[121.28778,23.715607],[121.287583,23.715695]],[[121.293074,23.715755],[121.292977,23.715664],[121.293075,23.715665],[121.293074,23.715755]],[[121.300232,23.715834],[121.300136,23.715743],[121.300234,23.715744],[121.300232,23.715834]],[[121.301801,23.715851],[121.301804,23.715671],[121.301902,23.715672],[121.301899,23.715853],[121.301801,23.715851]],[[121.286407,23.715591],[121.286408,23.715501],[121.286703,23.715504],[121.286701,23.715595],[121.286407,23.715591]],[[121.289349,23.715624],[121.289252,23.715533],[121.28935,23.715534],[121.289349,23.715624]],[[121.289839,23.715629],[121.289742,23.715538],[121.28984,23.715539],[121.289839,23.715629]],[[121.298275,23.715542],[121.298174,23.715721],[121.297978,23.715719],[121.298079,23.71554],[121.298275,23.715542]],[[121.290332,23.715454],[121.290429,23.715546],[121.290331,23.715545],[121.290332,23.715454]],[[121.29043,23.715455],[121.290529,23.715366],[121.290528,23.715456],[121.29043,23.715455]],[[121.287782,23.715426],[121.287686,23.715335],[121.287784,23.715336],[121.287782,23.715426]],[[121.288273,23.715431],[121.288176,23.71534],[121.288274,23.715341],[121.288273,23.715431]],[[121.304747,23.715613],[121.30465,23.715522],[121.304748,23.715523],[121.304747,23.715613]],[[121.289941,23.71536],[121.289844,23.715268],[121.289942,23.715269],[121.289941,23.71536]],[[121.297982,23.715448],[121.297885,23.715357],[121.297983,23.715358],[121.297982,23.715448]],[[121.305738,23.714811],[121.305342,23.715078],[121.305437,23.71535],[121.30514,23.715527],[121.304946,23.715344],[121.304949,23.715164],[121.305245,23.714986],[121.305149,23.714805],[121.305348,23.714626],[121.305542,23.714809],[121.305738,23.714811]],[[121.305737,23.714901],[121.305834,23.714993],[121.305735,23.714992],[121.305737,23.714901]],[[121.288374,23.715162],[121.288373,23.715252],[121.288177,23.71525],[121.288178,23.715159],[121.288374,23.715162]],[[121.288375,23.715071],[121.288572,23.715074],[121.28857,23.715164],[121.288374,23.715162],[121.288375,23.715071]],[[121.287982,23.715157],[121.287983,23.715067],[121.288179,23.715069],[121.288178,23.715159],[121.287982,23.715157]],[[121.28916,23.71508],[121.289358,23.714902],[121.289849,23.714907],[121.289946,23.714998],[121.289944,23.715089],[121.28965,23.715085],[121.28955,23.715265],[121.289356,23.715082],[121.289158,23.715261],[121.288863,23.715257],[121.288964,23.715078],[121.28916,23.71508]],[[121.293276,23.715306],[121.293179,23.715215],[121.293277,23.715216],[121.293276,23.715306]],[[121.294847,23.715143],[121.294845,23.715323],[121.294649,23.715321],[121.29475,23.715051],[121.295046,23.714964],[121.294847,23.715143]],[[121.295046,23.714964],[121.295145,23.714875],[121.295144,23.714966],[121.295046,23.714964]],[[121.304066,23.715154],[121.304259,23.715427],[121.304063,23.715425],[121.303869,23.715242],[121.304066,23.715154]],[[121.304066,23.715154],[121.304165,23.715065],[121.304164,23.715155],[121.304066,23.715154]],[[121.305828,23.715444],[121.305731,23.715353],[121.305829,23.715354],[121.305828,23.715444]],[[121.295436,23.715149],[121.295339,23.715058],[121.295437,23.715059],[121.295436,23.715149]],[[121.296024,23.715156],[121.296025,23.715066],[121.296221,23.715068],[121.29622,23.715158],[121.296024,23.715156]],[[121.304555,23.71525],[121.304458,23.715158],[121.304556,23.715159],[121.304555,23.71525]],[[121.29024,23.715002],[121.290143,23.71491],[121.290241,23.714911],[121.29024,23.715002]],[[121.29122,23.715013],[121.29132,23.714923],[121.291318,23.715014],[121.29122,23.715013]],[[121.291222,23.714922],[121.291125,23.714831],[121.291223,23.714832],[121.291222,23.714922]],[[121.306027,23.715175],[121.30593,23.715084],[121.306028,23.715085],[121.306027,23.715175]],[[121.293477,23.714947],[121.29338,23.714856],[121.293478,23.714857],[121.293477,23.714947]],[[121.295928,23.714974],[121.295831,23.714883],[121.29593,23.714884],[121.295928,23.714974]],[[121.302793,23.71505],[121.302696,23.714958],[121.302794,23.714959],[121.302793,23.71505]],[[121.290046,23.714819],[121.290047,23.714729],[121.290243,23.714731],[121.290242,23.714821],[121.290046,23.714819]],[[121.295244,23.714786],[121.295341,23.714877],[121.295243,23.714876],[121.295244,23.714786]],[[121.295342,23.714787],[121.295442,23.714698],[121.29544,23.714788],[121.295342,23.714787]],[[121.296225,23.714797],[121.296128,23.714705],[121.296226,23.714707],[121.296225,23.714797]],[[121.298971,23.714827],[121.298874,23.714736],[121.298972,23.714737],[121.298971,23.714827]],[[121.303874,23.714881],[121.303875,23.714791],[121.304169,23.714794],[121.304168,23.714884],[121.303874,23.714881]],[[121.290637,23.714645],[121.29054,23.714554],[121.290638,23.714555],[121.290637,23.714645]],[[121.295737,23.714611],[121.295736,23.714701],[121.29554,23.714699],[121.295541,23.714609],[121.295737,23.714611]],[[121.295737,23.714611],[121.295836,23.714522],[121.295835,23.714612],[121.295737,23.714611]],[[121.292111,23.71439],[121.292109,23.714571],[121.291913,23.714569],[121.291914,23.714478],[121.292111,23.71439]],[[121.292403,23.714574],[121.292306,23.714483],[121.292404,23.714484],[121.292403,23.714574]],[[121.293386,23.714404],[121.293778,23.714409],[121.293777,23.714499],[121.293384,23.714585],[121.293386,23.714404]],[[121.293777,23.714499],[121.293874,23.71459],[121.293776,23.714589],[121.293777,23.714499]],[[121.295934,23.714523],[121.296331,23.714166],[121.296625,23.714169],[121.296624,23.714259],[121.296231,23.714345],[121.29613,23.714525],[121.295934,23.714523]],[[121.289859,23.714095],[121.290054,23.714187],[121.290052,23.714368],[121.289759,23.714274],[121.289859,23.714095]],[[121.28976,23.714184],[121.289663,23.714092],[121.289761,23.714093],[121.28976,23.714184]],[[121.304764,23.714259],[121.304665,23.714348],[121.304569,23.714166],[121.304765,23.714168],[121.304767,23.714078],[121.305649,23.714088],[121.305746,23.714179],[121.305744,23.71436],[121.30555,23.714177],[121.305354,23.714175],[121.305353,23.714265],[121.305158,23.714173],[121.305058,23.714262],[121.305153,23.714534],[121.304957,23.714532],[121.304959,23.714351],[121.304764,23.714259]],[[121.30535,23.714446],[121.305546,23.714448],[121.305545,23.714538],[121.305349,23.714536],[121.30535,23.714446]],[[121.30535,23.714446],[121.305253,23.714354],[121.305351,23.714355],[121.30535,23.714446]],[[121.290347,23.71428],[121.29035,23.7141],[121.290448,23.714101],[121.290445,23.714282],[121.290347,23.71428]],[[121.293978,23.71414],[121.294177,23.713871],[121.294571,23.713785],[121.294671,23.713606],[121.294964,23.713699],[121.294962,23.71388],[121.294669,23.713786],[121.294668,23.713877],[121.294372,23.713964],[121.29437,23.714144],[121.294175,23.714052],[121.294073,23.714322],[121.29378,23.714228],[121.293782,23.714138],[121.293978,23.71414]],[[121.303395,23.713973],[121.303198,23.714061],[121.303293,23.714242],[121.303096,23.714331],[121.303,23.714149],[121.302804,23.714147],[121.30261,23.713964],[121.302613,23.713783],[121.302903,23.714058],[121.303101,23.713969],[121.303005,23.713788],[121.303201,23.71379],[121.303395,23.713973]],[[121.302613,23.713783],[121.302516,23.713692],[121.302614,23.713693],[121.302613,23.713783]],[[121.302516,23.713692],[121.302419,23.713601],[121.302517,23.713602],[121.302516,23.713692]],[[121.303005,23.713788],[121.302908,23.713696],[121.303006,23.713698],[121.303005,23.713788]],[[121.303981,23.71416],[121.303782,23.714338],[121.303588,23.714246],[121.303589,23.714155],[121.303981,23.71416]],[[121.304469,23.714346],[121.304372,23.714254],[121.30447,23.714255],[121.304469,23.714346]],[[121.299666,23.714112],[121.299669,23.713932],[121.299767,23.713933],[121.299764,23.714113],[121.299666,23.714112]],[[121.295649,23.713797],[121.295549,23.713977],[121.295451,23.713976],[121.295453,23.713795],[121.295649,23.713797]],[[121.298985,23.713744],[121.299083,23.713745],[121.29908,23.713925],[121.298982,23.713924],[121.298985,23.713744]],[[121.298887,23.713743],[121.298889,23.713562],[121.298987,23.713563],[121.298985,23.713744],[121.298887,23.713743]],[[121.304574,23.713805],[121.304572,23.713986],[121.304375,23.713983],[121.304378,23.713803],[121.304574,23.713805]],[[121.304574,23.713805],[121.304673,23.713716],[121.304672,23.713806],[121.304574,23.713805]],[[121.293688,23.713776],[121.293591,23.713684],[121.293689,23.713685],[121.293688,23.713776]],[[121.291434,23.71366],[121.291337,23.713569],[121.291435,23.71357],[121.291434,23.71366]],[[121.290945,23.713565],[121.290947,23.713384],[121.291045,23.713385],[121.291043,23.713566],[121.290945,23.713565]],[[121.305065,23.71372],[121.304873,23.713447],[121.304676,23.713535],[121.304678,23.713355],[121.305071,23.713269],[121.305166,23.713541],[121.305265,23.713451],[121.305461,23.713454],[121.305655,23.713636],[121.306244,23.713552],[121.30634,23.713734],[121.305556,23.713725],[121.305557,23.713635],[121.305065,23.71372]],[[121.302909,23.713606],[121.302812,23.713515],[121.30291,23.713516],[121.302909,23.713606]],[[121.302616,23.713513],[121.302519,23.713421],[121.302617,23.713422],[121.302616,23.713513]],[[121.290458,23.713288],[121.290459,23.713198],[121.290656,23.7132],[121.290654,23.713291],[121.290458,23.713288]],[[121.291243,23.713297],[121.291343,23.713118],[121.291539,23.71312],[121.291439,23.713299],[121.291243,23.713297]],[[121.291539,23.71312],[121.291638,23.713031],[121.291637,23.713121],[121.291539,23.71312]],[[121.294381,23.713332],[121.294284,23.71324],[121.294382,23.713241],[121.294381,23.713332]],[[121.294577,23.713334],[121.29448,23.713243],[121.294578,23.713244],[121.294577,23.713334]],[[121.306246,23.713462],[121.306049,23.71346],[121.305955,23.713188],[121.306151,23.71319],[121.306246,23.713462]],[[121.305955,23.713188],[121.305858,23.713097],[121.305956,23.713098],[121.305955,23.713188]],[[121.290852,23.713202],[121.290853,23.713112],[121.291049,23.713114],[121.291048,23.713205],[121.290852,23.713202]],[[121.29507,23.713068],[121.295068,23.713249],[121.294676,23.713245],[121.294677,23.713154],[121.29507,23.713068]],[[121.302913,23.713335],[121.302816,23.713244],[121.302914,23.713245],[121.302913,23.713335]],[[121.295464,23.712982],[121.295462,23.713163],[121.295363,23.713162],[121.295268,23.71298],[121.295464,23.712982]],[[121.296246,23.713172],[121.296149,23.71308],[121.296247,23.713081],[121.296246,23.713172]],[[121.306542,23.713285],[121.306445,23.713193],[121.306543,23.713194],[121.306542,23.713285]],[[121.305468,23.712912],[121.305563,23.713184],[121.305367,23.713182],[121.305173,23.712999],[121.305468,23.712912]],[[121.305173,23.712999],[121.305076,23.712908],[121.305174,23.712909],[121.305173,23.712999]],[[121.291934,23.712944],[121.291837,23.712852],[121.291935,23.712853],[121.291934,23.712944]],[[121.300857,23.713042],[121.30076,23.71295],[121.300858,23.712952],[121.300857,23.713042]],[[121.299289,23.712934],[121.29929,23.712844],[121.299487,23.712846],[121.299485,23.712936],[121.299289,23.712934]],[[121.294683,23.712703],[121.29478,23.712794],[121.294682,23.712793],[121.294683,23.712703]],[[121.294781,23.712704],[121.29488,23.712615],[121.294879,23.712705],[121.294781,23.712704]],[[121.295466,23.712802],[121.295369,23.712711],[121.295467,23.712712],[121.295466,23.712802]],[[121.300075,23.712853],[121.300077,23.712672],[121.300175,23.712673],[121.300173,23.712854],[121.300075,23.712853]],[[121.300566,23.712768],[121.30047,23.712676],[121.300568,23.712677],[121.300566,23.712768]],[[121.304394,23.712539],[121.304392,23.712719],[121.304098,23.712716],[121.304099,23.712626],[121.304394,23.712539]],[[121.299985,23.71222],[121.300178,23.712493],[121.299982,23.71249],[121.299985,23.71222]],[[121.300963,23.712411],[121.300866,23.71232],[121.300964,23.712321],[121.300963,23.712411]],[[121.304985,23.712365],[121.305181,23.712367],[121.30518,23.712457],[121.304984,23.712455],[121.304985,23.712365]],[[121.304985,23.712365],[121.304888,23.712273],[121.304986,23.712274],[121.304985,23.712365]],[[121.30616,23.712468],[121.306063,23.712377],[121.306162,23.712378],[121.30616,23.712468]],[[121.305377,23.712369],[121.305378,23.712279],[121.30577,23.712283],[121.305769,23.712373],[121.305377,23.712369]],[[121.304103,23.712265],[121.304007,23.712173],[121.304105,23.712174],[121.304103,23.712265]],[[121.304791,23.712182],[121.304694,23.712091],[121.304792,23.712092],[121.304791,23.712182]],[[121.293614,23.711969],[121.293517,23.711877],[121.293615,23.711879],[121.293614,23.711969]],[[121.304596,23.71209],[121.304499,23.711998],[121.304597,23.711999],[121.304596,23.71209]],[[121.301365,23.711693],[121.301558,23.711966],[121.301361,23.711964],[121.301365,23.711693]],[[121.303619,23.711808],[121.30362,23.711718],[121.303816,23.71172],[121.303815,23.71181],[121.303619,23.711808]],[[121.307149,23.711847],[121.30715,23.711756],[121.307346,23.711758],[121.307345,23.711849],[121.307149,23.711847]],[[121.30411,23.711723],[121.30421,23.711634],[121.304209,23.711724],[121.30411,23.711723]],[[121.304112,23.711633],[121.304015,23.711541],[121.304113,23.711542],[121.304112,23.711633]],[[121.309211,23.711689],[121.309212,23.711598],[121.309408,23.7116],[121.309407,23.711691],[121.309211,23.711689]],[[121.304799,23.71155],[121.304702,23.711459],[121.3048,23.71146],[121.304799,23.71155]],[[121.303722,23.711448],[121.303723,23.711358],[121.303919,23.71136],[121.303918,23.71145],[121.303722,23.711448]],[[121.305977,23.711473],[121.30588,23.711381],[121.305978,23.711382],[121.305977,23.711473]],[[121.305195,23.711283],[121.305098,23.711192],[121.305196,23.711193],[121.305195,23.711283]],[[121.304902,23.71119],[121.305001,23.711101],[121.305,23.711191],[121.304902,23.71119]],[[121.304707,23.711097],[121.304708,23.711007],[121.304611,23.710916],[121.304904,23.711009],[121.304903,23.7111],[121.304707,23.711097]],[[121.306667,23.711209],[121.30657,23.711118],[121.306668,23.711119],[121.306667,23.711209]],[[121.305913,23.708853],[121.306013,23.708674],[121.306798,23.708682],[121.306893,23.708864],[121.307188,23.708867],[121.307769,23.709415],[121.307767,23.709596],[121.30796,23.709779],[121.307953,23.71032],[121.308244,23.710594],[121.308146,23.710593],[121.308144,23.710774],[121.307851,23.71068],[121.307553,23.710948],[121.307549,23.711219],[121.307157,23.711215],[121.307062,23.711033],[121.306767,23.71103],[121.306575,23.710757],[121.306278,23.710934],[121.306381,23.710574],[121.305897,23.710117],[121.3057,23.710115],[121.305802,23.709845],[121.305607,23.709753],[121.305615,23.709121],[121.305322,23.709027],[121.305323,23.708937],[121.305618,23.70894],[121.305619,23.70885],[121.305913,23.708853]],[[121.306376,23.710935],[121.306473,23.711027],[121.306375,23.711025],[121.306376,23.710935]],[[121.305127,23.708935],[121.305128,23.708845],[121.305325,23.708847],[121.305323,23.708937],[121.305127,23.708935]],[[121.308432,23.711229],[121.308335,23.711137],[121.308433,23.711138],[121.308432,23.711229]],[[121.303726,23.711087],[121.30363,23.710995],[121.303728,23.710996],[121.303726,23.711087]],[[121.309218,23.711147],[121.309121,23.711055],[121.309219,23.711057],[121.309218,23.711147]],[[121.303924,23.710999],[121.303731,23.710726],[121.303927,23.710728],[121.303926,23.710818],[121.304122,23.71082],[121.30412,23.711001],[121.303924,23.710999]],[[121.304219,23.710912],[121.30422,23.710821],[121.304416,23.710823],[121.304415,23.710914],[121.304219,23.710912]],[[121.305396,23.710924],[121.305299,23.710833],[121.305397,23.710834],[121.305396,23.710924]],[[121.306082,23.710932],[121.305985,23.710841],[121.306083,23.710842],[121.306082,23.710932]],[[121.305595,23.710656],[121.305789,23.710838],[121.305593,23.710836],[121.305595,23.710656]],[[121.298735,23.71031],[121.29893,23.710402],[121.298926,23.710673],[121.298733,23.71049],[121.298735,23.71031]],[[121.304712,23.710736],[121.304811,23.710647],[121.30481,23.710737],[121.304712,23.710736]],[[121.304713,23.710646],[121.304616,23.710555],[121.304714,23.710556],[121.304713,23.710646]],[[121.305598,23.710475],[121.305501,23.710384],[121.305599,23.710385],[121.305598,23.710475]],[[121.305207,23.710381],[121.305209,23.7102],[121.305307,23.710201],[121.305305,23.710382],[121.305207,23.710381]],[[121.301286,23.710247],[121.301189,23.710156],[121.301287,23.710157],[121.301286,23.710247]],[[121.304524,23.710102],[121.304427,23.710011],[121.304525,23.710012],[121.304524,23.710102]],[[121.303446,23.71],[121.303349,23.709909],[121.303447,23.70991],[121.303446,23.71]],[[121.302663,23.709901],[121.302566,23.70981],[121.302664,23.709811],[121.302663,23.709901]],[[121.303161,23.709275],[121.303355,23.709457],[121.303159,23.709455],[121.303161,23.709275]],[[121.303747,23.709462],[121.303651,23.70937],[121.303749,23.709371],[121.303747,23.709462]],[[121.304043,23.709375],[121.304142,23.709285],[121.304141,23.709376],[121.304043,23.709375]],[[121.304044,23.709284],[121.303947,23.709193],[121.304045,23.709194],[121.304044,23.709284]],[[121.302965,23.709272],[121.302868,23.709181],[121.302967,23.709182],[121.302965,23.709272]],[[121.304732,23.709201],[121.30473,23.709292],[121.304534,23.70929],[121.304535,23.709199],[121.304732,23.709201]],[[121.304732,23.709201],[121.304831,23.709112],[121.30483,23.709203],[121.304732,23.709201]],[[121.304926,23.709294],[121.304928,23.709204],[121.30532,23.709208],[121.305319,23.709298],[121.304926,23.709294]],[[121.299338,23.709142],[121.299341,23.708962],[121.299439,23.708963],[121.299437,23.709143],[121.299338,23.709142]],[[121.302476,23.709177],[121.302477,23.709086],[121.302772,23.70909],[121.30277,23.70918],[121.302476,23.709177]],[[121.303656,23.708919],[121.303853,23.708921],[121.303851,23.709011],[121.303655,23.709009],[121.303656,23.708919]],[[121.30346,23.708917],[121.303074,23.708461],[121.302681,23.708547],[121.302488,23.708274],[121.302193,23.708361],[121.302097,23.708179],[121.301803,23.708176],[121.301708,23.707904],[121.301904,23.707906],[121.302203,23.707548],[121.302399,23.70755],[121.302593,23.707733],[121.302493,23.707913],[121.302686,23.708095],[121.302882,23.708098],[121.303172,23.708462],[121.303369,23.708374],[121.303274,23.708192],[121.303567,23.708286],[121.303368,23.708464],[121.303366,23.708645],[121.303656,23.708919],[121.30346,23.708917]],[[121.301803,23.708176],[121.301703,23.708265],[121.301705,23.708175],[121.301803,23.708176]],[[121.299636,23.708875],[121.299539,23.708783],[121.299637,23.708784],[121.299636,23.708875]],[[121.302872,23.70891],[121.302775,23.708819],[121.302873,23.70882],[121.302872,23.70891]],[[121.301011,23.708709],[121.300914,23.708618],[121.301012,23.708619],[121.301011,23.708709]],[[121.302776,23.708729],[121.302679,23.708637],[121.302777,23.708638],[121.302776,23.708729]],[[121.303757,23.708739],[121.303856,23.70865],[121.303855,23.70874],[121.303757,23.708739]],[[121.303758,23.708649],[121.303661,23.708558],[121.303759,23.708559],[121.303758,23.708649]],[[121.305426,23.708577],[121.305326,23.708756],[121.30513,23.708754],[121.30533,23.708395],[121.305919,23.708402],[121.305918,23.708492],[121.305426,23.708577]],[[121.305919,23.708402],[121.306117,23.708223],[121.306311,23.708406],[121.305919,23.708402]],[[121.307287,23.708778],[121.307288,23.708688],[121.307484,23.70869],[121.307483,23.70878],[121.307287,23.708778]],[[121.30915,23.708798],[121.309053,23.708707],[121.309151,23.708708],[121.30915,23.708798]],[[121.297679,23.708582],[121.297582,23.708491],[121.29768,23.708492],[121.297679,23.708582]],[[121.308955,23.708706],[121.308858,23.708615],[121.308956,23.708616],[121.308955,23.708706]],[[121.304053,23.708562],[121.304153,23.708473],[121.304151,23.708563],[121.304053,23.708562]],[[121.304054,23.708472],[121.303958,23.70838],[121.304056,23.708381],[121.304054,23.708472]],[[121.303958,23.70838],[121.303861,23.708289],[121.303959,23.70829],[121.303958,23.70838]],[[121.307782,23.708422],[121.30759,23.708059],[121.307887,23.707882],[121.308274,23.708247],[121.308272,23.708428],[121.308074,23.708606],[121.307782,23.708422]],[[121.297681,23.708402],[121.297584,23.70831],[121.297682,23.708311],[121.297681,23.708402]],[[121.306118,23.708133],[121.306021,23.708042],[121.306119,23.708043],[121.306118,23.708133]],[[121.306511,23.708137],[121.306513,23.707957],[121.306611,23.707958],[121.306609,23.708138],[121.306511,23.708137]],[[121.304845,23.708029],[121.304748,23.707937],[121.304846,23.707939],[121.304845,23.708029]],[[121.306708,23.708049],[121.306709,23.707959],[121.306905,23.707961],[121.306904,23.708051],[121.306708,23.708049]],[[121.30269,23.707825],[121.302692,23.707644],[121.30279,23.707645],[121.302788,23.707826],[121.30269,23.707825]],[[121.30318,23.70783],[121.303083,23.707739],[121.303181,23.70774],[121.30318,23.70783]],[[121.306416,23.707865],[121.306319,23.707774],[121.306417,23.707775],[121.306416,23.707865]],[[121.297592,23.707678],[121.297595,23.707498],[121.297693,23.707499],[121.29769,23.707679],[121.297592,23.707678]],[[121.299553,23.7077],[121.299653,23.707611],[121.299651,23.707701],[121.299553,23.7077]],[[121.299554,23.70761],[121.299458,23.707518],[121.299556,23.707519],[121.299554,23.70761]],[[121.299947,23.707614],[121.29985,23.707522],[121.299948,23.707524],[121.299947,23.707614]],[[121.29936,23.707517],[121.299263,23.707426],[121.299361,23.707427],[121.29936,23.707517]],[[121.299461,23.707247],[121.299463,23.707067],[121.299562,23.707068],[121.299755,23.707251],[121.299753,23.707431],[121.299461,23.707247]],[[121.299166,23.707334],[121.299168,23.707154],[121.299266,23.707155],[121.299264,23.707335],[121.299166,23.707334]],[[121.301225,23.707357],[121.301128,23.707266],[121.301226,23.707267],[121.301225,23.707357]],[[121.297697,23.707138],[121.297696,23.707228],[121.297402,23.707225],[121.297404,23.707044],[121.297697,23.707138]],[[121.303188,23.707198],[121.303091,23.707107],[121.303189,23.707108],[121.303188,23.707198]],[[121.305447,23.706952],[121.305449,23.706771],[121.305256,23.706589],[121.305552,23.706411],[121.305843,23.706685],[121.305937,23.706957],[121.305739,23.707136],[121.305447,23.706952]],[[121.305152,23.707039],[121.305055,23.706948],[121.305153,23.706949],[121.305152,23.707039]],[[121.300841,23.706721],[121.300744,23.706629],[121.300842,23.70663],[121.300841,23.706721]],[[121.301527,23.706728],[121.301528,23.706638],[121.301725,23.70664],[121.301723,23.70673],[121.301527,23.706728]],[[121.297214,23.706591],[121.297313,23.706501],[121.297312,23.706592],[121.297214,23.706591]],[[121.297215,23.7065],[121.297118,23.706409],[121.297216,23.70641],[121.297215,23.7065]],[[121.301136,23.706634],[121.301039,23.706542],[121.301137,23.706543],[121.301136,23.706634]],[[121.297902,23.706508],[121.297706,23.706506],[121.297708,23.706325],[121.297806,23.706326],[121.297902,23.706508]],[[121.297708,23.706325],[121.297611,23.706234],[121.297709,23.706235],[121.297708,23.706325]],[[121.296726,23.706405],[121.296727,23.706314],[121.296923,23.706316],[121.296922,23.706407],[121.296726,23.706405]],[[121.298491,23.706424],[121.298394,23.706333],[121.298492,23.706334],[121.298491,23.706424]],[[121.304867,23.706313],[121.305067,23.706045],[121.305358,23.706228],[121.305159,23.706497],[121.304867,23.706313]],[[121.298199,23.70624],[121.298299,23.706151],[121.298297,23.706241],[121.298199,23.70624]],[[121.2982,23.70615],[121.298104,23.706059],[121.298202,23.70606],[121.2982,23.70615]],[[121.298788,23.706247],[121.298887,23.706157],[121.298886,23.706248],[121.298788,23.706247]],[[121.298593,23.706154],[121.298594,23.706064],[121.29879,23.706066],[121.298789,23.706156],[121.298593,23.706154]],[[121.298594,23.706064],[121.298497,23.705973],[121.298595,23.705974],[121.298594,23.706064]],[[121.301141,23.706272],[121.30124,23.706183],[121.301239,23.706274],[121.301141,23.706272]],[[121.301142,23.706182],[121.301045,23.706091],[121.301143,23.706092],[121.301142,23.706182]],[[121.297514,23.706142],[121.297515,23.706052],[121.297711,23.706054],[121.29771,23.706144],[121.297514,23.706142]],[[121.301534,23.706187],[121.301437,23.706095],[121.301535,23.706096],[121.301534,23.706187]],[[121.296536,23.705951],[121.296537,23.705861],[121.296733,23.705863],[121.296732,23.705953],[121.296536,23.705951]],[[121.296929,23.705865],[121.296832,23.705774],[121.29693,23.705775],[121.296929,23.705865]],[[121.297618,23.705692],[121.297616,23.705873],[121.297518,23.705871],[121.297422,23.70569],[121.297618,23.705692]],[[121.29791,23.705876],[121.297813,23.705784],[121.297911,23.705785],[121.29791,23.705876]],[[121.301342,23.705913],[121.301344,23.705733],[121.301442,23.705734],[121.30144,23.705915],[121.301342,23.705913]],[[121.298107,23.705788],[121.29801,23.705696],[121.298108,23.705697],[121.298107,23.705788]],[[121.297226,23.705688],[121.297325,23.705598],[121.297324,23.705689],[121.297226,23.705688]],[[121.297129,23.705596],[121.297131,23.705416],[121.297229,23.705417],[121.297227,23.705597],[121.297129,23.705596]],[[121.297131,23.705416],[121.297034,23.705324],[121.297132,23.705325],[121.297131,23.705416]],[[121.297034,23.705324],[121.296938,23.705233],[121.297036,23.705234],[121.297034,23.705324]],[[121.297913,23.705605],[121.297816,23.705514],[121.297915,23.705515],[121.297913,23.705605]],[[121.297721,23.705332],[121.297723,23.705151],[121.297821,23.705152],[121.297819,23.705333],[121.297721,23.705332]],[[121.301545,23.705374],[121.301844,23.705016],[121.301553,23.704742],[121.301949,23.704475],[121.302046,23.704567],[121.302243,23.704479],[121.302435,23.704752],[121.30204,23.705018],[121.301938,23.705288],[121.301545,23.705374]],[[121.297728,23.70479],[121.297725,23.704971],[121.297528,23.705059],[121.297531,23.704878],[121.297728,23.70479]],[[121.297235,23.704965],[121.297334,23.704876],[121.297333,23.704966],[121.297235,23.704965]],[[121.29704,23.704873],[121.297041,23.704783],[121.297238,23.704785],[121.297236,23.704875],[121.29704,23.704873]],[[121.305866,23.70488],[121.305868,23.704699],[121.306066,23.704611],[121.306072,23.704159],[121.306366,23.704163],[121.306466,23.703983],[121.306662,23.703985],[121.306856,23.704168],[121.306849,23.70471],[121.306452,23.705067],[121.30606,23.705062],[121.305866,23.70488]],[[121.298222,23.704525],[121.297931,23.704251],[121.298127,23.704253],[121.298222,23.704525]],[[121.297149,23.704061],[121.297341,23.704334],[121.297145,23.704332],[121.297149,23.704061]],[[121.299208,23.704084],[121.299111,23.703993],[121.299209,23.703994],[121.299208,23.704084]],[[121.297347,23.703883],[121.297447,23.703794],[121.297445,23.703884],[121.297347,23.703883]],[[121.29725,23.703792],[121.297253,23.703611],[121.297351,23.703612],[121.297348,23.703793],[121.29725,23.703792]],[[121.305488,23.703792],[121.305391,23.7037],[121.305489,23.703701],[121.305488,23.703792]],[[121.30588,23.703796],[121.305882,23.703615],[121.306079,23.703618],[121.306076,23.703798],[121.30588,23.703796]],[[121.297548,23.703524],[121.297257,23.70325],[121.297651,23.703164],[121.297548,23.703524]],[[121.298728,23.703266],[121.298631,23.703175],[121.298729,23.703176],[121.298728,23.703266]],[[121.303731,23.70314],[121.30373,23.703231],[121.303827,23.703322],[121.303534,23.703229],[121.303535,23.703138],[121.303731,23.70314]],[[121.297359,23.70298],[121.297361,23.7028],[121.297459,23.702801],[121.297457,23.702981],[121.297359,23.70298]],[[121.298342,23.70281],[121.298439,23.702902],[121.298341,23.702901],[121.298342,23.70281]],[[121.29844,23.702811],[121.298539,23.702722],[121.298538,23.702813],[121.29844,23.702811]],[[121.298441,23.702721],[121.298246,23.702629],[121.298248,23.702448],[121.298443,23.702541],[121.298441,23.702721]],[[121.298248,23.702448],[121.298152,23.702357],[121.297856,23.702444],[121.297757,23.702533],[121.297853,23.702715],[121.297657,23.702713],[121.29766,23.702442],[121.297368,23.702258],[121.297276,23.701805],[121.29747,23.701988],[121.297569,23.701899],[121.297764,23.701991],[121.297963,23.701813],[121.298253,23.702087],[121.298248,23.702448]],[[121.299327,23.70246],[121.29923,23.702369],[121.299328,23.70237],[121.299327,23.70246]],[[121.297177,23.701895],[121.29708,23.701803],[121.297178,23.701804],[121.297177,23.701895]],[[121.29865,23.70173],[121.29855,23.70191],[121.298452,23.701909],[121.298454,23.701728],[121.29865,23.70173]],[[121.298063,23.701633],[121.298065,23.701453],[121.298261,23.701455],[121.298259,23.701636],[121.298063,23.701633]],[[121.30777,23.70174],[121.307673,23.701649],[121.307771,23.70165],[121.30777,23.70174]],[[121.298457,23.701457],[121.29846,23.701277],[121.298558,23.701278],[121.298556,23.701458],[121.298457,23.701457]],[[121.306498,23.701545],[121.306401,23.701454],[121.306499,23.701455],[121.306498,23.701545]],[[121.30327,23.700878],[121.303173,23.700787],[121.303271,23.700788],[121.30327,23.700878]],[[121.303967,23.700073],[121.30387,23.699981],[121.303968,23.699983],[121.303967,23.700073]],[[121.303576,23.699978],[121.303479,23.699887],[121.303577,23.699888],[121.303576,23.699978]],[[121.307313,23.699116],[121.307414,23.698937],[121.30761,23.698939],[121.307508,23.699209],[121.307313,23.699116]],[[121.307215,23.699115],[121.307118,23.699024],[121.307216,23.699025],[121.307215,23.699115]],[[121.307849,23.6956],[121.307752,23.695509],[121.30785,23.69551],[121.307849,23.6956]],[[121.307557,23.695417],[121.30746,23.695325],[121.307558,23.695326],[121.307557,23.695417]]],[[[121.307001,23.723313],[121.306906,23.723041],[121.3072,23.723135],[121.3073,23.722955],[121.307007,23.722862],[121.306911,23.72268],[121.306715,23.722678],[121.306424,23.722404],[121.306325,23.722493],[121.306422,23.722584],[121.306319,23.722944],[121.306804,23.723401],[121.307001,23.723313]]],[[[121.305037,23.723472],[121.305139,23.723202],[121.304945,23.72302],[121.304161,23.723011],[121.304061,23.7231],[121.304449,23.723466],[121.304548,23.723376],[121.305037,23.723472]]],[[[121.306015,23.723754],[121.306211,23.723756],[121.306409,23.723577],[121.306411,23.723397],[121.305922,23.723301],[121.305632,23.723027],[121.30553,23.723297],[121.305334,23.723295],[121.305234,23.723474],[121.305332,23.723475],[121.305522,23.723929],[121.305914,23.723933],[121.306015,23.723754]]],[[[121.29591,23.723914],[121.295715,23.723821],[121.295615,23.724001],[121.29581,23.724093],[121.29591,23.723914]]],[[[121.30599,23.72565],[121.30658,23.725566],[121.306679,23.725477],[121.306584,23.725205],[121.306783,23.725026],[121.306686,23.724935],[121.306392,23.724932],[121.30639,23.725022],[121.306294,23.724931],[121.305509,23.724922],[121.305311,23.7251],[121.305404,23.725463],[121.305598,23.725645],[121.305892,23.725649],[121.305893,23.725558],[121.30599,23.72565]]],[[[121.30596,23.727997],[121.305475,23.72754],[121.305382,23.727178],[121.305091,23.726904],[121.304797,23.726901],[121.304701,23.726719],[121.304504,23.726807],[121.304502,23.726988],[121.304891,23.727173],[121.304983,23.727716],[121.305176,23.727898],[121.305372,23.7279],[121.305468,23.728082],[121.30586,23.728086],[121.30596,23.727997]]],[[[121.303313,23.727878],[121.303216,23.727786],[121.302922,23.727783],[121.302923,23.727693],[121.302726,23.727781],[121.302629,23.72769],[121.302632,23.727419],[121.30283,23.727331],[121.302734,23.727149],[121.302535,23.727328],[121.302241,23.727324],[121.301952,23.72696],[121.301754,23.727048],[121.301948,23.727231],[121.301944,23.727592],[121.301746,23.72768],[121.301841,23.727952],[121.302233,23.727956],[121.302232,23.728047],[121.302526,23.72805],[121.302525,23.72814],[121.303211,23.728148],[121.303311,23.728058],[121.303313,23.727878]]]]}},{"type":"Feature","properties":{"kind":"bare_dam","month":"2025-12","area_ha":126.07},"geometry":{"type":"MultiPolygon","coordinates":[[[[121.298396,23.691072],[121.298398,23.690891],[121.298203,23.690799],[121.298304,23.69062],[121.29811,23.690437],[121.298408,23.690169],[121.298505,23.690261],[121.298898,23.690175],[121.2989,23.689994],[121.298706,23.689811],[121.298018,23.689984],[121.297522,23.69043],[121.297515,23.690972],[121.298006,23.690887],[121.298199,23.69116],[121.298396,23.691072]]],[[[121.295976,23.696192],[121.295878,23.696191],[121.295876,23.696372],[121.296166,23.696646],[121.296657,23.696651],[121.296658,23.696561],[121.296853,23.696654],[121.29685,23.696834],[121.296552,23.697192],[121.296355,23.69719],[121.296156,23.697459],[121.296059,23.697367],[121.295862,23.697455],[121.295957,23.697637],[121.296155,23.697549],[121.296154,23.697639],[121.296545,23.697734],[121.296746,23.697285],[121.296944,23.697196],[121.296946,23.697016],[121.297239,23.697109],[121.297339,23.69693],[121.297536,23.696932],[121.297734,23.696754],[121.297445,23.696389],[121.297545,23.69621],[121.297155,23.696025],[121.297354,23.695846],[121.297258,23.695665],[121.296867,23.69557],[121.296668,23.695749],[121.296276,23.695744],[121.296279,23.695564],[121.295984,23.69556],[121.295786,23.695739],[121.295882,23.695921],[121.296078,23.695923],[121.295976,23.696192]],[[121.296078,23.695923],[121.296177,23.695834],[121.296176,23.695924],[121.296078,23.695923]]],[[[121.294984,23.697085],[121.294887,23.696993],[121.294889,23.696813],[121.294988,23.696814],[121.294894,23.696451],[121.294993,23.696362],[121.294702,23.696178],[121.294602,23.696268],[121.294698,23.696449],[121.294301,23.696806],[121.294495,23.696989],[121.294691,23.696991],[121.294787,23.697173],[121.294984,23.697085]]],[[[121.293577,23.699688],[121.29377,23.699961],[121.293967,23.699873],[121.294258,23.700147],[121.294552,23.70015],[121.29475,23.699972],[121.294748,23.700152],[121.29465,23.700151],[121.294746,23.700333],[121.294944,23.700154],[121.295139,23.700247],[121.295239,23.700067],[121.295433,23.70025],[121.296021,23.700256],[121.296319,23.699989],[121.296515,23.699991],[121.296709,23.700174],[121.29671,23.700083],[121.297692,23.700004],[121.297792,23.699824],[121.298281,23.69992],[121.29838,23.699831],[121.298287,23.699469],[121.298581,23.699472],[121.29848,23.699742],[121.298675,23.699834],[121.298776,23.699564],[121.298972,23.699567],[121.298971,23.699657],[121.299168,23.699569],[121.299073,23.699387],[121.299271,23.699209],[121.299077,23.699026],[121.298881,23.699024],[121.298689,23.698751],[121.298294,23.698927],[121.298295,23.698837],[121.298004,23.698653],[121.2985,23.698207],[121.298502,23.698026],[121.298405,23.697935],[121.297915,23.69793],[121.297916,23.697839],[121.29772,23.697837],[121.29752,23.698106],[121.297327,23.697923],[121.296934,23.697919],[121.296736,23.698097],[121.29693,23.69828],[121.29683,23.698369],[121.296926,23.698551],[121.296728,23.698729],[121.296437,23.698455],[121.29585,23.698358],[121.295551,23.698716],[121.295258,23.698623],[121.295059,23.698891],[121.294768,23.698617],[121.29457,23.698796],[121.294373,23.698794],[121.294278,23.698612],[121.293984,23.698609],[121.29379,23.698426],[121.294287,23.69789],[121.294582,23.697803],[121.294389,23.69762],[121.294489,23.69744],[121.294002,23.697164],[121.294005,23.696983],[121.29381,23.696891],[121.293715,23.696619],[121.293421,23.696616],[121.293132,23.696251],[121.292936,23.696249],[121.292835,23.696429],[121.29254,23.696516],[121.292536,23.696787],[121.292634,23.696788],[121.292534,23.696967],[121.292728,23.69715],[121.292529,23.697328],[121.292334,23.697236],[121.292326,23.697868],[121.292522,23.69787],[121.292427,23.697688],[121.292625,23.69751],[121.292919,23.697513],[121.293113,23.697696],[121.293202,23.698419],[121.293003,23.698598],[121.292809,23.698415],[121.292613,23.698413],[121.292513,23.698592],[121.292708,23.698685],[121.292702,23.699136],[121.293187,23.699503],[121.293185,23.699683],[121.293282,23.699775],[121.293577,23.699688]],[[121.294846,23.700153],[121.294848,23.699973],[121.294946,23.699974],[121.294944,23.700154],[121.294846,23.700153]],[[121.298197,23.698836],[121.298098,23.698925],[121.298099,23.698835],[121.298197,23.698836]],[[121.293788,23.698606],[121.293591,23.698604],[121.293593,23.698514],[121.293789,23.698516],[121.293788,23.698606]],[[121.293577,23.699688],[121.293483,23.699416],[121.294169,23.699423],[121.29407,23.699513],[121.294166,23.699694],[121.29397,23.699692],[121.293874,23.69951],[121.293577,23.699688]],[[121.29397,23.699692],[121.29387,23.699781],[121.293871,23.699691],[121.29397,23.699692]],[[121.295737,23.699531],[121.295832,23.699713],[121.296226,23.699627],[121.296223,23.699807],[121.296027,23.699805],[121.296026,23.699895],[121.295439,23.699799],[121.29534,23.699888],[121.295345,23.699527],[121.295151,23.699344],[121.295836,23.699442],[121.295737,23.699531]],[[121.295837,23.699351],[121.296033,23.699354],[121.296032,23.699444],[121.295836,23.699442],[121.295837,23.699351]],[[121.294459,23.699788],[121.294362,23.699696],[121.29446,23.699697],[121.294459,23.699788]],[[121.294955,23.699342],[121.294954,23.699432],[121.294659,23.699429],[121.294662,23.699248],[121.294955,23.699342]],[[121.298875,23.699475],[121.298975,23.699386],[121.298973,23.699476],[121.298875,23.699475]],[[121.298877,23.699385],[121.29878,23.699294],[121.298878,23.699295],[121.298877,23.699385]],[[121.296525,23.699269],[121.296527,23.699088],[121.296625,23.699089],[121.296623,23.69927],[121.296525,23.699269]],[[121.295839,23.699171],[121.295549,23.698897],[121.295745,23.698899],[121.295839,23.699171]],[[121.29682,23.699182],[121.296723,23.69909],[121.296821,23.699091],[121.29682,23.699182]],[[121.298389,23.699199],[121.298488,23.69911],[121.298487,23.6992],[121.298389,23.699199]],[[121.29839,23.699109],[121.298293,23.699017],[121.298391,23.699018],[121.29839,23.699109]],[[121.293684,23.699057],[121.293587,23.698965],[121.293685,23.698967],[121.293684,23.699057]],[[121.297804,23.698922],[121.297707,23.69883],[121.297805,23.698831],[121.297804,23.698922]],[[121.297512,23.698738],[121.297415,23.698646],[121.297513,23.698647],[121.297512,23.698738]],[[121.293493,23.698603],[121.293396,23.698512],[121.293495,23.698513],[121.293493,23.698603]],[[121.293029,23.696612],[121.292932,23.69652],[121.29303,23.696521],[121.293029,23.696612]]],[[[121.296897,23.700808],[121.297191,23.700811],[121.297389,23.700633],[121.297392,23.700452],[121.297588,23.700454],[121.297688,23.700275],[121.297493,23.700182],[121.297098,23.700449],[121.296705,23.700445],[121.296505,23.700804],[121.296698,23.700986],[121.296897,23.700808]]],[[[121.29483,23.701417],[121.294828,23.701507],[121.295809,23.701518],[121.295909,23.701339],[121.296302,23.701343],[121.2965,23.701165],[121.296505,23.700804],[121.296408,23.700712],[121.295918,23.700707],[121.295919,23.700617],[121.295723,23.700614],[121.295524,23.700793],[121.29543,23.700521],[121.29484,23.700605],[121.294355,23.700238],[121.293665,23.700501],[121.293666,23.700411],[121.29308,23.700224],[121.293082,23.700043],[121.292889,23.699861],[121.292877,23.700764],[121.293361,23.70122],[121.29346,23.701131],[121.293852,23.701226],[121.294044,23.701499],[121.29424,23.701501],[121.294243,23.70132],[121.294339,23.701412],[121.29483,23.701417]],[[121.294243,23.70132],[121.294146,23.701229],[121.294244,23.70123],[121.294243,23.70132]],[[121.294444,23.700871],[121.294345,23.70096],[121.294346,23.70087],[121.294444,23.700871]]],[[[121.31354,23.687716],[121.313639,23.687627],[121.313544,23.687355],[121.313739,23.687447],[121.313744,23.687086],[121.313646,23.687085],[121.313749,23.686725],[121.313652,23.686634],[121.313356,23.686721],[121.313354,23.686901],[121.313452,23.686902],[121.313352,23.687082],[121.312958,23.687168],[121.312956,23.687349],[121.31354,23.687716]],[[121.313346,23.687533],[121.313445,23.687444],[121.313444,23.687534],[121.313346,23.687533]]],[[[121.300533,23.692631],[121.300435,23.69263],[121.300534,23.69254],[121.30044,23.692268],[121.300244,23.692266],[121.299946,23.692534],[121.300235,23.692898],[121.300431,23.6929],[121.300533,23.692631]]],[[[121.300928,23.692454],[121.300827,23.692634],[121.301022,23.692726],[121.301122,23.692547],[121.300928,23.692454]]],[[[121.299192,23.697763],[121.298795,23.69812],[121.298889,23.698392],[121.299083,23.698574],[121.299474,23.698669],[121.29957,23.698851],[121.299963,23.698765],[121.299964,23.698674],[121.300553,23.698681],[121.300549,23.698952],[121.300255,23.698949],[121.300254,23.699039],[121.299961,23.698945],[121.299763,23.699124],[121.299759,23.699395],[121.300148,23.69967],[121.300143,23.700031],[121.300241,23.700032],[121.300236,23.700393],[121.299939,23.700661],[121.302194,23.700685],[121.302294,23.700506],[121.302686,23.70051],[121.303579,23.699707],[121.303584,23.699346],[121.303781,23.699258],[121.303785,23.698987],[121.303982,23.698899],[121.303988,23.698448],[121.304185,23.69836],[121.304191,23.697908],[121.305481,23.696748],[121.306167,23.696756],[121.306267,23.696576],[121.306856,23.696583],[121.306955,23.696494],[121.306964,23.695771],[121.307163,23.695593],[121.306968,23.6955],[121.30697,23.69532],[121.306676,23.695317],[121.306677,23.695226],[121.306972,23.695139],[121.306976,23.694868],[121.306878,23.694867],[121.306983,23.694327],[121.307975,23.693435],[121.308269,23.693438],[121.30837,23.693258],[121.308566,23.69326],[121.308373,23.692987],[121.308177,23.692985],[121.308179,23.692805],[121.308866,23.692812],[121.308867,23.692722],[121.309161,23.692725],[121.309261,23.692546],[121.309555,23.692549],[121.309556,23.692459],[121.310144,23.692555],[121.310244,23.692376],[121.310734,23.692381],[121.311528,23.691667],[121.311535,23.691126],[121.311732,23.691037],[121.311736,23.690767],[121.311933,23.690678],[121.311936,23.690408],[121.312034,23.690409],[121.31194,23.690137],[121.312335,23.68987],[121.312538,23.689331],[121.312932,23.689245],[121.313031,23.689155],[121.312935,23.688974],[121.313229,23.688977],[121.313527,23.688709],[121.31353,23.688438],[121.313237,23.688345],[121.313143,23.688073],[121.312751,23.688069],[121.312752,23.687978],[121.312459,23.687885],[121.31236,23.687974],[121.312455,23.688156],[121.312162,23.688062],[121.311863,23.688511],[121.311472,23.688416],[121.310976,23.688862],[121.311169,23.689045],[121.311069,23.689224],[121.310778,23.68895],[121.31058,23.689129],[121.310674,23.689401],[121.310383,23.689217],[121.310182,23.689576],[121.310084,23.689575],[121.310087,23.689304],[121.309892,23.689211],[121.309992,23.689122],[121.309994,23.688942],[121.309896,23.688941],[121.31,23.68849],[121.309903,23.688399],[121.310099,23.688401],[121.310398,23.688043],[121.31089,23.687868],[121.31109,23.687599],[121.311483,23.687513],[121.311379,23.687963],[121.310986,23.688049],[121.310786,23.688318],[121.31069,23.688227],[121.310394,23.688314],[121.310289,23.688855],[121.310484,23.688947],[121.310979,23.688591],[121.310981,23.688411],[121.31118,23.688232],[121.311375,23.688325],[121.311476,23.688055],[121.311972,23.687609],[121.312168,23.687611],[121.312564,23.687344],[121.312566,23.687164],[121.312276,23.68689],[121.31208,23.686887],[121.312081,23.686797],[121.311785,23.686884],[121.311592,23.686702],[121.311691,23.686612],[121.311596,23.68634],[121.311792,23.686343],[121.311794,23.686252],[121.312087,23.686346],[121.312483,23.685989],[121.312388,23.685807],[121.312685,23.68554],[121.312391,23.685536],[121.312197,23.685354],[121.312196,23.685444],[121.311902,23.685441],[121.311802,23.68562],[121.311311,23.685615],[121.311013,23.685973],[121.310431,23.685425],[121.310332,23.685514],[121.310424,23.685966],[121.310231,23.685784],[121.309937,23.68578],[121.309835,23.68605],[121.309737,23.686049],[121.309734,23.68632],[121.30954,23.686137],[121.309344,23.686135],[121.309242,23.686405],[121.309046,23.686403],[121.309045,23.686493],[121.308851,23.68631],[121.308557,23.686307],[121.30806,23.686844],[121.307864,23.686841],[121.307566,23.687109],[121.307562,23.68747],[121.307266,23.687557],[121.307359,23.68801],[121.307064,23.688007],[121.307066,23.687916],[121.306675,23.687822],[121.306179,23.688268],[121.305686,23.688443],[121.305586,23.688623],[121.305292,23.688619],[121.30509,23.689069],[121.304894,23.689066],[121.304892,23.689157],[121.304207,23.689059],[121.304206,23.689149],[121.303912,23.689146],[121.303714,23.689324],[121.303419,23.689321],[121.303221,23.6895],[121.303219,23.68968],[121.302923,23.689767],[121.302922,23.689858],[121.302628,23.689854],[121.302527,23.690124],[121.301839,23.690207],[121.30184,23.690117],[121.301252,23.69011],[121.300961,23.689836],[121.299982,23.689735],[121.300273,23.690009],[121.300074,23.690187],[121.30017,23.690369],[121.300563,23.690283],[121.300757,23.690466],[121.301051,23.690469],[121.301147,23.690651],[121.301344,23.690563],[121.301249,23.690381],[121.302228,23.690482],[121.302225,23.690663],[121.302419,23.690845],[121.302618,23.690667],[121.302814,23.690669],[121.302712,23.690939],[121.303199,23.691215],[121.303197,23.691396],[121.302998,23.691574],[121.302704,23.691571],[121.302703,23.691661],[121.302312,23.691567],[121.302113,23.691745],[121.30192,23.691562],[121.30094,23.691461],[121.300845,23.69128],[121.300551,23.691276],[121.300549,23.691367],[121.300353,23.691364],[121.300258,23.691183],[121.299962,23.69127],[121.299769,23.691087],[121.299868,23.690998],[121.299773,23.690726],[121.299575,23.690904],[121.299379,23.690902],[121.299283,23.690721],[121.298989,23.690717],[121.29869,23.691075],[121.298885,23.691168],[121.298883,23.691348],[121.299076,23.691531],[121.299371,23.691534],[121.299372,23.691444],[121.299861,23.69154],[121.29986,23.69163],[121.300841,23.69155],[121.300738,23.69191],[121.300441,23.692178],[121.300731,23.692452],[121.301223,23.692367],[121.301124,23.692457],[121.301218,23.692728],[121.301022,23.692726],[121.300824,23.692905],[121.300719,23.693445],[121.300421,23.693713],[121.30003,23.693618],[121.30013,23.693439],[121.300524,23.693353],[121.300331,23.69308],[121.300134,23.693168],[121.30004,23.692806],[121.299743,23.693073],[121.299354,23.692798],[121.299357,23.692618],[121.299752,23.692351],[121.29956,23.692078],[121.299068,23.692163],[121.299071,23.691982],[121.298876,23.69189],[121.298879,23.691619],[121.298685,23.691436],[121.298098,23.69134],[121.298097,23.69143],[121.297802,23.691517],[121.297996,23.6917],[121.297797,23.691878],[121.297991,23.692061],[121.297891,23.69224],[121.298084,23.692423],[121.298478,23.692337],[121.298375,23.692697],[121.29857,23.69279],[121.298466,23.69324],[121.298563,23.693331],[121.29876,23.693243],[121.298657,23.693603],[121.299045,23.693969],[121.299341,23.693791],[121.299535,23.693974],[121.299335,23.694243],[121.299432,23.694334],[121.299826,23.694248],[121.299823,23.694429],[121.299627,23.694427],[121.299527,23.694606],[121.300015,23.694792],[121.300012,23.694973],[121.299916,23.694881],[121.299718,23.694969],[121.300009,23.695244],[121.299614,23.69542],[121.299711,23.695511],[121.299609,23.695871],[121.299313,23.695958],[121.2997,23.696414],[121.299403,23.696591],[121.299016,23.696226],[121.298818,23.696314],[121.298911,23.696767],[121.299202,23.69695],[121.2992,23.697131],[121.299004,23.697129],[121.299005,23.697039],[121.298808,23.697127],[121.2989,23.697579],[121.299192,23.697763]],[[121.310971,23.689223],[121.310872,23.689312],[121.310873,23.689222],[121.310971,23.689223]],[[121.310872,23.689312],[121.310773,23.689402],[121.310774,23.689311],[121.310872,23.689312]],[[121.311209,23.685975],[121.311206,23.686156],[121.311108,23.686154],[121.311111,23.685974],[121.311209,23.685975]],[[121.301252,23.69011],[121.301153,23.690199],[121.301154,23.690109],[121.301252,23.69011]],[[121.301223,23.692367],[121.301322,23.692278],[121.301321,23.692368],[121.301223,23.692367]],[[121.300519,23.693714],[121.300517,23.693895],[121.300319,23.693983],[121.300322,23.693802],[121.300519,23.693714]],[[121.299354,23.692798],[121.299255,23.692887],[121.299256,23.692797],[121.299354,23.692798]],[[121.298876,23.69189],[121.298776,23.691979],[121.298778,23.691889],[121.298876,23.69189]],[[121.299192,23.697763],[121.299291,23.697674],[121.29929,23.697764],[121.299192,23.697763]],[[121.302492,23.700418],[121.302395,23.700326],[121.302493,23.700328],[121.302492,23.700418]],[[121.30073,23.700128],[121.300732,23.699947],[121.300931,23.699769],[121.301223,23.699952],[121.30122,23.700133],[121.301022,23.700311],[121.30073,23.700128]],[[121.302004,23.700232],[121.301907,23.700141],[121.302005,23.700142],[121.302004,23.700232]],[[121.302111,23.699511],[121.302014,23.699419],[121.302112,23.69942],[121.302111,23.699511]],[[121.300347,23.699401],[121.30025,23.69931],[121.300348,23.699311],[121.300347,23.699401]],[[121.302608,23.698974],[121.302901,23.699068],[121.303095,23.699251],[121.302996,23.69934],[121.302899,23.699248],[121.302506,23.699334],[121.302312,23.699152],[121.302313,23.699061],[121.302607,23.699065],[121.302608,23.698974]],[[121.302313,23.699061],[121.302216,23.69897],[121.302314,23.698971],[121.302313,23.699061]],[[121.301428,23.699232],[121.301431,23.699052],[121.301529,23.699053],[121.301526,23.699233],[121.301428,23.699232]],[[121.301922,23.698967],[121.30192,23.699147],[121.301822,23.699146],[121.301726,23.698965],[121.301922,23.698967]],[[121.301436,23.6986],[121.301531,23.698872],[121.301334,23.69896],[121.30124,23.698598],[121.301436,23.6986]],[[121.303395,23.698802],[121.303009,23.698347],[121.303205,23.698349],[121.303398,23.698532],[121.303395,23.698802]],[[121.304218,23.695832],[121.304019,23.69601],[121.303724,23.696097],[121.303722,23.696278],[121.30382,23.696279],[121.304105,23.697004],[121.303813,23.69682],[121.303721,23.696368],[121.303429,23.696184],[121.303032,23.696541],[121.30303,23.696721],[121.302832,23.69681],[121.30263,23.697259],[121.302335,23.697346],[121.302431,23.697528],[121.301742,23.697701],[121.30174,23.697881],[121.30203,23.698155],[121.301834,23.698153],[121.301641,23.69797],[121.301541,23.69806],[121.301636,23.698332],[121.301245,23.698237],[121.301045,23.698506],[121.30075,23.698593],[121.300752,23.698412],[121.300951,23.698234],[121.300756,23.698141],[121.300758,23.697961],[121.300564,23.697778],[121.30086,23.697691],[121.300759,23.69787],[121.301148,23.698146],[121.301247,23.698056],[121.301152,23.697875],[121.301349,23.697787],[121.301253,23.697605],[121.301546,23.697699],[121.301648,23.697429],[121.301745,23.69752],[121.301942,23.697432],[121.302043,23.697162],[121.301652,23.697068],[121.30146,23.696795],[121.301656,23.696797],[121.301655,23.696887],[121.302048,23.696801],[121.302046,23.696982],[121.302241,23.697074],[121.30234,23.696985],[121.302245,23.696713],[121.30294,23.696088],[121.302844,23.695907],[121.302648,23.695905],[121.302748,23.695725],[121.303041,23.695819],[121.303042,23.695728],[121.303337,23.695732],[121.303338,23.695641],[121.30383,23.695466],[121.303829,23.695556],[121.304221,23.695561],[121.304218,23.695832]],[[121.304221,23.695561],[121.304321,23.695471],[121.304319,23.695562],[121.304221,23.695561]],[[121.29948,23.698218],[121.299383,23.698126],[121.299481,23.698127],[121.29948,23.698218]],[[121.299578,23.698219],[121.299579,23.698128],[121.299775,23.698131],[121.299774,23.698221],[121.299578,23.698219]],[[121.302622,23.697891],[121.302621,23.697981],[121.302718,23.698073],[121.302425,23.697979],[121.302426,23.697889],[121.302622,23.697891]],[[121.303603,23.697902],[121.303702,23.697812],[121.303701,23.697903],[121.303603,23.697902]],[[121.303604,23.697811],[121.303507,23.69772],[121.303605,23.697721],[121.303604,23.697811]],[[121.299388,23.697765],[121.29939,23.697585],[121.299488,23.697586],[121.299486,23.697766],[121.299388,23.697765]],[[121.299684,23.697588],[121.299687,23.697407],[121.299785,23.697408],[121.299782,23.697589],[121.299684,23.697588]],[[121.299979,23.697591],[121.299882,23.6975],[121.29998,23.697501],[121.299979,23.697591]],[[121.303317,23.697266],[121.303512,23.697359],[121.303411,23.697538],[121.303118,23.697445],[121.303317,23.697266]],[[121.30312,23.697355],[121.303023,23.697263],[121.303121,23.697264],[121.30312,23.697355]],[[121.299491,23.697405],[121.299394,23.697314],[121.299492,23.697315],[121.299491,23.697405]],[[121.301071,23.696519],[121.301362,23.696793],[121.301066,23.696881],[121.301071,23.696519]],[[121.300678,23.696605],[121.299996,23.696237],[121.3,23.695966],[121.300294,23.695969],[121.300293,23.696059],[121.300489,23.696062],[121.300877,23.696337],[121.300678,23.696605]],[[121.301173,23.69625],[121.301269,23.696341],[121.301171,23.69634],[121.301173,23.69625]],[[121.301274,23.69598],[121.301469,23.696072],[121.301369,23.696252],[121.301271,23.696251],[121.301274,23.69598]],[[121.301963,23.695807],[121.301866,23.695715],[121.301964,23.695717],[121.301963,23.695807]],[[121.30079,23.695523],[121.300989,23.695254],[121.301281,23.695438],[121.301082,23.695707],[121.30079,23.695523]],[[121.300004,23.695605],[121.300005,23.695514],[121.300201,23.695517],[121.3002,23.695607],[121.300004,23.695605]],[[121.306181,23.695672],[121.306084,23.695581],[121.306182,23.695582],[121.306181,23.695672]],[[121.306309,23.693326],[121.305813,23.693772],[121.30581,23.694043],[121.306005,23.694135],[121.306002,23.694316],[121.305808,23.694224],[121.30551,23.694491],[121.305506,23.694762],[121.304814,23.695206],[121.304911,23.695297],[121.304811,23.695477],[121.304617,23.695294],[121.304128,23.695198],[121.30413,23.695018],[121.304326,23.69502],[121.304525,23.694842],[121.304429,23.69466],[121.304822,23.694574],[121.30512,23.694306],[121.305122,23.694126],[121.305518,23.693859],[121.305522,23.693588],[121.305424,23.693587],[121.305526,23.693227],[121.305428,23.693226],[121.305432,23.692955],[121.305334,23.692954],[121.305435,23.692684],[121.30524,23.692592],[121.305246,23.69214],[121.305442,23.692143],[121.305733,23.692417],[121.305533,23.692685],[121.305824,23.69296],[121.306021,23.692871],[121.305925,23.69269],[121.306316,23.692784],[121.306515,23.692606],[121.306511,23.692877],[121.306215,23.693054],[121.306309,23.693326]],[[121.306309,23.693326],[121.306605,23.693239],[121.306602,23.69342],[121.306504,23.693418],[121.3066,23.6936],[121.306404,23.693598],[121.306406,23.693417],[121.306308,23.693416],[121.306309,23.693326]],[[121.30658,23.695135],[121.306578,23.695316],[121.30648,23.695314],[121.306384,23.695133],[121.30658,23.695135]],[[121.301777,23.694992],[121.30168,23.694901],[121.301778,23.694902],[121.301777,23.694992]],[[121.306684,23.694685],[121.306682,23.694865],[121.306193,23.69477],[121.306194,23.694679],[121.306684,23.694685]],[[121.300018,23.694521],[121.300019,23.694431],[121.300216,23.694433],[121.300214,23.694523],[121.300018,23.694521]],[[121.301197,23.694354],[121.3011,23.694262],[121.301198,23.694263],[121.301197,23.694354]],[[121.304733,23.693941],[121.304827,23.694213],[121.304434,23.694299],[121.304632,23.69412],[121.304538,23.693848],[121.304733,23.693941]],[[121.304538,23.693848],[121.304441,23.693757],[121.304539,23.693758],[121.304538,23.693848]],[[121.304441,23.693757],[121.304149,23.693573],[121.304151,23.693393],[121.304443,23.693576],[121.304441,23.693757]],[[121.304151,23.693393],[121.304054,23.693301],[121.304152,23.693302],[121.304151,23.693393]],[[121.300023,23.69416],[121.300024,23.69407],[121.30022,23.694072],[121.300219,23.694162],[121.300023,23.69416]],[[121.301104,23.693991],[121.30091,23.693809],[121.301106,23.693811],[121.301104,23.693991]],[[121.301106,23.693811],[121.301205,23.693722],[121.301204,23.693812],[121.301106,23.693811]],[[121.301594,23.693997],[121.301497,23.693905],[121.301595,23.693906],[121.301594,23.693997]],[[121.303947,23.694023],[121.303949,23.693842],[121.304047,23.693843],[121.304045,23.694024],[121.303947,23.694023]],[[121.306496,23.69405],[121.306399,23.693959],[121.306497,23.69396],[121.306496,23.69405]],[[121.303556,23.693928],[121.303459,23.693837],[121.303557,23.693838],[121.303556,23.693928]],[[121.306795,23.693693],[121.306797,23.693512],[121.306993,23.693514],[121.307187,23.693697],[121.307185,23.693877],[121.306988,23.693966],[121.306893,23.693694],[121.306795,23.693693]],[[121.300812,23.693808],[121.300715,23.693716],[121.300813,23.693717],[121.300812,23.693808]],[[121.305126,23.693855],[121.305029,23.693764],[121.305127,23.693765],[121.305126,23.693855]],[[121.306695,23.693872],[121.306598,23.693781],[121.306696,23.693782],[121.306695,23.693872]],[[121.299834,23.693616],[121.299737,23.693525],[121.299835,23.693526],[121.299834,23.693616]],[[121.303265,23.693654],[121.303169,23.693563],[121.303267,23.693564],[121.303265,23.693654]],[[121.304932,23.693672],[121.304835,23.693581],[121.304933,23.693582],[121.304932,23.693672]],[[121.305129,23.693584],[121.305033,23.693493],[121.305131,23.693494],[121.305129,23.693584]],[[121.307386,23.693518],[121.307289,23.693427],[121.307387,23.693428],[121.307386,23.693518]],[[121.301114,23.693179],[121.301115,23.693089],[121.301312,23.693091],[121.30131,23.693181],[121.301114,23.693179]],[[121.305036,23.693222],[121.304939,23.69313],[121.305037,23.693132],[121.305036,23.693222]],[[121.306901,23.693062],[121.307003,23.692792],[121.307199,23.692794],[121.307393,23.692977],[121.307389,23.693248],[121.306901,23.693062]],[[121.304449,23.693125],[121.304158,23.692851],[121.304354,23.692853],[121.304449,23.693125]],[[121.306805,23.69288],[121.306709,23.692789],[121.306807,23.69279],[121.306805,23.69288]],[[121.30171,23.692644],[121.301513,23.692641],[121.301515,23.692551],[121.301712,23.692463],[121.30171,23.692644]],[[121.301515,23.692551],[121.301418,23.69246],[121.301516,23.692461],[121.301515,23.692551]],[[121.301908,23.692465],[121.302208,23.692017],[121.302595,23.692382],[121.30289,23.692386],[121.302888,23.692476],[121.302496,23.692472],[121.302495,23.692562],[121.302201,23.692559],[121.3022,23.692649],[121.301906,23.692646],[121.302005,23.692556],[121.301908,23.692465]],[[121.307105,23.692432],[121.307304,23.692253],[121.307202,23.692523],[121.306711,23.692608],[121.306811,23.692429],[121.307105,23.692432]],[[121.298186,23.692153],[121.298089,23.692062],[121.298187,23.692063],[121.298186,23.692153]],[[121.300834,23.692092],[121.301034,23.691823],[121.301231,23.691735],[121.301229,23.691916],[121.30103,23.692094],[121.300834,23.692092]],[[121.307307,23.691982],[121.307508,23.691623],[121.307802,23.691627],[121.308101,23.691269],[121.308395,23.691272],[121.308494,23.691183],[121.308399,23.691001],[121.308986,23.691098],[121.308983,23.691278],[121.30869,23.691185],[121.308292,23.691632],[121.308097,23.69154],[121.307899,23.691718],[121.307897,23.691899],[121.30809,23.692081],[121.307698,23.692077],[121.307697,23.692167],[121.307502,23.692075],[121.307403,23.692164],[121.307405,23.691984],[121.307307,23.691982]],[[121.30898,23.691549],[121.308981,23.691459],[121.309177,23.691461],[121.309176,23.691551],[121.30898,23.691549]],[[121.305953,23.690523],[121.305859,23.690251],[121.306252,23.690165],[121.306346,23.690527],[121.306734,23.690802],[121.306635,23.690891],[121.30673,23.691163],[121.306531,23.691342],[121.30624,23.691068],[121.306043,23.691156],[121.306138,23.691428],[121.305845,23.691334],[121.305848,23.691063],[121.306047,23.690885],[121.305756,23.690611],[121.305953,23.690523]],[[121.305755,23.690701],[121.305656,23.69079],[121.305657,23.6907],[121.305755,23.690701]],[[121.310059,23.691471],[121.309963,23.691379],[121.310061,23.69138],[121.310059,23.691471]],[[121.309084,23.691099],[121.309277,23.691282],[121.309081,23.691279],[121.309084,23.691099]],[[121.305259,23.691147],[121.305162,23.691056],[121.30526,23.691057],[121.305259,23.691147]],[[121.305456,23.691059],[121.305553,23.691151],[121.305455,23.691149],[121.305456,23.691059]],[[121.305554,23.69106],[121.305653,23.690971],[121.305652,23.691061],[121.305554,23.69106]],[[121.309088,23.690738],[121.308991,23.690646],[121.30909,23.690647],[121.309088,23.690738]],[[121.310658,23.690665],[121.310659,23.690574],[121.310855,23.690576],[121.310854,23.690667],[121.310658,23.690665]],[[121.31105,23.690669],[121.310953,23.690577],[121.311052,23.690579],[121.31105,23.690669]],[[121.30566,23.690429],[121.305463,23.690517],[121.305467,23.690247],[121.305565,23.690248],[121.30566,23.690429]],[[121.305467,23.690247],[121.30537,23.690155],[121.305468,23.690156],[121.305467,23.690247]],[[121.311248,23.690581],[121.311151,23.690489],[121.311249,23.69049],[121.311248,23.690581]],[[121.306645,23.690079],[121.306838,23.690352],[121.306543,23.690439],[121.306449,23.690077],[121.306645,23.690079]],[[121.308013,23.690455],[121.307917,23.690364],[121.308015,23.690365],[121.308013,23.690455]],[[121.309778,23.690474],[121.309681,23.690383],[121.309779,23.690384],[121.309778,23.690474]],[[121.31017,23.690479],[121.310073,23.690387],[121.310171,23.690388],[121.31017,23.690479]],[[121.307818,23.690363],[121.307722,23.690271],[121.30782,23.690272],[121.307818,23.690363]],[[121.311153,23.690309],[121.311056,23.690217],[121.311154,23.690218],[121.311153,23.690309]],[[121.304392,23.689964],[121.304883,23.689879],[121.304979,23.690061],[121.304685,23.690057],[121.304683,23.690148],[121.304391,23.690054],[121.304392,23.689964]],[[121.310567,23.690122],[121.310569,23.689941],[121.310667,23.689942],[121.310665,23.690123],[121.310567,23.690122]],[[121.305472,23.689795],[121.30547,23.689976],[121.305176,23.689973],[121.305276,23.689793],[121.305472,23.689795]],[[121.308019,23.690004],[121.30802,23.689913],[121.308315,23.689917],[121.308313,23.690007],[121.308019,23.690004]],[[121.311746,23.689954],[121.311745,23.690044],[121.311451,23.690041],[121.311453,23.689861],[121.311746,23.689954]],[[121.309785,23.689933],[121.30959,23.68984],[121.309591,23.68975],[121.309787,23.689752],[121.309785,23.689933]],[[121.309591,23.68975],[121.309494,23.689659],[121.309593,23.68966],[121.309591,23.68975]],[[121.310671,23.689671],[121.310571,23.689851],[121.310473,23.68985],[121.310475,23.689669],[121.310671,23.689671]],[[121.31116,23.689767],[121.311063,23.689676],[121.311161,23.689677],[121.31116,23.689767]],[[121.308124,23.689463],[121.307927,23.689551],[121.30793,23.68928],[121.308127,23.689282],[121.308124,23.689463]],[[121.309888,23.689573],[121.309791,23.689481],[121.309889,23.689482],[121.309888,23.689573]],[[121.306558,23.689265],[121.306461,23.689174],[121.306559,23.689175],[121.306558,23.689265]],[[121.306954,23.688999],[121.306853,23.689178],[121.306657,23.689176],[121.306757,23.688997],[121.306954,23.688999]],[[121.311559,23.68923],[121.311561,23.689049],[121.31166,23.68905],[121.311657,23.689231],[121.311559,23.68923]],[[121.308228,23.689013],[121.308131,23.688921],[121.308229,23.688922],[121.308228,23.689013]],[[121.30952,23.687672],[121.30942,23.687852],[121.309807,23.688217],[121.309611,23.688215],[121.309413,23.688393],[121.30941,23.688574],[121.309114,23.688751],[121.308823,23.688477],[121.30922,23.68812],[121.309126,23.687849],[121.308738,23.687483],[121.308444,23.68748],[121.308443,23.68757],[121.308149,23.687567],[121.30815,23.687477],[121.308346,23.687479],[121.308447,23.687209],[121.308644,23.687211],[121.308739,23.687393],[121.308838,23.687304],[121.309327,23.687399],[121.309325,23.68758],[121.30952,23.687672]],[[121.309327,23.687399],[121.309427,23.68731],[121.309426,23.6874],[121.309327,23.687399]],[[121.309703,23.688668],[121.309606,23.688576],[121.309705,23.688577],[121.309703,23.688668]],[[121.30834,23.68793],[121.308243,23.687839],[121.308341,23.68784],[121.30834,23.68793]],[[121.308735,23.687754],[121.30883,23.687936],[121.308536,23.687932],[121.308537,23.687842],[121.308735,23.687754]],[[121.310404,23.687592],[121.310307,23.6875],[121.310405,23.687501],[121.310404,23.687592]],[[121.308645,23.687121],[121.308548,23.68703],[121.308646,23.687031],[121.308645,23.687121]]],[[[121.298131,23.696397],[121.298528,23.69604],[121.29892,23.696044],[121.29902,23.695865],[121.298336,23.695677],[121.298235,23.695946],[121.298137,23.695945],[121.297749,23.69558],[121.297649,23.695759],[121.297941,23.695943],[121.297936,23.696304],[121.298131,23.696397]]]]}},{"type":"Feature","properties":{"kind":"water","month":"2025-12","area_ha":23.52},"geometry":{"type":"MultiPolygon","coordinates":[[[[121.300624,23.693173],[121.300622,23.693354],[121.300426,23.693352],[121.300423,23.693532],[121.300719,23.693445],[121.300722,23.693174],[121.300624,23.693173]]],[[[121.284934,23.693271],[121.284838,23.69309],[121.284544,23.693086],[121.28454,23.693357],[121.284833,23.693451],[121.284836,23.69327],[121.284934,23.693271]]],[[[121.30013,23.693439],[121.30003,23.693618],[121.300422,23.693623],[121.300326,23.693441],[121.30013,23.693439]]],[[[121.285027,23.693633],[121.284832,23.693541],[121.284827,23.693902],[121.284729,23.693901],[121.284825,23.694083],[121.285021,23.694085],[121.285023,23.693904],[121.285122,23.693905],[121.285027,23.693633]]],[[[121.299819,23.69479],[121.299527,23.694606],[121.299523,23.694877],[121.300012,23.694973],[121.300015,23.694792],[121.299819,23.69479]]],[[[121.299516,23.695419],[121.29952,23.695148],[121.299324,23.695146],[121.299426,23.694786],[121.299131,23.694873],[121.299037,23.694601],[121.299527,23.694606],[121.299627,23.694427],[121.299823,23.694429],[121.299826,23.694248],[121.299532,23.694245],[121.299529,23.694426],[121.299039,23.69442],[121.298942,23.694329],[121.298939,23.6946],[121.298841,23.694599],[121.298842,23.694508],[121.29845,23.694504],[121.298453,23.694233],[121.298257,23.694231],[121.298259,23.69405],[121.298063,23.694048],[121.298061,23.694229],[121.297866,23.694136],[121.297861,23.694498],[121.297664,23.694586],[121.297662,23.694766],[121.29776,23.694767],[121.297754,23.695219],[121.297852,23.69522],[121.297943,23.695763],[121.298335,23.695767],[121.298732,23.69541],[121.299124,23.695414],[121.299125,23.695324],[121.299516,23.695419]],[[121.298732,23.69541],[121.298635,23.695319],[121.298733,23.69532],[121.298732,23.69541]],[[121.298635,23.695319],[121.298538,23.695227],[121.298636,23.695228],[121.298635,23.695319]],[[121.298538,23.695227],[121.298441,23.695136],[121.298539,23.695137],[121.298538,23.695227]],[[121.298059,23.694409],[121.298158,23.69432],[121.298157,23.69441],[121.298059,23.694409]]],[[[121.299417,23.695508],[121.299024,23.695594],[121.299023,23.695684],[121.299119,23.695776],[121.299415,23.695689],[121.299412,23.695869],[121.299609,23.695871],[121.299612,23.6956],[121.299416,23.695598],[121.299417,23.695508]]],[[[121.287542,23.69628],[121.287346,23.696278],[121.287345,23.696368],[121.287932,23.696465],[121.287837,23.696193],[121.287543,23.69619],[121.287542,23.69628]]],[[[121.292017,23.699038],[121.292023,23.698587],[121.292219,23.698589],[121.292125,23.698227],[121.292027,23.698226],[121.292131,23.697775],[121.291936,23.697683],[121.291843,23.697321],[121.291647,23.697319],[121.291357,23.696954],[121.291361,23.696683],[121.291558,23.696595],[121.291561,23.696415],[121.291365,23.696413],[121.291269,23.696231],[121.290877,23.696227],[121.290879,23.696046],[121.290093,23.696128],[121.289708,23.695582],[121.289026,23.695303],[121.288728,23.695571],[121.288726,23.695751],[121.288429,23.695929],[121.288427,23.696109],[121.289014,23.696206],[121.289692,23.696846],[121.289785,23.697208],[121.289981,23.69721],[121.289979,23.697391],[121.290368,23.697666],[121.290554,23.69839],[121.291234,23.698939],[121.291231,23.69912],[121.291425,23.699303],[121.291621,23.699305],[121.29162,23.699395],[121.292111,23.69931],[121.292115,23.699039],[121.292017,23.699038]]],[[[121.299763,23.699124],[121.300059,23.698946],[121.300061,23.698766],[121.300159,23.698767],[121.300156,23.699038],[121.300549,23.698952],[121.300553,23.698681],[121.299964,23.698674],[121.299963,23.698765],[121.299472,23.69885],[121.299569,23.698941],[121.299467,23.699211],[121.29976,23.699304],[121.299763,23.699124]]],[[[121.296033,23.699354],[121.295837,23.699351],[121.295836,23.699442],[121.296032,23.699444],[121.296033,23.699354]]],[[[121.295151,23.699344],[121.295246,23.699526],[121.295835,23.699532],[121.295836,23.699442],[121.295151,23.699344]]],[[[121.29475,23.699972],[121.294652,23.69997],[121.29465,23.700151],[121.294748,23.700152],[121.29475,23.699972]]],[[[121.29338,23.699776],[121.293184,23.699774],[121.293187,23.699503],[121.292994,23.69932],[121.292798,23.699318],[121.292796,23.699408],[121.292503,23.699315],[121.292501,23.699495],[121.292892,23.69959],[121.292889,23.699861],[121.292987,23.699862],[121.29308,23.700224],[121.293276,23.700226],[121.293665,23.700501],[121.294355,23.700238],[121.29484,23.700605],[121.29543,23.700521],[121.295524,23.700793],[121.295723,23.700614],[121.296505,23.700804],[121.296607,23.700444],[121.297098,23.700449],[121.297493,23.700182],[121.297788,23.700186],[121.297588,23.700454],[121.297784,23.700456],[121.297884,23.700277],[121.298079,23.700369],[121.298181,23.7001],[121.298772,23.699926],[121.298972,23.699567],[121.298776,23.699564],[121.298675,23.699834],[121.298282,23.69983],[121.29828,23.70001],[121.298086,23.699828],[121.297792,23.699824],[121.297692,23.700004],[121.29671,23.700083],[121.296314,23.70035],[121.295041,23.700246],[121.295042,23.700155],[121.294746,23.700333],[121.29465,23.700151],[121.294258,23.700147],[121.294064,23.699964],[121.293378,23.699956],[121.29338,23.699776]],[[121.29504,23.700336],[121.295039,23.700426],[121.294843,23.700424],[121.294844,23.700334],[121.29504,23.700336]]],[[[121.296316,23.70026],[121.296515,23.699991],[121.296319,23.699989],[121.296318,23.700079],[121.296122,23.700077],[121.29612,23.700258],[121.296316,23.70026]]],[[[121.296603,23.700805],[121.296505,23.700804],[121.296501,23.701074],[121.296599,23.701076],[121.296603,23.700805]]],[[[121.30563,23.692777],[121.305533,23.692685],[121.305532,23.692776],[121.30563,23.692777]]],[[[121.305629,23.692867],[121.305728,23.692778],[121.30563,23.692777],[121.305629,23.692867]]],[[[121.304152,23.693302],[121.304053,23.693392],[121.304151,23.693393],[121.304152,23.693302]]],[[[121.304151,23.693393],[121.304149,23.693573],[121.304345,23.693575],[121.304346,23.693485],[121.304151,23.693393]]],[[[121.304443,23.693576],[121.304345,23.693575],[121.304343,23.693756],[121.304441,23.693757],[121.304443,23.693576]]],[[[121.304539,23.693758],[121.30444,23.693847],[121.304538,23.693848],[121.304539,23.693758]]],[[[121.304733,23.693941],[121.304538,23.693848],[121.304535,23.694029],[121.30473,23.694121],[121.304733,23.693941]]],[[[121.304616,23.695384],[121.304811,23.695477],[121.304911,23.695297],[121.304717,23.695115],[121.305012,23.695118],[121.305014,23.694937],[121.305308,23.69494],[121.30531,23.69476],[121.305506,23.694762],[121.30561,23.694312],[121.305806,23.694314],[121.305813,23.693772],[121.306111,23.693504],[121.306215,23.693054],[121.306511,23.692877],[121.306515,23.692606],[121.306217,23.692874],[121.306119,23.692872],[121.306121,23.692692],[121.305925,23.69269],[121.306022,23.692781],[121.305922,23.692961],[121.305628,23.692957],[121.305532,23.692776],[121.305335,23.692864],[121.305428,23.693226],[121.305526,23.693227],[121.305427,23.693316],[121.305517,23.693949],[121.305321,23.693947],[121.304822,23.694574],[121.304429,23.69466],[121.304428,23.69475],[121.304723,23.694663],[121.304819,23.694845],[121.304623,23.694843],[121.304622,23.694933],[121.304427,23.694841],[121.304424,23.695021],[121.30413,23.695018],[121.304128,23.695198],[121.304324,23.695201],[121.304323,23.695291],[121.304618,23.695204],[121.304616,23.695384]],[[121.305625,23.693138],[121.305527,23.693137],[121.30553,23.692956],[121.305628,23.692957],[121.305625,23.693138]],[[121.304324,23.695201],[121.304423,23.695111],[121.304422,23.695202],[121.304324,23.695201]],[[121.305613,23.694131],[121.305712,23.694042],[121.305711,23.694132],[121.305613,23.694131]]],[[[121.304827,23.694213],[121.30473,23.694121],[121.304729,23.694212],[121.304827,23.694213]]],[[[121.304319,23.695562],[121.304223,23.69547],[121.304221,23.695561],[121.304319,23.695562]]],[[[121.303813,23.69682],[121.304105,23.697004],[121.30382,23.696279],[121.303625,23.696186],[121.303623,23.696367],[121.303816,23.69655],[121.303813,23.69682]]],[[[121.30146,23.696795],[121.301653,23.696977],[121.301656,23.696797],[121.30146,23.696795]]],[[[121.302444,23.696534],[121.30244,23.696805],[121.302245,23.696713],[121.302243,23.696893],[121.302341,23.696895],[121.302239,23.697164],[121.301944,23.697251],[121.301843,23.697521],[121.301648,23.697429],[121.301546,23.697699],[121.301253,23.697605],[121.301346,23.697967],[121.30105,23.698145],[121.301146,23.698326],[121.301245,23.698237],[121.301636,23.698332],[121.301543,23.697969],[121.301837,23.697973],[121.301643,23.69779],[121.301841,23.697611],[121.302431,23.697528],[121.302335,23.697346],[121.30263,23.697259],[121.302633,23.697078],[121.30283,23.69699],[121.302834,23.696719],[121.30303,23.696721],[121.303132,23.696361],[121.303328,23.696364],[121.303429,23.696184],[121.304019,23.69601],[121.303924,23.695828],[121.304218,23.695832],[121.304221,23.695561],[121.303732,23.695465],[121.303731,23.695555],[121.303535,23.695553],[121.303337,23.695732],[121.303042,23.695728],[121.303041,23.695819],[121.302748,23.695725],[121.302648,23.695905],[121.302844,23.695907],[121.302939,23.696179],[121.302742,23.696177],[121.302739,23.696447],[121.302444,23.696534]],[[121.303534,23.695643],[121.303631,23.695735],[121.303533,23.695734],[121.303534,23.695643]],[[121.302941,23.695998],[121.30304,23.695909],[121.303039,23.695999],[121.302941,23.695998]],[[121.303039,23.695999],[121.303136,23.696091],[121.303038,23.696089],[121.303039,23.695999]]],[[[121.301852,23.696799],[121.30185,23.696979],[121.301653,23.696977],[121.301652,23.697068],[121.302143,23.697073],[121.302048,23.696801],[121.301852,23.696799]]],[[[121.301248,23.697966],[121.301152,23.697875],[121.30115,23.697965],[121.301248,23.697966]]],[[[121.301049,23.698235],[121.300752,23.698412],[121.30075,23.698593],[121.301045,23.698506],[121.301049,23.698235]]],[[[121.311804,23.68544],[121.311902,23.685441],[121.311906,23.68517],[121.311611,23.685167],[121.311516,23.684985],[121.310829,23.684978],[121.310825,23.685339],[121.31063,23.685246],[121.310625,23.685607],[121.310821,23.68561],[121.310819,23.68579],[121.311013,23.685973],[121.311111,23.685974],[121.311213,23.685614],[121.311802,23.68562],[121.311804,23.68544]],[[121.311707,23.685348],[121.311806,23.685259],[121.311805,23.685349],[121.311707,23.685348]]],[[[121.311209,23.685975],[121.311111,23.685974],[121.311108,23.686154],[121.311206,23.686156],[121.311209,23.685975]]],[[[121.311791,23.686433],[121.311592,23.686702],[121.311785,23.686884],[121.311885,23.686795],[121.312276,23.68689],[121.312662,23.687345],[121.311972,23.687609],[121.311476,23.688055],[121.311473,23.688326],[121.311671,23.688147],[121.312061,23.688332],[121.312063,23.688151],[121.311867,23.688149],[121.311868,23.688059],[121.312162,23.688062],[121.312164,23.687972],[121.312557,23.687886],[121.312751,23.688069],[121.313241,23.688074],[121.313237,23.688345],[121.31353,23.688438],[121.313539,23.687806],[121.313342,23.687804],[121.313345,23.687624],[121.312859,23.687257],[121.31286,23.687167],[121.313451,23.686993],[121.313356,23.686721],[121.313555,23.686542],[121.313259,23.686629],[121.313261,23.686539],[121.312968,23.686446],[121.312971,23.686175],[121.313167,23.686177],[121.313268,23.685997],[121.31288,23.685632],[121.312586,23.685629],[121.312581,23.68599],[121.312385,23.685988],[121.312382,23.686259],[121.312187,23.686166],[121.312087,23.686346],[121.31199,23.686254],[121.311596,23.68634],[121.311595,23.686431],[121.311791,23.686433]],[[121.312381,23.686349],[121.312579,23.686171],[121.312867,23.686625],[121.312573,23.686622],[121.312577,23.686351],[121.312381,23.686349]],[[121.312867,23.686625],[121.312964,23.686717],[121.313158,23.686899],[121.312864,23.686896],[121.312867,23.686625]],[[121.313159,23.686809],[121.313258,23.68672],[121.313257,23.68681],[121.313159,23.686809]],[[121.31189,23.686344],[121.312085,23.686436],[121.312084,23.686526],[121.311888,23.686524],[121.31189,23.686344]]],[[[121.30815,23.687477],[121.308149,23.687567],[121.308443,23.68757],[121.308444,23.68748],[121.30815,23.687477]]],[[[121.309322,23.687851],[121.309325,23.68758],[121.309131,23.687397],[121.308935,23.687395],[121.308936,23.687305],[121.308739,23.687393],[121.308644,23.687211],[121.308447,23.687209],[121.308444,23.68748],[121.308836,23.687484],[121.308834,23.687665],[121.309224,23.68785],[121.309317,23.688212],[121.30961,23.688305],[121.309711,23.688036],[121.309515,23.688033],[121.309322,23.687851]]],[[[121.309709,23.688216],[121.309808,23.688127],[121.30971,23.688126],[121.309709,23.688216]]],[[[121.310493,23.688225],[121.310691,23.688137],[121.310688,23.688317],[121.310786,23.688318],[121.310789,23.688138],[121.311379,23.687963],[121.311483,23.687513],[121.31109,23.687599],[121.31089,23.687868],[121.310398,23.688043],[121.310296,23.688313],[121.309903,23.688399],[121.31,23.68849],[121.309899,23.68867],[121.309997,23.688671],[121.310093,23.688852],[121.310289,23.688855],[121.310493,23.688225]],[[121.31079,23.688047],[121.310889,23.687958],[121.310888,23.688048],[121.31079,23.688047]]],[[[121.311865,23.68833],[121.311571,23.688327],[121.311568,23.688507],[121.311863,23.688511],[121.311865,23.68833]]],[[[121.310386,23.688946],[121.310289,23.688855],[121.310288,23.688945],[121.310386,23.688946]]],[[[121.310382,23.689307],[121.310384,23.689126],[121.310777,23.68904],[121.310977,23.688772],[121.311173,23.688774],[121.311175,23.688593],[121.311371,23.688595],[121.311278,23.688233],[121.310981,23.688411],[121.310979,23.688591],[121.310681,23.688859],[121.310485,23.688857],[121.310484,23.688947],[121.310386,23.688946],[121.310385,23.689036],[121.310189,23.689034],[121.310188,23.689124],[121.31009,23.689123],[121.310093,23.688852],[121.309898,23.68876],[121.309896,23.688941],[121.309994,23.688942],[121.309892,23.689211],[121.310089,23.689214],[121.310084,23.689575],[121.310382,23.689307]]],[[[121.305946,23.691065],[121.305848,23.691063],[121.305942,23.691426],[121.306138,23.691428],[121.306044,23.691066],[121.306435,23.69116],[121.306433,23.691341],[121.30673,23.691163],[121.306537,23.69089],[121.306341,23.690888],[121.306444,23.690528],[121.306346,23.690527],[121.306252,23.690165],[121.305859,23.690251],[121.305856,23.690431],[121.305955,23.690433],[121.305852,23.690793],[121.306048,23.690795],[121.305946,23.691065]],[[121.305953,23.690523],[121.30605,23.690614],[121.305952,23.690613],[121.305953,23.690523]]],[[[121.308099,23.691449],[121.308292,23.691632],[121.308394,23.691362],[121.30859,23.691364],[121.30869,23.691185],[121.308983,23.691278],[121.308986,23.691098],[121.308399,23.691001],[121.308592,23.691184],[121.308101,23.691269],[121.307802,23.691627],[121.307508,23.691623],[121.307506,23.691804],[121.307997,23.691719],[121.308099,23.691449]]],[[[121.307308,23.691892],[121.307403,23.692164],[121.307501,23.692165],[121.307506,23.691804],[121.307308,23.691892]]],[[[121.307304,23.692253],[121.307105,23.692432],[121.306811,23.692429],[121.306711,23.692608],[121.307202,23.692523],[121.307304,23.692253]]],[[[121.30709,23.693605],[121.306797,23.693512],[121.306988,23.693966],[121.307185,23.693877],[121.30709,23.693605]]]]}}]}