{"type":"FeatureCollection","features":[{"type":"Feature","properties":{"kind":"bare_slide","month":"2026-01","area_ha":478.18},"geometry":{"type":"MultiPolygon","coordinates":[[[[121.299461,23.707247],[121.299264,23.707335],[121.29936,23.707517],[121.299557,23.707429],[121.299461,23.707247]]],[[[121.282751,23.717718],[121.282946,23.71781],[121.282943,23.717991],[121.282845,23.71799],[121.282941,23.718172],[121.282547,23.718258],[121.282348,23.718526],[121.282152,23.718524],[121.281952,23.718793],[121.281657,23.71888],[121.281751,23.719152],[121.281553,23.71933],[121.281651,23.719331],[121.281745,23.719603],[121.281549,23.719601],[121.28145,23.71969],[121.281544,23.719962],[121.281348,23.71996],[121.281249,23.720049],[121.281538,23.720413],[121.281534,23.720775],[121.28173,23.720777],[121.281825,23.720958],[121.282316,23.720964],[121.282614,23.720696],[121.282611,23.720877],[121.282806,23.720969],[121.282801,23.72133],[121.282998,23.721333],[121.282995,23.721513],[121.283191,23.721515],[121.283187,23.721877],[121.283383,23.721879],[121.283682,23.721521],[121.284074,23.721525],[121.284266,23.721798],[121.284068,23.721977],[121.283872,23.721974],[121.283672,23.722243],[121.28377,23.722244],[121.283767,23.722515],[121.283962,23.722608],[121.283959,23.722788],[121.284155,23.72279],[121.284153,23.722971],[121.285526,23.722986],[121.285524,23.723167],[121.28572,23.723169],[121.285717,23.723349],[121.286307,23.723266],[121.286305,23.723446],[121.286501,23.723448],[121.286498,23.723629],[121.286694,23.723631],[121.286692,23.723812],[121.286888,23.723814],[121.286887,23.723904],[121.287182,23.723817],[121.287376,23.724],[121.287276,23.724179],[121.287668,23.724184],[121.287666,23.724364],[121.287862,23.724366],[121.287859,23.724547],[121.288345,23.724914],[121.288242,23.725274],[121.288635,23.725278],[121.288632,23.725459],[121.288828,23.725461],[121.288826,23.725641],[121.290395,23.725659],[121.290393,23.725839],[121.290883,23.725845],[121.290979,23.726026],[121.291273,23.72603],[121.291369,23.726211],[121.291565,23.726213],[121.291562,23.726394],[121.293525,23.726325],[121.293527,23.726145],[121.29392,23.726149],[121.293922,23.725969],[121.29451,23.725975],[121.294513,23.725794],[121.294905,23.725799],[121.294903,23.725979],[121.295491,23.725986],[121.295489,23.726166],[121.295881,23.726171],[121.295879,23.726351],[121.296075,23.726353],[121.296072,23.726534],[121.296465,23.726538],[121.296658,23.726721],[121.296656,23.726902],[121.297048,23.726906],[121.297149,23.726726],[121.29862,23.726743],[121.298617,23.726923],[121.2994,23.727112],[121.299598,23.726934],[121.300188,23.72685],[121.300185,23.727031],[121.300578,23.727035],[121.300673,23.727217],[121.300968,23.72722],[121.300965,23.727401],[121.301357,23.727405],[121.301572,23.725962],[121.301963,23.726057],[121.302066,23.725697],[121.30246,23.725611],[121.302363,23.72552],[121.302464,23.72525],[121.302958,23.724984],[121.302864,23.724712],[121.303355,23.724628],[121.303353,23.724808],[121.303742,23.725083],[121.303641,23.725263],[121.303835,23.725445],[121.304129,23.725449],[121.304127,23.725629],[121.304417,23.725903],[121.304415,23.726084],[121.304317,23.726083],[121.304412,23.726355],[121.304214,23.726443],[121.304212,23.726624],[121.304406,23.726806],[121.304603,23.726718],[121.304608,23.726357],[121.304805,23.726269],[121.304809,23.725998],[121.304711,23.725997],[121.304714,23.725726],[121.30452,23.725543],[121.305011,23.725549],[121.30521,23.72528],[121.304819,23.725185],[121.30482,23.725095],[121.304427,23.725181],[121.304332,23.724909],[121.303941,23.724815],[121.303943,23.724634],[121.30365,23.72454],[121.303654,23.72427],[121.303266,23.723904],[121.303463,23.723906],[121.304059,23.723281],[121.304353,23.723284],[121.304449,23.723466],[121.305234,23.723474],[121.305523,23.723839],[121.305817,23.723842],[121.306019,23.723393],[121.305824,23.7233],[121.30573,23.723028],[121.305531,23.723207],[121.305139,23.723202],[121.30514,23.723112],[121.304749,23.723017],[121.304849,23.722838],[121.305145,23.722751],[121.305147,23.72257],[121.305049,23.722569],[121.305149,23.72239],[121.30466,23.722294],[121.304663,23.722113],[121.30486,23.722025],[121.304764,23.721844],[121.304469,23.721931],[121.304467,23.722111],[121.304565,23.722112],[121.304464,23.722292],[121.303287,23.722279],[121.303095,23.722006],[121.302704,23.721911],[121.302616,23.721098],[121.302518,23.721097],[121.302617,23.721007],[121.302624,23.720466],[121.302526,23.720465],[121.30263,23.720014],[121.302532,23.720013],[121.302439,23.719651],[121.302636,23.719563],[121.302739,23.719203],[121.303033,23.719206],[121.303431,23.718759],[121.303627,23.718761],[121.303826,23.718583],[121.303927,23.718313],[121.304123,23.718315],[121.304421,23.718047],[121.304714,23.718141],[121.30461,23.718591],[121.3049,23.718956],[121.304896,23.719226],[121.305287,23.719321],[121.305391,23.718871],[121.305293,23.71887],[121.305104,23.718326],[121.305495,23.71842],[121.305693,23.718242],[121.3056,23.71788],[121.305892,23.718064],[121.305982,23.718697],[121.306176,23.718879],[121.30647,23.718883],[121.306668,23.718704],[121.306576,23.718252],[121.306772,23.718254],[121.307071,23.717896],[121.307659,23.717902],[121.307759,23.717813],[121.307567,23.71745],[121.307271,23.717627],[121.306981,23.717263],[121.30718,23.717084],[121.307376,23.717086],[121.307476,23.716907],[121.30767,23.71709],[121.307866,23.717092],[121.307968,23.716822],[121.307774,23.716639],[121.307087,23.716632],[121.306988,23.716721],[121.307084,23.716903],[121.306788,23.71699],[121.306885,23.717081],[121.306786,23.71717],[121.306883,23.717262],[121.30678,23.717622],[121.306582,23.7178],[121.306387,23.717708],[121.306287,23.717887],[121.30609,23.717885],[121.306192,23.717615],[121.306094,23.717614],[121.305999,23.717342],[121.305803,23.71734],[121.305804,23.71725],[121.3061,23.717163],[121.30601,23.71653],[121.306108,23.716531],[121.306211,23.716171],[121.306407,23.716173],[121.306507,23.715993],[121.306604,23.716085],[121.306997,23.715999],[121.307099,23.715729],[121.307495,23.715462],[121.307601,23.714831],[121.307212,23.714556],[121.307215,23.714376],[121.307313,23.714377],[121.307414,23.714107],[121.307906,23.714022],[121.308203,23.713754],[121.308207,23.713484],[121.308012,23.713391],[121.308015,23.71312],[121.308412,23.712763],[121.308615,23.712224],[121.308814,23.712045],[121.309108,23.712049],[121.309109,23.711958],[121.309402,23.712052],[121.309502,23.711872],[121.309895,23.711877],[121.309999,23.711426],[121.310097,23.711427],[121.310003,23.711065],[121.309713,23.710791],[121.309516,23.710789],[121.309227,23.710425],[121.309425,23.710246],[121.309428,23.710066],[121.309625,23.709977],[121.30963,23.709616],[121.309823,23.709799],[121.310021,23.709711],[121.309827,23.709528],[121.309927,23.709349],[121.309443,23.708892],[121.309445,23.708711],[121.309937,23.708626],[121.309939,23.708446],[121.309841,23.708445],[121.309941,23.708265],[121.309746,23.708173],[121.309846,23.708084],[121.309853,23.707542],[121.309756,23.70745],[121.309558,23.707539],[121.309454,23.707989],[121.309062,23.707985],[121.309063,23.707894],[121.30877,23.707801],[121.308775,23.70744],[121.308873,23.707441],[121.308777,23.707259],[121.309272,23.706903],[121.30918,23.706451],[121.308887,23.706357],[121.308791,23.706176],[121.308595,23.706174],[121.308596,23.706083],[121.308892,23.705996],[121.308795,23.705905],[121.308803,23.705273],[121.308706,23.705181],[121.308313,23.705267],[121.308028,23.704542],[121.307833,23.70445],[121.307935,23.70418],[121.308033,23.704181],[121.308138,23.70364],[121.308236,23.703641],[121.308042,23.703459],[121.308147,23.702918],[121.308049,23.702917],[121.308055,23.702465],[121.307957,23.702464],[121.307962,23.702013],[121.308061,23.702014],[121.308063,23.701833],[121.307965,23.701832],[121.307967,23.701652],[121.308065,23.701653],[121.308067,23.701472],[121.307969,23.701471],[121.307973,23.7012],[121.308071,23.701201],[121.307986,23.700207],[121.308084,23.700208],[121.30809,23.699757],[121.308188,23.699758],[121.30829,23.699398],[121.308484,23.69958],[121.308781,23.699403],[121.308686,23.699131],[121.308588,23.69913],[121.308595,23.698588],[121.308694,23.698499],[121.308499,23.698407],[121.308503,23.698136],[121.308308,23.698043],[121.30831,23.697863],[121.308603,23.697956],[121.308602,23.698047],[121.3088,23.697868],[121.308607,23.697686],[121.308712,23.697145],[121.308419,23.697051],[121.308226,23.696778],[121.307932,23.696775],[121.307937,23.696414],[121.308134,23.696326],[121.308238,23.695876],[121.308533,23.695788],[121.308537,23.695518],[121.308438,23.695516],[121.308345,23.695154],[121.30815,23.695062],[121.308154,23.694791],[121.308056,23.69479],[121.308157,23.69452],[121.307866,23.694246],[121.307377,23.69415],[121.306981,23.694507],[121.306977,23.694778],[121.307075,23.694779],[121.306971,23.69523],[121.307169,23.695141],[121.307166,23.695322],[121.30697,23.69532],[121.306968,23.6955],[121.307163,23.695593],[121.306964,23.695771],[121.306955,23.696494],[121.306856,23.696583],[121.306267,23.696576],[121.306167,23.696756],[121.305481,23.696748],[121.304191,23.697908],[121.304185,23.69836],[121.303988,23.698448],[121.303982,23.698899],[121.303785,23.698987],[121.303781,23.699258],[121.303584,23.699346],[121.303775,23.69971],[121.303676,23.699799],[121.303481,23.699706],[121.302985,23.700152],[121.302972,23.701146],[121.302675,23.701413],[121.302086,23.701407],[121.301986,23.701586],[121.299829,23.701563],[121.299828,23.701653],[121.299731,23.701561],[121.299436,23.701648],[121.29934,23.701467],[121.299141,23.701645],[121.299045,23.701554],[121.298847,23.701642],[121.298654,23.701459],[121.298553,23.701639],[121.298456,23.701547],[121.298259,23.701636],[121.298356,23.701727],[121.298256,23.701906],[121.297667,23.7019],[121.297378,23.701536],[121.297182,23.701533],[121.297081,23.701713],[121.296885,23.701711],[121.296588,23.701978],[121.296095,23.702154],[121.296282,23.702878],[121.296184,23.702877],[121.296179,23.703238],[121.295982,23.703326],[121.295978,23.703597],[121.296173,23.703689],[121.296265,23.704142],[121.295969,23.704319],[121.295966,23.7045],[121.295868,23.704499],[121.295964,23.70468],[121.295468,23.705127],[121.295554,23.70603],[121.29526,23.706027],[121.295062,23.706206],[121.295056,23.706657],[121.294958,23.706656],[121.294856,23.706926],[121.294563,23.706832],[121.294565,23.706652],[121.294763,23.706564],[121.294667,23.706382],[121.294178,23.706286],[121.294179,23.706196],[121.293689,23.70619],[121.29359,23.70628],[121.293585,23.706641],[121.293683,23.706642],[121.293778,23.706914],[121.293975,23.706826],[121.29388,23.706554],[121.294272,23.706558],[121.294073,23.706827],[121.294364,23.707101],[121.294755,23.707196],[121.294752,23.707376],[121.294158,23.707821],[121.294156,23.708002],[121.294254,23.708003],[121.294145,23.708814],[121.29385,23.708901],[121.293749,23.709081],[121.293553,23.709079],[121.293452,23.709348],[121.292857,23.709793],[121.292855,23.709974],[121.292757,23.709973],[121.292853,23.710154],[121.292755,23.710153],[121.292652,23.710513],[121.292355,23.710691],[121.292353,23.710871],[121.292156,23.710959],[121.292053,23.711319],[121.291757,23.711497],[121.291454,23.712126],[121.29096,23.712391],[121.290758,23.71284],[121.290463,23.712927],[121.290752,23.713292],[121.290456,23.713469],[121.290165,23.713195],[121.289967,23.713373],[121.289964,23.713554],[121.289571,23.71364],[121.289273,23.713907],[121.289271,23.714088],[121.288776,23.714444],[121.288774,23.714624],[121.288281,23.714799],[121.288375,23.715071],[121.28867,23.715075],[121.288667,23.715255],[121.28857,23.715164],[121.288275,23.715251],[121.288269,23.715702],[121.288367,23.715703],[121.288267,23.715883],[121.288462,23.715975],[121.28836,23.716245],[121.288555,23.716338],[121.288456,23.716427],[121.288452,23.716698],[121.28855,23.716699],[121.288451,23.716788],[121.288441,23.7176],[121.288243,23.717689],[121.288338,23.717961],[121.287944,23.718046],[121.288038,23.718409],[121.287642,23.718675],[121.28764,23.718856],[121.287834,23.718948],[121.287929,23.71922],[121.288125,23.719222],[121.288025,23.719402],[121.288123,23.719403],[121.288313,23.719857],[121.288706,23.719771],[121.288899,23.720044],[121.289096,23.719955],[121.288999,23.719864],[121.289103,23.719414],[121.288908,23.719321],[121.288912,23.71905],[121.28901,23.719052],[121.289106,23.719233],[121.289302,23.719235],[121.289496,23.719418],[121.289492,23.719689],[121.289295,23.719777],[121.289487,23.72005],[121.289782,23.720053],[121.289877,23.720235],[121.29027,23.720239],[121.290267,23.72042],[121.290461,23.720603],[121.29056,23.720513],[121.291149,23.72052],[121.291147,23.72061],[121.290657,23.720605],[121.290555,23.720875],[121.290846,23.721149],[121.29114,23.721152],[121.292108,23.722156],[121.292405,23.721979],[121.292203,23.722428],[121.292494,23.722612],[121.292492,23.722792],[121.292296,23.72279],[121.292006,23.722426],[121.291712,23.722422],[121.291617,23.722241],[121.291322,23.722238],[121.291033,23.721873],[121.290739,23.72187],[121.290643,23.721688],[121.290349,23.721685],[121.290046,23.722314],[121.290143,23.722405],[121.290439,23.722318],[121.290631,23.722591],[121.290433,23.72277],[121.29014,23.722676],[121.289941,23.722854],[121.289939,23.723035],[121.290232,23.723129],[121.290426,23.723311],[121.290423,23.723492],[121.290715,23.723676],[121.290713,23.723856],[121.290419,23.723853],[121.290317,23.724123],[121.29012,23.724211],[121.290409,23.724575],[121.290213,23.724573],[121.29002,23.7243],[121.289822,23.724478],[121.28953,23.724295],[121.28973,23.724026],[121.289925,23.724118],[121.290123,23.72394],[121.290127,23.723669],[121.289736,23.723575],[121.289447,23.72312],[121.289249,23.723298],[121.28876,23.723203],[121.288262,23.723739],[121.287968,23.723736],[121.287776,23.723463],[121.288269,23.723197],[121.288175,23.722925],[121.288077,23.722924],[121.288275,23.722746],[121.288278,23.722565],[121.288084,23.722382],[121.287589,23.722738],[121.287493,23.722556],[121.287297,23.722554],[121.287103,23.722371],[121.287106,23.722191],[121.287008,23.72219],[121.287108,23.72201],[121.286913,23.721918],[121.286714,23.722096],[121.286908,23.722279],[121.286906,23.72246],[121.286609,23.722637],[121.286417,23.722364],[121.286219,23.722452],[121.286026,23.722269],[121.286028,23.722089],[121.286126,23.72209],[121.28603,23.721908],[121.285736,23.721905],[121.285349,23.721539],[121.285249,23.721629],[121.285054,23.721536],[121.285157,23.721176],[121.285254,23.721267],[121.28545,23.72127],[121.285649,23.721091],[121.285843,23.721274],[121.28604,23.721186],[121.286042,23.721005],[121.285749,23.720912],[121.285557,23.720639],[121.285856,23.720281],[121.286346,23.720286],[121.286445,23.720197],[121.286447,23.720016],[121.286156,23.719833],[121.286061,23.719561],[121.285766,23.719648],[121.285861,23.719829],[121.285564,23.720097],[121.285075,23.720001],[121.284881,23.719818],[121.284883,23.719638],[121.284591,23.719454],[121.284693,23.719184],[121.28489,23.719096],[121.285093,23.718557],[121.284705,23.718281],[121.284507,23.71837],[121.284603,23.718551],[121.284405,23.71873],[121.284113,23.718546],[121.284214,23.718276],[121.28402,23.718184],[121.284023,23.717913],[121.28422,23.717825],[121.284223,23.717644],[121.283931,23.71746],[121.284131,23.717192],[121.284425,23.717195],[121.284619,23.717378],[121.284518,23.717557],[121.284909,23.717652],[121.285295,23.718107],[121.285493,23.718019],[121.285496,23.717748],[121.285301,23.717656],[121.285307,23.717205],[121.285112,23.717112],[121.285118,23.716661],[121.284923,23.716568],[121.284725,23.716747],[121.284531,23.716564],[121.284632,23.716384],[121.284437,23.716292],[121.284336,23.716471],[121.283945,23.716377],[121.283646,23.716735],[121.283352,23.716731],[121.283353,23.716641],[121.283254,23.71673],[121.282764,23.716725],[121.282663,23.716904],[121.282761,23.716905],[121.282758,23.717176],[121.282953,23.717269],[121.282949,23.71754],[121.282751,23.717718]],[[121.302165,23.725608],[121.302069,23.725516],[121.302167,23.725517],[121.302165,23.725608]],[[121.305804,23.71725],[121.305707,23.717158],[121.305806,23.71716],[121.305804,23.71725]],[[121.30829,23.699398],[121.308193,23.699306],[121.308292,23.699307],[121.30829,23.699398]],[[121.28867,23.715075],[121.288769,23.714985],[121.288768,23.715076],[121.28867,23.715075]],[[121.288555,23.716338],[121.288654,23.716248],[121.288653,23.716339],[121.288555,23.716338]],[[121.289496,23.719418],[121.289595,23.719329],[121.289594,23.719419],[121.289496,23.719418]],[[121.282949,23.71754],[121.283046,23.717631],[121.282948,23.71763],[121.282949,23.71754]],[[121.296776,23.725187],[121.297068,23.725371],[121.297066,23.725552],[121.29687,23.72555],[121.296872,23.725369],[121.296774,23.725368],[121.296776,23.725187]],[[121.296285,23.725272],[121.296479,23.725455],[121.296283,23.725453],[121.296285,23.725272]],[[121.2956,23.725174],[121.295793,23.725357],[121.295597,23.725355],[121.2956,23.725174]],[[121.301778,23.725242],[121.301677,23.725422],[121.301481,23.72542],[121.301582,23.72524],[121.301778,23.725242]],[[121.292362,23.725229],[121.292265,23.725138],[121.292363,23.725139],[121.292362,23.725229]],[[121.292167,23.725136],[121.29207,23.725045],[121.292168,23.725046],[121.292167,23.725136]],[[121.29511,23.725079],[121.295113,23.724898],[121.295211,23.724899],[121.295209,23.72508],[121.29511,23.725079]],[[121.295895,23.725087],[121.295798,23.724996],[121.295896,23.724997],[121.295895,23.725087]],[[121.3007,23.72514],[121.300603,23.725049],[121.300701,23.72505],[121.3007,23.72514]],[[121.301488,23.724878],[121.301592,23.724428],[121.30179,23.724339],[121.301792,23.724159],[121.301988,23.724161],[121.301987,23.724251],[121.302478,23.724166],[121.302471,23.724708],[121.302373,23.724707],[121.302272,23.724977],[121.301783,23.724881],[121.301682,23.725061],[121.301486,23.725059],[121.301585,23.724969],[121.301488,23.724878]],[[121.292171,23.724866],[121.29227,23.724776],[121.292269,23.724867],[121.292171,23.724866]],[[121.292172,23.724775],[121.292075,23.724684],[121.292173,23.724685],[121.292172,23.724775]],[[121.290706,23.724398],[121.290805,23.724309],[121.290804,23.724399],[121.290706,23.724398]],[[121.290707,23.724308],[121.29061,23.724216],[121.290708,23.724217],[121.290707,23.724308]],[[121.290708,23.724217],[121.290807,23.724128],[121.290806,23.724218],[121.290708,23.724217]],[[121.291,23.724401],[121.290903,23.72431],[121.291001,23.724311],[121.291,23.724401]],[[121.299532,23.724495],[121.299435,23.724404],[121.299533,23.724405],[121.299532,23.724495]],[[121.294241,23.724076],[121.294338,23.724167],[121.29424,23.724166],[121.294241,23.724076]],[[121.294339,23.724077],[121.294438,23.723988],[121.294437,23.724078],[121.294339,23.724077]],[[121.289144,23.723839],[121.289343,23.72357],[121.289539,23.723572],[121.289733,23.723755],[121.289534,23.724024],[121.289337,23.724022],[121.289144,23.723839]],[[121.301302,23.724153],[121.301205,23.724062],[121.301303,23.724063],[121.301302,23.724153]],[[121.294933,23.723632],[121.29493,23.723903],[121.294733,23.723901],[121.294835,23.723631],[121.294933,23.723632]],[[121.29797,23.723936],[121.297873,23.723845],[121.297971,23.723846],[121.29797,23.723936]],[[121.293659,23.723528],[121.293757,23.723529],[121.293755,23.723709],[121.293657,23.723708],[121.293659,23.723528]],[[121.293561,23.723526],[121.29357,23.722894],[121.293768,23.722716],[121.293659,23.723528],[121.293561,23.723526]],[[121.293954,23.723531],[121.293956,23.72335],[121.294054,23.723351],[121.294053,23.723442],[121.294346,23.723535],[121.294344,23.723716],[121.29415,23.723533],[121.293954,23.723531]],[[121.296014,23.723463],[121.295827,23.722739],[121.295924,23.72283],[121.29622,23.722743],[121.296312,23.723196],[121.29641,23.723197],[121.296305,23.723737],[121.296111,23.723555],[121.295915,23.723552],[121.296014,23.723463]],[[121.295915,23.723552],[121.295816,23.723642],[121.295817,23.723551],[121.295915,23.723552]],[[121.297777,23.723663],[121.297779,23.723483],[121.297877,23.723484],[121.297875,23.723664],[121.297777,23.723663]],[[121.297781,23.723392],[121.297783,23.723212],[121.297881,23.723213],[121.297879,23.723393],[121.297781,23.723392]],[[121.294255,23.722992],[121.294251,23.723263],[121.294153,23.723262],[121.294059,23.72299],[121.294255,23.722992]],[[121.296513,23.722837],[121.296708,23.722929],[121.296703,23.72329],[121.296605,23.723289],[121.296608,23.723018],[121.29651,23.723017],[121.296513,23.722837]],[[121.294645,23.723177],[121.294647,23.722997],[121.294745,23.722998],[121.294743,23.723178],[121.294645,23.723177]],[[121.301809,23.722805],[121.301813,23.722534],[121.30221,23.722177],[121.302502,23.722361],[121.302596,23.722633],[121.302794,23.722544],[121.302697,23.722453],[121.302797,23.722274],[121.302992,23.722366],[121.302893,23.722455],[121.302984,23.722998],[121.302788,23.722996],[121.302497,23.722722],[121.302199,23.722989],[121.302197,23.72317],[121.301804,23.723256],[121.301806,23.723075],[121.301708,23.723074],[121.301711,23.722804],[121.301809,23.722805]],[[121.297495,23.722757],[121.297497,23.722577],[121.297595,23.722578],[121.297789,23.72276],[121.297785,23.723031],[121.297495,23.722757]],[[121.303669,23.723096],[121.303572,23.723005],[121.30367,23.723006],[121.303669,23.723096]],[[121.303575,23.722824],[121.303576,23.722734],[121.304165,23.72265],[121.304554,23.722925],[121.303963,23.723099],[121.303869,23.722827],[121.303575,23.722824]],[[121.29701,23.7223],[121.297301,23.722574],[121.297298,23.722755],[121.296812,23.722479],[121.29701,23.7223]],[[121.29681,23.722569],[121.296613,23.722657],[121.29652,23.722295],[121.296618,23.722296],[121.29681,23.722569]],[[121.293575,23.722443],[121.293672,23.722534],[121.293574,23.722533],[121.293575,23.722443]],[[121.293674,23.722444],[121.293872,23.722266],[121.294075,23.721726],[121.294371,23.721639],[121.294169,23.722088],[121.293971,23.722177],[121.293968,23.722447],[121.293674,23.722444]],[[121.294371,23.721639],[121.29447,23.72155],[121.294469,23.72164],[121.294371,23.721639]],[[121.294472,23.721369],[121.294277,23.721277],[121.294378,23.721097],[121.294573,23.72119],[121.294568,23.721551],[121.29447,23.72155],[121.294472,23.721369]],[[121.29593,23.722379],[121.295833,23.722287],[121.295931,23.722288],[121.29593,23.722379]],[[121.293483,23.721991],[121.293285,23.722169],[121.293089,23.722167],[121.293287,23.721988],[121.293293,23.721537],[121.293588,23.72145],[121.293483,23.721991]],[[121.293588,23.72145],[121.293688,23.721361],[121.293686,23.721451],[121.293588,23.72145]],[[121.293688,23.721361],[121.293787,23.721271],[121.293786,23.721362],[121.293688,23.721361]],[[121.294562,23.722002],[121.29456,23.722183],[121.294364,23.722181],[121.294365,23.722091],[121.294562,23.722002]],[[121.296821,23.721756],[121.296919,23.721758],[121.296913,23.722209],[121.296815,23.722208],[121.296821,23.721756]],[[121.296723,23.721755],[121.296725,23.721575],[121.296823,23.721576],[121.296821,23.721756],[121.296723,23.721755]],[[121.2927,23.721892],[121.292797,23.721983],[121.292699,23.721982],[121.2927,23.721892]],[[121.292798,23.721893],[121.292897,23.721803],[121.292896,23.721894],[121.292798,23.721893]],[[121.2929,23.721623],[121.292998,23.721624],[121.292995,23.721805],[121.292897,23.721803],[121.2929,23.721623]],[[121.296229,23.722021],[121.296132,23.721929],[121.29623,23.721931],[121.296229,23.722021]],[[121.296425,23.722023],[121.296328,23.721932],[121.296426,23.721933],[121.296425,23.722023]],[[121.292407,23.721798],[121.29241,23.721527],[121.292509,23.721528],[121.292505,23.721799],[121.292407,23.721798]],[[121.29653,23.721482],[121.296625,23.721754],[121.296329,23.721841],[121.296333,23.72157],[121.29653,23.721482]],[[121.295155,23.721648],[121.295058,23.721556],[121.295156,23.721557],[121.295155,23.721648]],[[121.298195,23.721681],[121.298098,23.72159],[121.298196,23.721591],[121.298195,23.721681]],[[121.297019,23.721578],[121.297023,23.721307],[121.297121,23.721308],[121.297118,23.721579],[121.297019,23.721578]],[[121.296531,23.721392],[121.296435,23.721301],[121.296533,23.721302],[121.296531,23.721392]],[[121.29418,23.721186],[121.294083,23.721094],[121.294181,23.721095],[121.29418,23.721186]],[[121.296436,23.72121],[121.29644,23.720849],[121.296539,23.72085],[121.296534,23.721211],[121.296436,23.72121]],[[121.297123,23.721128],[121.297027,23.721036],[121.297125,23.721037],[121.297123,23.721128]],[[121.291045,23.72097],[121.291046,23.72088],[121.291242,23.720882],[121.291241,23.720972],[121.291045,23.72097]],[[121.29507,23.720654],[121.295071,23.720563],[121.295267,23.720565],[121.295266,23.720656],[121.29507,23.720654]],[[121.295462,23.720658],[121.295466,23.720387],[121.295564,23.720388],[121.29556,23.720659],[121.295462,23.720658]],[[121.282911,23.720429],[121.282814,23.720337],[121.282912,23.720338],[121.282911,23.720429]],[[121.283304,23.720433],[121.283403,23.720344],[121.283402,23.720434],[121.283304,23.720433]],[[121.283305,23.720343],[121.283208,23.720251],[121.283306,23.720253],[121.283305,23.720343]],[[121.293307,23.720454],[121.29321,23.720362],[121.293308,23.720363],[121.293307,23.720454]],[[121.294582,23.720468],[121.294485,23.720376],[121.294583,23.720377],[121.294582,23.720468]],[[121.296347,23.720487],[121.29625,23.720396],[121.296348,23.720397],[121.296347,23.720487]],[[121.28341,23.719802],[121.283408,23.719983],[121.283014,23.720069],[121.283016,23.719888],[121.28341,23.719802]],[[121.301553,23.719912],[121.301752,23.719643],[121.301948,23.719646],[121.301847,23.719915],[121.30165,23.720004],[121.301646,23.720274],[121.301548,23.720273],[121.301553,23.719912]],[[121.282624,23.719884],[121.282527,23.719792],[121.282625,23.719793],[121.282624,23.719884]],[[121.283706,23.719625],[121.283709,23.719444],[121.283907,23.719266],[121.284199,23.71945],[121.284197,23.71963],[121.283998,23.719809],[121.283706,23.719625]],[[121.290274,23.719878],[121.290177,23.719787],[121.290275,23.719788],[121.290274,23.719878]],[[121.293903,23.719918],[121.293806,23.719827],[121.293904,23.719828],[121.293903,23.719918]],[[121.296256,23.719944],[121.296258,23.719764],[121.296356,23.719765],[121.296354,23.719945],[121.296256,23.719944]],[[121.282629,23.719523],[121.282627,23.719703],[121.282528,23.719702],[121.282433,23.71952],[121.282629,23.719523]],[[121.282823,23.719705],[121.282824,23.719615],[121.283118,23.719618],[121.283117,23.719709],[121.282823,23.719705]],[[121.289981,23.719785],[121.289884,23.719693],[121.289982,23.719694],[121.289981,23.719785]],[[121.28351,23.719623],[121.283413,23.719531],[121.283511,23.719532],[121.28351,23.719623]],[[121.296651,23.719768],[121.296554,23.719677],[121.296652,23.719678],[121.296651,23.719768]],[[121.288612,23.719499],[121.288515,23.719407],[121.288613,23.719408],[121.288612,23.719499]],[[121.294105,23.719469],[121.294008,23.719378],[121.294106,23.719379],[121.294105,23.719469]],[[121.295085,23.71948],[121.294988,23.719388],[121.295086,23.71939],[121.295085,23.71948]],[[121.283226,23.718897],[121.282927,23.719255],[121.282632,23.719252],[121.282831,23.719073],[121.282736,23.718801],[121.28362,23.718721],[121.283714,23.719083],[121.28352,23.7189],[121.283226,23.718897]],[[121.283615,23.719082],[121.283516,23.719171],[121.283517,23.719081],[121.283615,23.719082]],[[121.283516,23.719171],[121.283417,23.71926],[121.283418,23.71917],[121.283516,23.719171]],[[121.281947,23.719154],[121.28185,23.719062],[121.281948,23.719064],[121.281947,23.719154]],[[121.288517,23.719227],[121.28842,23.719135],[121.288519,23.719136],[121.288517,23.719227]],[[121.289698,23.718969],[121.28989,23.719242],[121.289694,23.71924],[121.289698,23.718969]],[[121.29048,23.719158],[121.290383,23.719067],[121.290481,23.719068],[121.29048,23.719158]],[[121.299109,23.719253],[121.299112,23.719073],[121.29921,23.719074],[121.299207,23.719254],[121.299109,23.719253]],[[121.289407,23.718695],[121.289405,23.718875],[121.289206,23.719054],[121.28921,23.718783],[121.289407,23.718695]],[[121.288524,23.718685],[121.288522,23.718866],[121.288227,23.718953],[121.288231,23.718591],[121.288524,23.718685]],[[121.290483,23.718887],[121.290386,23.718796],[121.290484,23.718797],[121.290483,23.718887]],[[121.288817,23.718779],[121.288721,23.718687],[121.288819,23.718688],[121.288817,23.718779]],[[121.289798,23.718789],[121.289701,23.718698],[121.289799,23.718699],[121.289798,23.718789]],[[121.290092,23.718793],[121.289995,23.718701],[121.290093,23.718702],[121.290092,23.718793]],[[121.299114,23.718892],[121.299017,23.718801],[121.299115,23.718802],[121.299114,23.718892]],[[121.288918,23.718599],[121.288823,23.718327],[121.289019,23.718329],[121.289018,23.71842],[121.289314,23.718333],[121.289311,23.718513],[121.288918,23.718599]],[[121.289314,23.718333],[121.289413,23.718243],[121.289412,23.718334],[121.289314,23.718333]],[[121.289609,23.718245],[121.289908,23.717888],[121.290203,23.717801],[121.290201,23.717981],[121.289904,23.718158],[121.289702,23.718608],[121.289604,23.718607],[121.289607,23.718426],[121.289705,23.718427],[121.289707,23.718247],[121.289609,23.718245]],[[121.296272,23.71868],[121.296277,23.718319],[121.296375,23.71832],[121.296371,23.718681],[121.296272,23.71868]],[[121.283918,23.718453],[121.284017,23.718364],[121.284016,23.718454],[121.283918,23.718453]],[[121.283723,23.718361],[121.283725,23.71818],[121.283823,23.718181],[121.283919,23.718363],[121.283723,23.718361]],[[121.290096,23.718522],[121.289999,23.71843],[121.290097,23.718431],[121.290096,23.718522]],[[121.283331,23.718357],[121.28343,23.718267],[121.283429,23.718358],[121.283331,23.718357]],[[121.283234,23.718265],[121.28304,23.718082],[121.283435,23.717906],[121.283432,23.718087],[121.283234,23.718265]],[[121.294416,23.718118],[121.294609,23.718391],[121.294413,23.718389],[121.294416,23.718118]],[[121.2952,23.718217],[121.295104,23.718035],[121.295398,23.718039],[121.295298,23.718218],[121.295492,23.718401],[121.295001,23.718395],[121.2952,23.718217]],[[121.288334,23.718231],[121.288237,23.71814],[121.288335,23.718141],[121.288334,23.718231]],[[121.295984,23.718226],[121.296083,23.718136],[121.296082,23.718227],[121.295984,23.718226]],[[121.295887,23.718134],[121.295695,23.717861],[121.296186,23.717776],[121.296184,23.717957],[121.295887,23.718134]],[[121.283728,23.718],[121.283631,23.717908],[121.283729,23.717909],[121.283728,23.718]],[[121.296477,23.71805],[121.296675,23.717872],[121.296868,23.718145],[121.296574,23.718142],[121.296477,23.71805]],[[121.289027,23.717788],[121.28893,23.717696],[121.289028,23.717697],[121.289027,23.717788]],[[121.298833,23.717896],[121.298835,23.717715],[121.298933,23.717716],[121.298931,23.717897],[121.298833,23.717896]],[[121.288734,23.717694],[121.288637,23.717603],[121.288735,23.717604],[121.288734,23.717694]],[[121.290304,23.717621],[121.290401,23.717712],[121.290302,23.717711],[121.290304,23.717621]],[[121.290402,23.717622],[121.290501,23.717533],[121.2905,23.717623],[121.290402,23.717622]],[[121.295598,23.71777],[121.295501,23.717678],[121.295599,23.71768],[121.295598,23.71777]],[[121.283832,23.717549],[121.283735,23.717458],[121.283833,23.717459],[121.283832,23.717549]],[[121.298541,23.717712],[121.298444,23.717621],[121.298542,23.717622],[121.298541,23.717712]],[[121.290207,23.71753],[121.29011,23.717438],[121.290208,23.717439],[121.290207,23.71753]],[[121.299134,23.717357],[121.299032,23.717627],[121.298934,23.717626],[121.298938,23.717355],[121.299134,23.717357]],[[121.295016,23.717222],[121.29492,23.71713],[121.295018,23.717131],[121.295016,23.717222]],[[121.28933,23.717069],[121.289233,23.716977],[121.289331,23.716978],[121.28933,23.717069]],[[121.29002,23.716805],[121.290018,23.716986],[121.28992,23.716985],[121.289824,23.716803],[121.29002,23.716805]],[[121.298746,23.716992],[121.298649,23.7169],[121.298747,23.716901],[121.298746,23.716992]],[[121.299335,23.716998],[121.299238,23.716907],[121.299336,23.716908],[121.299335,23.716998]],[[121.303355,23.717042],[121.303358,23.716862],[121.303456,23.716863],[121.303453,23.717043],[121.303355,23.717042]],[[121.288745,23.716791],[121.288648,23.7167],[121.288746,23.716701],[121.288745,23.716791]],[[121.288941,23.716793],[121.288943,23.716703],[121.289139,23.716705],[121.289138,23.716795],[121.288941,23.716793]],[[121.290025,23.716444],[121.290028,23.716173],[121.290323,23.716177],[121.290516,23.716359],[121.290318,23.716538],[121.290314,23.716809],[121.290119,23.716716],[121.290123,23.716445],[121.290025,23.716444]],[[121.294825,23.716858],[121.294728,23.716767],[121.294826,23.716768],[121.294825,23.716858]],[[121.304631,23.716966],[121.304633,23.716786],[121.304732,23.716787],[121.304729,23.716967],[121.304631,23.716966]],[[121.299729,23.716822],[121.299732,23.716641],[121.29983,23.716642],[121.299827,23.716823],[121.299729,23.716822]],[[121.298554,23.716719],[121.298556,23.716538],[121.298654,23.716539],[121.298652,23.71672],[121.298554,23.716719]],[[121.289337,23.716527],[121.28924,23.716435],[121.289338,23.716437],[121.289337,23.716527]],[[121.299733,23.716551],[121.299635,23.71655],[121.299541,23.716188],[121.299736,23.71628],[121.299733,23.716551]],[[121.299443,23.716187],[121.299446,23.716006],[121.299544,23.716007],[121.299541,23.716188],[121.299443,23.716187]],[[121.304244,23.716601],[121.304147,23.716509],[121.304245,23.71651],[121.304244,23.716601]],[[121.289536,23.716348],[121.289439,23.716257],[121.289537,23.716258],[121.289536,23.716348]],[[121.298557,23.716448],[121.298558,23.716358],[121.298755,23.71636],[121.298753,23.71645],[121.298557,23.716448]],[[121.290717,23.716],[121.290715,23.716181],[121.290519,23.716179],[121.29052,23.716088],[121.290717,23.716]],[[121.289833,23.716081],[121.289836,23.7159],[121.289934,23.715901],[121.289931,23.716082],[121.289833,23.716081]],[[121.299934,23.716192],[121.29974,23.716009],[121.299937,23.715921],[121.299934,23.716192]],[[121.299839,23.71592],[121.299742,23.715829],[121.29984,23.71583],[121.299839,23.71592]],[[121.289246,23.715984],[121.289149,23.715893],[121.289247,23.715894],[121.289246,23.715984]],[[121.297875,23.716079],[121.297779,23.715988],[121.297877,23.715989],[121.297875,23.716079]],[[121.297386,23.715984],[121.297586,23.715715],[121.297782,23.715717],[121.297582,23.715986],[121.297386,23.715984]],[[121.288464,23.715795],[121.288565,23.715615],[121.288663,23.715616],[121.28866,23.715797],[121.288464,23.715795]],[[121.288663,23.715616],[121.288762,23.715527],[121.288761,23.715617],[121.288663,23.715616]],[[121.298564,23.715906],[121.298467,23.715815],[121.298565,23.715816],[121.298564,23.715906]],[[121.290135,23.715542],[121.290132,23.715723],[121.289838,23.71572],[121.289939,23.71554],[121.290135,23.715542]],[[121.300232,23.715834],[121.300136,23.715743],[121.300234,23.715744],[121.300232,23.715834]],[[121.289349,23.715624],[121.289252,23.715533],[121.28935,23.715534],[121.289349,23.715624]],[[121.297784,23.715536],[121.297688,23.715445],[121.297786,23.715446],[121.297784,23.715536]],[[121.297981,23.715539],[121.297884,23.715447],[121.297982,23.715448],[121.297981,23.715539]],[[121.299451,23.715555],[121.299454,23.715374],[121.299552,23.715375],[121.29955,23.715556],[121.299451,23.715555]],[[121.294552,23.71523],[121.294358,23.715047],[121.29446,23.714777],[121.294558,23.714778],[121.294652,23.71505],[121.294948,23.714963],[121.294945,23.715144],[121.294648,23.715412],[121.294452,23.715409],[121.294454,23.715229],[121.294552,23.71523]],[[121.288961,23.715258],[121.288964,23.715078],[121.28916,23.71508],[121.289159,23.71517],[121.288961,23.715258]],[[121.28916,23.71508],[121.289259,23.714991],[121.289258,23.715081],[121.28916,23.71508]],[[121.289848,23.714997],[121.28955,23.715265],[121.289354,23.715263],[121.289455,23.714993],[121.289848,23.714997]],[[121.304259,23.715427],[121.304162,23.715336],[121.30426,23.715337],[121.304259,23.715427]],[[121.305828,23.715444],[121.305731,23.715353],[121.305829,23.715354],[121.305828,23.715444]],[[121.304064,23.715334],[121.303967,23.715243],[121.304065,23.715244],[121.304064,23.715334]],[[121.305929,23.715174],[121.306028,23.715085],[121.306027,23.715175],[121.305929,23.715174]],[[121.305832,23.715083],[121.305835,23.714902],[121.305933,23.714903],[121.30593,23.715084],[121.305832,23.715083]],[[121.290143,23.71491],[121.290046,23.714819],[121.290144,23.71482],[121.290143,23.71491]],[[121.304168,23.714884],[121.304071,23.714793],[121.304169,23.714794],[121.304168,23.714884]],[[121.299272,23.714289],[121.299371,23.714199],[121.299367,23.71447],[121.298874,23.714736],[121.298978,23.714285],[121.299077,23.714196],[121.299272,23.714289]],[[121.298979,23.714195],[121.298983,23.713834],[121.299081,23.713835],[121.299077,23.714196],[121.298979,23.714195]],[[121.298983,23.713834],[121.29879,23.713651],[121.298987,23.713563],[121.298983,23.713834]],[[121.298787,23.713832],[121.298296,23.713917],[121.298395,23.713827],[121.298304,23.713285],[121.298787,23.713832]],[[121.293582,23.714407],[121.293482,23.714586],[121.293384,23.714585],[121.293386,23.714404],[121.293582,23.714407]],[[121.294174,23.714142],[121.293874,23.71459],[121.293678,23.714588],[121.29368,23.714408],[121.293778,23.714409],[121.293684,23.714137],[121.294174,23.714142]],[[121.294175,23.714052],[121.294372,23.713964],[121.294369,23.714235],[121.294271,23.714234],[121.294175,23.714052]],[[121.294372,23.713964],[121.294472,23.713875],[121.29447,23.713965],[121.294372,23.713964]],[[121.305445,23.714718],[121.305348,23.714626],[121.305446,23.714627],[121.305445,23.714718]],[[121.305255,23.714264],[121.304957,23.714532],[121.304862,23.71426],[121.304469,23.714346],[121.304468,23.714436],[121.304274,23.714253],[121.304568,23.714256],[121.304668,23.714077],[121.304765,23.714168],[121.305159,23.714082],[121.305353,23.714265],[121.305255,23.714264]],[[121.305354,23.714175],[121.305453,23.714086],[121.305452,23.714176],[121.305354,23.714175]],[[121.305253,23.714354],[121.30535,23.714446],[121.305252,23.714445],[121.305253,23.714354]],[[121.303784,23.714248],[121.303881,23.714339],[121.303782,23.714338],[121.303784,23.714248]],[[121.303883,23.714159],[121.304079,23.714161],[121.304078,23.714251],[121.303882,23.714249],[121.303883,23.714159]],[[121.303588,23.714246],[121.303589,23.714155],[121.303785,23.714158],[121.303784,23.714248],[121.303588,23.714246]],[[121.2929,23.714038],[121.292997,23.714129],[121.292899,23.714128],[121.2929,23.714038]],[[121.292998,23.714039],[121.293098,23.71395],[121.293096,23.71404],[121.292998,23.714039]],[[121.297116,23.714175],[121.297019,23.714083],[121.297117,23.714084],[121.297116,23.714175]],[[121.307118,23.714284],[121.307021,23.714193],[121.307119,23.714194],[121.307118,23.714284]],[[121.306629,23.714189],[121.306532,23.714097],[121.30663,23.714098],[121.306629,23.714189]],[[121.293491,23.713864],[121.293691,23.713595],[121.293888,23.713507],[121.293886,23.713687],[121.293687,23.713866],[121.293491,23.713864]],[[121.294769,23.713607],[121.294962,23.71388],[121.294766,23.713878],[121.294769,23.713607]],[[121.299374,23.713929],[121.299278,23.713837],[121.299376,23.713838],[121.299374,23.713929]],[[121.30428,23.713802],[121.304673,23.713716],[121.304572,23.713986],[121.304279,23.713892],[121.30428,23.713802]],[[121.292512,23.713763],[121.292513,23.713672],[121.293003,23.713678],[121.293002,23.713768],[121.292512,23.713763]],[[121.290552,23.713651],[121.290455,23.713559],[121.290553,23.71356],[121.290552,23.713651]],[[121.291336,23.713659],[121.291337,23.713569],[121.291533,23.713571],[121.291532,23.713661],[121.291336,23.713659]],[[121.302613,23.713783],[121.302516,23.713692],[121.302614,23.713693],[121.302613,23.713783]],[[121.305849,23.713819],[121.305655,23.713636],[121.306145,23.713642],[121.306144,23.713732],[121.30585,23.713729],[121.305849,23.713819]],[[121.305655,23.713636],[121.305558,23.713545],[121.305656,23.713546],[121.305655,23.713636]],[[121.305556,23.713725],[121.30536,23.713723],[121.305361,23.713633],[121.304967,23.713719],[121.304872,23.713537],[121.304676,23.713535],[121.304678,23.713355],[121.305071,23.713269],[121.305069,23.713449],[121.305166,23.713541],[121.305363,23.713452],[121.305556,23.713725]],[[121.306143,23.713822],[121.306243,23.713643],[121.306341,23.713644],[121.306339,23.713824],[121.306143,23.713822]],[[121.295554,23.713616],[121.295457,23.713524],[121.295555,23.713525],[121.295554,23.713616]],[[121.301731,23.713684],[121.301831,23.713594],[121.301829,23.713685],[121.301731,23.713684]],[[121.301733,23.713593],[121.301636,23.713502],[121.301734,23.713503],[121.301733,23.713593]],[[121.30232,23.71369],[121.302419,23.713601],[121.302418,23.713691],[121.30232,23.71369]],[[121.302321,23.7136],[121.302224,23.713508],[121.302322,23.713509],[121.302321,23.7136]],[[121.302224,23.713508],[121.302127,23.713417],[121.302225,23.713418],[121.302224,23.713508]],[[121.300458,23.713579],[121.300361,23.713488],[121.300459,23.713489],[121.300458,23.713579]],[[121.302811,23.713605],[121.302714,23.713514],[121.302812,23.713515],[121.302811,23.713605]],[[121.303893,23.713346],[121.30399,23.713437],[121.304186,23.71344],[121.30438,23.713622],[121.303988,23.713618],[121.303891,23.713527],[121.303893,23.713346]],[[121.29281,23.713405],[121.292813,23.713224],[121.292911,23.713225],[121.292909,23.713406],[121.29281,23.713405]],[[121.293988,23.713327],[121.294085,23.713419],[121.293987,23.713418],[121.293988,23.713327]],[[121.294086,23.713328],[121.294186,23.713239],[121.294184,23.71333],[121.294086,23.713328]],[[121.294186,23.713239],[121.294285,23.71315],[121.294284,23.71324],[121.294186,23.713239]],[[121.294578,23.713244],[121.294577,23.713334],[121.294282,23.713331],[121.294284,23.71324],[121.294578,23.713244]],[[121.294579,23.713153],[121.294873,23.713157],[121.294974,23.712977],[121.29517,23.712979],[121.295067,23.713339],[121.29497,23.713248],[121.294578,23.713244],[121.294579,23.713153]],[[121.29556,23.713164],[121.295658,23.713165],[121.295654,23.713436],[121.295556,23.713435],[121.295462,23.713163],[121.295265,23.713161],[121.295268,23.71298],[121.295465,23.712892],[121.29556,23.713164]],[[121.295269,23.71289],[121.295173,23.712708],[121.295469,23.712621],[121.295466,23.712802],[121.295269,23.71289]],[[121.291244,23.713207],[121.291341,23.713298],[121.291243,23.713297],[121.291244,23.713207]],[[121.291342,23.713208],[121.291441,23.713119],[121.29144,23.713209],[121.291342,23.713208]],[[121.305661,23.713185],[121.305662,23.713095],[121.306054,23.713099],[121.306148,23.713461],[121.306049,23.71346],[121.305955,23.713188],[121.305661,23.713185]],[[121.301839,23.712962],[121.302035,23.712964],[121.302036,23.712874],[121.30233,23.712877],[121.302328,23.713058],[121.302133,23.712966],[121.301835,23.713233],[121.301547,23.712778],[121.301743,23.712781],[121.301839,23.712962]],[[121.301547,23.712778],[121.30145,23.712687],[121.301548,23.712688],[121.301547,23.712778]],[[121.305074,23.713088],[121.305076,23.712908],[121.305173,23.712999],[121.305468,23.712912],[121.305562,23.713274],[121.305074,23.713088]],[[121.293011,23.713046],[121.292914,23.712954],[121.293012,23.712955],[121.293011,23.713046]],[[121.293797,23.712964],[121.293799,23.712784],[121.293897,23.712785],[121.293895,23.712965],[121.293797,23.712964]],[[121.299484,23.713027],[121.299583,23.712938],[121.299582,23.713028],[121.299484,23.713027]],[[121.299289,23.712934],[121.29929,23.712844],[121.299194,23.712753],[121.299487,23.712846],[121.299485,23.712936],[121.299289,23.712934]],[[121.294683,23.712703],[121.29478,23.712794],[121.294682,23.712793],[121.294683,23.712703]],[[121.294781,23.712704],[121.29488,23.712615],[121.294879,23.712705],[121.294781,23.712704]],[[121.29576,23.712805],[121.295763,23.712625],[121.295861,23.712626],[121.295858,23.712806],[121.29576,23.712805]],[[121.300663,23.712859],[121.300566,23.712768],[121.300664,23.712769],[121.300663,23.712859]],[[121.304196,23.712717],[121.304197,23.712627],[121.304491,23.71263],[121.30449,23.71272],[121.304196,23.712717]],[[121.304784,23.712724],[121.304687,23.712632],[121.304785,23.712633],[121.304784,23.712724]],[[121.30077,23.712228],[121.30106,23.712502],[121.300766,23.712499],[121.30077,23.712228]],[[121.305179,23.712547],[121.305082,23.712456],[121.30518,23.712457],[121.305179,23.712547]],[[121.305571,23.712552],[121.305474,23.71246],[121.305572,23.712461],[121.305571,23.712552]],[[121.292236,23.712315],[121.292139,23.712223],[121.292237,23.712225],[121.292236,23.712315]],[[121.295962,23.712356],[121.295865,23.712265],[121.295964,23.712266],[121.295962,23.712356]],[[121.304788,23.712453],[121.304789,23.712363],[121.304985,23.712365],[121.304984,23.712455],[121.304788,23.712453]],[[121.306062,23.712467],[121.305965,23.712375],[121.306063,23.712377],[121.306062,23.712467]],[[121.293713,23.71188],[121.293614,23.711969],[121.293708,23.712241],[121.293512,23.712239],[121.293419,23.711876],[121.293713,23.71188]],[[121.305475,23.71237],[121.305378,23.712279],[121.305476,23.71228],[121.305475,23.71237]],[[121.303809,23.712262],[121.30381,23.712171],[121.304007,23.712173],[121.304005,23.712264],[121.303809,23.712262]],[[121.295379,23.711988],[121.295476,23.71208],[121.295378,23.712079],[121.295379,23.711988]],[[121.295477,23.711989],[121.295576,23.7119],[121.295575,23.71199],[121.295477,23.711989]],[[121.300771,23.712138],[121.300674,23.712047],[121.300772,23.712048],[121.300771,23.712138]],[[121.3044,23.712087],[121.304497,23.712179],[121.304399,23.712178],[121.3044,23.712087]],[[121.304498,23.712088],[121.304597,23.711999],[121.304596,23.71209],[121.304498,23.712088]],[[121.304596,23.71209],[121.304693,23.712181],[121.304595,23.71218],[121.304596,23.71209]],[[121.3044,23.712087],[121.304303,23.711996],[121.304401,23.711997],[121.3044,23.712087]],[[121.295968,23.711904],[121.295871,23.711813],[121.295969,23.711814],[121.295968,23.711904]],[[121.29842,23.711931],[121.298323,23.71184],[121.298421,23.711841],[121.29842,23.711931]],[[121.301558,23.711966],[121.301461,23.711875],[121.301559,23.711876],[121.301558,23.711966]],[[121.297931,23.711836],[121.297834,23.711744],[121.297932,23.711745],[121.297931,23.711836]],[[121.307247,23.711848],[121.30715,23.711756],[121.307248,23.711757],[121.307247,23.711848]],[[121.309407,23.711691],[121.30931,23.711599],[121.309408,23.7116],[121.309407,23.711691]],[[121.304701,23.711549],[121.304702,23.711459],[121.304898,23.711461],[121.304897,23.711551],[121.304701,23.711549]],[[121.305495,23.710835],[121.305784,23.7112],[121.305981,23.711202],[121.306075,23.711474],[121.30578,23.711561],[121.305686,23.711199],[121.305202,23.710742],[121.305495,23.710835]],[[121.3052,23.710922],[121.305004,23.71092],[121.305005,23.71083],[121.305201,23.710832],[121.3052,23.710922]],[[121.30882,23.711594],[121.308723,23.711503],[121.308821,23.711504],[121.30882,23.711594]],[[121.30382,23.711449],[121.303723,23.711358],[121.303821,23.711359],[121.30382,23.711449]],[[121.299899,23.711316],[121.299901,23.711135],[121.299999,23.711136],[121.299997,23.711317],[121.299899,23.711316]],[[121.297939,23.711204],[121.297941,23.711023],[121.298039,23.711024],[121.298037,23.711205],[121.297939,23.711204]],[[121.305293,23.711284],[121.304999,23.711281],[121.305,23.711191],[121.305295,23.711104],[121.305293,23.711284]],[[121.304804,23.711189],[121.304806,23.711008],[121.304904,23.711009],[121.305,23.711191],[121.304804,23.711189]],[[121.304806,23.711008],[121.304709,23.710917],[121.304807,23.710918],[121.304806,23.711008]],[[121.297155,23.711105],[121.297059,23.711013],[121.297157,23.711015],[121.297155,23.711105]],[[121.309218,23.711147],[121.309121,23.711055],[121.309219,23.711057],[121.309218,23.711147]],[[121.299217,23.710947],[121.29912,23.710856],[121.299218,23.710857],[121.299217,23.710947]],[[121.303925,23.710908],[121.304022,23.711],[121.303924,23.710999],[121.303925,23.710908]],[[121.304023,23.710909],[121.304122,23.71082],[121.304121,23.71091],[121.304023,23.710909]],[[121.303925,23.710908],[121.303828,23.710817],[121.303926,23.710818],[121.303925,23.710908]],[[121.304317,23.710913],[121.30422,23.710821],[121.304318,23.710822],[121.304317,23.710913]],[[121.306376,23.710935],[121.306279,23.710844],[121.306377,23.710845],[121.306376,23.710935]],[[121.306771,23.710759],[121.306773,23.710578],[121.306871,23.710579],[121.306869,23.71076],[121.306771,23.710759]],[[121.307948,23.710772],[121.30795,23.710591],[121.308048,23.710592],[121.308144,23.710774],[121.307948,23.710772]],[[121.308048,23.710592],[121.308147,23.710503],[121.308146,23.710593],[121.308048,23.710592]],[[121.308049,23.710502],[121.307855,23.710319],[121.307659,23.710317],[121.307662,23.710137],[121.307858,23.710139],[121.308051,23.710321],[121.308049,23.710502]],[[121.299124,23.710585],[121.299127,23.710314],[121.299225,23.710315],[121.299222,23.710586],[121.299124,23.710585]],[[121.304615,23.710645],[121.304518,23.710554],[121.304616,23.710555],[121.304615,23.710645]],[[121.307655,23.710678],[121.307656,23.710588],[121.307852,23.71059],[121.307851,23.71068],[121.307655,23.710678]],[[121.298148,23.710213],[121.298052,23.710031],[121.298249,23.709943],[121.298252,23.709762],[121.298639,23.710128],[121.298835,23.71013],[121.298636,23.710399],[121.298148,23.710213]],[[121.30511,23.710289],[121.305308,23.710111],[121.305305,23.710382],[121.30511,23.710289]],[[121.306481,23.710395],[121.306581,23.710305],[121.306579,23.710396],[121.306481,23.710395]],[[121.306483,23.710304],[121.306386,23.710213],[121.306484,23.710214],[121.306483,23.710304]],[[121.305797,23.710206],[121.3057,23.710115],[121.305798,23.710116],[121.305797,23.710206]],[[121.30325,23.709998],[121.303347,23.710089],[121.303249,23.710088],[121.30325,23.709998]],[[121.303349,23.709909],[121.303546,23.709911],[121.303544,23.710001],[121.303348,23.709999],[121.303349,23.709909]],[[121.304524,23.710102],[121.304427,23.710011],[121.304525,23.710012],[121.304524,23.710102]],[[121.305602,23.710114],[121.305505,23.710023],[121.305604,23.710024],[121.305602,23.710114]],[[121.301093,23.709974],[121.301192,23.709885],[121.301191,23.709975],[121.301093,23.709974]],[[121.301094,23.709884],[121.300997,23.709793],[121.301095,23.709794],[121.301094,23.709884]],[[121.301098,23.709613],[121.301196,23.709614],[121.301193,23.709795],[121.301095,23.709794],[121.301098,23.709613]],[[121.302663,23.709901],[121.302566,23.70981],[121.302664,23.709811],[121.302663,23.709901]],[[121.30747,23.709773],[121.307081,23.709498],[121.307084,23.709318],[121.307574,23.709323],[121.307768,23.709506],[121.307765,23.709686],[121.307568,23.709774],[121.307664,23.709956],[121.307468,23.709954],[121.30747,23.709773]],[[121.306,23.709667],[121.305998,23.709847],[121.3059,23.709846],[121.305804,23.709665],[121.306,23.709667]],[[121.297666,23.709575],[121.297569,23.709484],[121.297667,23.709485],[121.297666,23.709575]],[[121.305118,23.709657],[121.305021,23.709566],[121.305119,23.709567],[121.305118,23.709657]],[[121.30326,23.709276],[121.303355,23.709457],[121.303061,23.709454],[121.303062,23.709364],[121.30326,23.709276]],[[121.304045,23.709194],[121.304044,23.709284],[121.304141,23.709376],[121.303848,23.709282],[121.303849,23.709192],[121.304045,23.709194]],[[121.305121,23.709386],[121.305221,23.709297],[121.305219,23.709387],[121.305121,23.709386]],[[121.304926,23.709294],[121.304928,23.709204],[121.305124,23.709206],[121.305123,23.709296],[121.304926,23.709294]],[[121.306398,23.70922],[121.306298,23.709399],[121.306004,23.709396],[121.306005,23.709306],[121.306398,23.70922]],[[121.299828,23.709238],[121.299731,23.709147],[121.299829,23.709148],[121.299828,23.709238]],[[121.302772,23.70909],[121.302867,23.709271],[121.302476,23.709177],[121.302477,23.709086],[121.302772,23.70909]],[[121.30473,23.709292],[121.304633,23.7092],[121.304732,23.709201],[121.30473,23.709292]],[[121.305711,23.709302],[121.305614,23.709211],[121.305712,23.709212],[121.305711,23.709302]],[[121.299245,23.70878],[121.299342,23.708871],[121.299637,23.708784],[121.299635,23.708965],[121.299437,23.709143],[121.299243,23.708961],[121.299245,23.70878]],[[121.302378,23.709176],[121.302281,23.709084],[121.302379,23.709085],[121.302378,23.709176]],[[121.303261,23.709185],[121.303164,23.709094],[121.303262,23.709095],[121.303261,23.709185]],[[121.306599,23.708861],[121.306797,23.708773],[121.306792,23.709134],[121.306595,23.709222],[121.306502,23.708769],[121.306599,23.708861]],[[121.306502,23.708769],[121.306405,23.708678],[121.306504,23.708679],[121.306502,23.708769]],[[121.305716,23.708941],[121.305615,23.709121],[121.305322,23.709027],[121.305323,23.708937],[121.305716,23.708941]],[[121.303557,23.709008],[121.303656,23.708919],[121.303655,23.709009],[121.303557,23.709008]],[[121.303558,23.708918],[121.303365,23.708735],[121.302971,23.708821],[121.30317,23.708643],[121.303074,23.708461],[121.302779,23.708548],[121.302776,23.708729],[121.302874,23.70873],[121.302872,23.70891],[121.302774,23.708909],[121.30258,23.708726],[121.302679,23.708637],[121.302585,23.708365],[121.302095,23.70836],[121.301999,23.708178],[121.301803,23.708176],[121.301806,23.707905],[121.302102,23.707818],[121.302006,23.707636],[121.3023,23.70764],[121.302301,23.707549],[121.30279,23.707645],[121.302886,23.707827],[121.302688,23.708005],[121.303172,23.708462],[121.303369,23.708374],[121.303373,23.708103],[121.303666,23.708196],[121.303368,23.708464],[121.303366,23.708645],[121.303561,23.708737],[121.303558,23.708918]],[[121.301803,23.708176],[121.301703,23.708265],[121.301705,23.708175],[121.301803,23.708176]],[[121.303373,23.708103],[121.303276,23.708012],[121.303374,23.708013],[121.303373,23.708103]],[[121.303666,23.708196],[121.303765,23.708107],[121.303764,23.708198],[121.303666,23.708196]],[[121.303764,23.708198],[121.303861,23.708289],[121.303763,23.708288],[121.303764,23.708198]],[[121.303861,23.708289],[121.303958,23.70838],[121.30386,23.708379],[121.303861,23.708289]],[[121.303958,23.70838],[121.304054,23.708472],[121.303956,23.708471],[121.303958,23.70838]],[[121.304054,23.708472],[121.304151,23.708563],[121.304053,23.708562],[121.304054,23.708472]],[[121.304151,23.708563],[121.304248,23.708654],[121.30415,23.708653],[121.304151,23.708563]],[[121.305126,23.709025],[121.305128,23.708845],[121.305226,23.708846],[121.305224,23.709026],[121.305126,23.709025]],[[121.305912,23.708943],[121.305815,23.708852],[121.305913,23.708853],[121.305912,23.708943]],[[121.308758,23.708794],[121.308957,23.708525],[121.309249,23.708709],[121.309049,23.708978],[121.308758,23.708794]],[[121.303757,23.708739],[121.303856,23.70865],[121.303855,23.70874],[121.303757,23.708739]],[[121.303758,23.708649],[121.303661,23.708558],[121.303759,23.708559],[121.303758,23.708649]],[[121.305131,23.708664],[121.30533,23.708395],[121.305821,23.708401],[121.305523,23.708668],[121.305131,23.708664]],[[121.304642,23.708568],[121.304545,23.708477],[121.304643,23.708478],[121.304642,23.708568]],[[121.306117,23.708223],[121.306116,23.708314],[121.306312,23.708316],[121.306311,23.708406],[121.305919,23.708402],[121.306117,23.708223]],[[121.305137,23.708213],[121.305233,23.708304],[121.305135,23.708303],[121.305137,23.708213]],[[121.305235,23.708214],[121.305334,23.708124],[121.305333,23.708215],[121.305235,23.708214]],[[121.30445,23.708205],[121.304353,23.708114],[121.304451,23.708115],[121.30445,23.708205]],[[121.304844,23.708119],[121.304747,23.708028],[121.304845,23.708029],[121.304844,23.708119]],[[121.305922,23.708131],[121.305923,23.708041],[121.306119,23.708043],[121.306118,23.708133],[121.305922,23.708131]],[[121.299554,23.70761],[121.299653,23.707611],[121.29965,23.707791],[121.299163,23.707515],[121.299169,23.707064],[121.299266,23.707155],[121.299562,23.707068],[121.299755,23.707251],[121.299557,23.707429],[121.299554,23.70761]],[[121.299071,23.707062],[121.299074,23.706882],[121.299172,23.706883],[121.299169,23.707064],[121.299071,23.707062]],[[121.299074,23.706882],[121.298977,23.706791],[121.298686,23.706516],[121.298882,23.706519],[121.299076,23.706701],[121.299074,23.706882]],[[121.299754,23.707341],[121.299851,23.707432],[121.299753,23.707431],[121.299754,23.707341]],[[121.303082,23.707829],[121.303084,23.707648],[121.303182,23.707649],[121.30318,23.70783],[121.303082,23.707829]],[[121.29769,23.707679],[121.29779,23.70759],[121.297788,23.70768],[121.29769,23.707679]],[[121.297691,23.707589],[121.297595,23.707498],[121.297693,23.707499],[121.297691,23.707589]],[[121.300931,23.707354],[121.30113,23.707085],[121.301422,23.707269],[121.301223,23.707538],[121.300931,23.707354]],[[121.303184,23.707559],[121.303087,23.707468],[121.303185,23.707469],[121.303184,23.707559]],[[121.300047,23.707434],[121.29995,23.707343],[121.300048,23.707344],[121.300047,23.707434]],[[121.29642,23.707304],[121.296323,23.707213],[121.296421,23.707214],[121.29642,23.707304]],[[121.297404,23.707044],[121.297598,23.707227],[121.297402,23.707225],[121.297404,23.707044]],[[121.305643,23.706954],[121.305837,23.707137],[121.305737,23.707316],[121.305445,23.707132],[121.305643,23.706954]],[[121.305445,23.707132],[121.305346,23.707222],[121.305347,23.707131],[121.305445,23.707132]],[[121.299466,23.706886],[121.299369,23.706795],[121.299467,23.706796],[121.299466,23.706886]],[[121.30133,23.706816],[121.301233,23.706725],[121.301331,23.706726],[121.30133,23.706816]],[[121.305451,23.706681],[121.305354,23.70659],[121.305452,23.706591],[121.305451,23.706681]],[[121.297215,23.7065],[121.297118,23.706409],[121.297216,23.70641],[121.297215,23.7065]],[[121.296726,23.706405],[121.296727,23.706314],[121.296923,23.706316],[121.296922,23.706407],[121.296726,23.706405]],[[121.298393,23.706423],[121.298492,23.706334],[121.298491,23.706424],[121.298393,23.706423]],[[121.298198,23.70633],[121.298199,23.70624],[121.298102,23.706149],[121.298395,23.706242],[121.298394,23.706333],[121.298198,23.70633]],[[121.298102,23.706149],[121.298006,23.706057],[121.298104,23.706059],[121.298102,23.706149]],[[121.301436,23.706185],[121.301139,23.706453],[121.300945,23.70627],[121.301144,23.706002],[121.301436,23.706185]],[[121.301436,23.706185],[121.301535,23.706096],[121.301534,23.706187],[121.301436,23.706185]],[[121.304966,23.706224],[121.305065,23.706135],[121.30526,23.706227],[121.305159,23.706497],[121.304964,23.706405],[121.304966,23.706224]],[[121.297612,23.706143],[121.297515,23.706052],[121.297613,23.706053],[121.297612,23.706143]],[[121.298593,23.706154],[121.298692,23.706065],[121.298691,23.706155],[121.298593,23.706154]],[[121.298594,23.706064],[121.298497,23.705973],[121.298595,23.705974],[121.298594,23.706064]],[[121.297422,23.70569],[121.297618,23.705692],[121.297713,23.705964],[121.297516,23.705962],[121.297226,23.705688],[121.297228,23.705507],[121.297422,23.70569]],[[121.297228,23.705507],[121.297131,23.705416],[121.296938,23.705233],[121.29723,23.705327],[121.297228,23.705507]],[[121.296929,23.705865],[121.296832,23.705774],[121.29693,23.705775],[121.296929,23.705865]],[[121.301735,23.705828],[121.301638,23.705736],[121.301736,23.705737],[121.301735,23.705828]],[[121.30174,23.705466],[121.301643,23.705375],[121.301741,23.705376],[121.30174,23.705466]],[[121.297721,23.705332],[121.29782,23.705243],[121.297819,23.705333],[121.297721,23.705332]],[[121.297722,23.705242],[121.297625,23.70515],[121.297723,23.705151],[121.297722,23.705242]],[[121.308507,23.70545],[121.30841,23.705359],[121.308508,23.70536],[121.308507,23.70545]],[[121.301842,23.705106],[121.301649,23.704924],[121.301847,23.704745],[121.301753,23.704473],[121.301951,23.704295],[121.302147,23.704297],[121.302341,23.70448],[121.302434,23.704842],[121.302236,23.70502],[121.30204,23.705018],[121.301938,23.705288],[121.301743,23.705196],[121.301842,23.705106]],[[121.297728,23.70479],[121.297724,23.705061],[121.297528,23.705059],[121.29763,23.704789],[121.297728,23.70479]],[[121.297137,23.704964],[121.297139,23.704784],[121.297238,23.704785],[121.297235,23.704965],[121.297137,23.704964]],[[121.306849,23.70471],[121.306752,23.704618],[121.30685,23.704619],[121.306849,23.70471]],[[121.298222,23.704525],[121.298125,23.704433],[121.298223,23.704434],[121.298222,23.704525]],[[121.298126,23.704343],[121.298029,23.704252],[121.298127,23.704253],[121.298126,23.704343]],[[121.296855,23.704058],[121.296952,23.70415],[121.296854,23.704148],[121.296855,23.704058]],[[121.296954,23.703969],[121.29715,23.703971],[121.297149,23.704061],[121.296953,23.704059],[121.296954,23.703969]],[[121.299208,23.704084],[121.299111,23.703993],[121.299209,23.703994],[121.299208,23.704084]],[[121.297152,23.703791],[121.297254,23.703521],[121.297546,23.703705],[121.297444,23.703974],[121.297152,23.703791]],[[121.297055,23.703699],[121.296959,23.703608],[121.297057,23.703609],[121.297055,23.703699]],[[121.30539,23.703791],[121.305293,23.703699],[121.305391,23.7037],[121.30539,23.703791]],[[121.297552,23.703253],[121.297549,23.703434],[121.297451,23.703433],[121.297355,23.703251],[121.297552,23.703253]],[[121.298728,23.703266],[121.298631,23.703175],[121.298729,23.703176],[121.298728,23.703266]],[[121.297358,23.70307],[121.297261,23.702979],[121.297359,23.70298],[121.297358,23.70307]],[[121.297556,23.702892],[121.297656,23.702803],[121.297564,23.70226],[121.297663,23.702261],[121.297759,23.702352],[121.29775,23.703075],[121.297554,23.703073],[121.297653,23.702983],[121.297556,23.702892]],[[121.297458,23.702891],[121.297361,23.7028],[121.297459,23.702801],[121.297458,23.702891]],[[121.297372,23.701987],[121.297275,23.701896],[121.297373,23.701897],[121.297372,23.701987]],[[121.303868,23.700162],[121.30387,23.699981],[121.303968,23.699983],[121.303966,23.700163],[121.303868,23.700162]],[[121.307313,23.699116],[121.307414,23.698937],[121.30761,23.698939],[121.307508,23.699209],[121.307313,23.699116]],[[121.307215,23.699115],[121.307118,23.699024],[121.307216,23.699025],[121.307215,23.699115]],[[121.307256,23.695955],[121.307159,23.695864],[121.307257,23.695865],[121.307256,23.695955]],[[121.307271,23.694781],[121.307174,23.69469],[121.307272,23.694691],[121.307271,23.694781]]],[[[121.283562,23.71565],[121.283958,23.715384],[121.283962,23.715113],[121.284356,23.714937],[121.284066,23.714662],[121.28417,23.714212],[121.284466,23.714035],[121.284373,23.713673],[121.28388,23.713848],[121.282987,23.71465],[121.282981,23.715102],[121.283274,23.715195],[121.283272,23.715376],[121.283562,23.71565]]],[[[121.281249,23.720049],[121.281349,23.71987],[121.280962,23.719504],[121.280668,23.719501],[121.280669,23.719411],[121.280866,23.719322],[121.281255,23.719598],[121.281457,23.719148],[121.281263,23.718966],[121.280871,23.718961],[121.280772,23.71905],[121.280867,23.719232],[121.280671,23.71923],[121.280477,23.719047],[121.280378,23.719136],[121.280473,23.719408],[121.280274,23.719587],[121.280565,23.719861],[121.280761,23.719863],[121.280954,23.720136],[121.281249,23.720049]]],[[[121.287819,23.720122],[121.288117,23.719854],[121.288025,23.719402],[121.287831,23.719219],[121.287635,23.719217],[121.287533,23.719487],[121.287825,23.719671],[121.287823,23.719851],[121.287624,23.720029],[121.287819,23.720122]]],[[[121.288098,23.721299],[121.288589,23.721214],[121.288591,23.721124],[121.28908,23.721219],[121.28918,23.72104],[121.289083,23.720949],[121.288593,23.720943],[121.288497,23.720762],[121.288203,23.720758],[121.288107,23.720577],[121.287813,23.720573],[121.287718,23.720392],[121.287326,23.720297],[121.287226,23.720477],[121.287518,23.72066],[121.287516,23.720841],[121.287317,23.721019],[121.287121,23.721017],[121.28702,23.721197],[121.287117,23.721288],[121.287511,23.721202],[121.287703,23.721475],[121.287998,23.721478],[121.288098,23.721299]]],[[[121.286716,23.722006],[121.286521,23.721914],[121.28642,23.722093],[121.286615,23.722185],[121.286716,23.722006]]],[[[121.309836,23.701221],[121.309937,23.700951],[121.310234,23.700773],[121.310236,23.700593],[121.310138,23.700592],[121.310142,23.700321],[121.309463,23.699681],[121.309363,23.699861],[121.309461,23.699862],[121.309454,23.700404],[121.309552,23.700405],[121.309542,23.701217],[121.309639,23.701309],[121.309836,23.701221]]],[[[121.307782,23.723592],[121.307203,23.722864],[121.306715,23.722678],[121.306522,23.722405],[121.306325,23.722493],[121.306422,23.722584],[121.306319,23.722944],[121.306805,23.723311],[121.306803,23.723491],[121.306996,23.723674],[121.307682,23.723772],[121.307782,23.723592]],[[121.3072,23.723135],[121.307196,23.723405],[121.307,23.723403],[121.306905,23.723131],[121.3072,23.723135]]],[[[121.30756,23.725577],[121.307855,23.72558],[121.307857,23.725399],[121.308053,23.725401],[121.30806,23.72486],[121.308256,23.724862],[121.308258,23.724681],[121.308553,23.724684],[121.308751,23.724506],[121.30846,23.724232],[121.308659,23.724054],[121.30847,23.72351],[121.308272,23.723598],[121.30827,23.723778],[121.308368,23.723779],[121.308366,23.72396],[121.308169,23.724048],[121.308263,23.72432],[121.307969,23.724317],[121.307571,23.724764],[121.307376,23.724672],[121.307272,23.725122],[121.306975,23.725299],[121.30707,23.725571],[121.307169,23.725482],[121.307561,23.725486],[121.30756,23.725577]]],[[[121.306382,23.725654],[121.306679,23.725477],[121.306682,23.725206],[121.30678,23.725207],[121.306686,23.724935],[121.306392,23.724932],[121.30639,23.725022],[121.306294,23.724931],[121.305509,23.724922],[121.305211,23.72519],[121.305598,23.725645],[121.306382,23.725654]]],[[[121.303814,23.727071],[121.303426,23.726705],[121.303429,23.726525],[121.304019,23.726351],[121.303927,23.725898],[121.303634,23.725804],[121.303534,23.725984],[121.303339,23.725892],[121.30314,23.72607],[121.303038,23.72643],[121.303231,23.726613],[121.303224,23.727154],[121.303418,23.727337],[121.303711,23.727431],[121.303814,23.727071]]],[[[121.305286,23.726996],[121.305287,23.726906],[121.304993,23.726903],[121.304897,23.726721],[121.304503,23.726898],[121.304793,23.727172],[121.304694,23.727261],[121.304784,23.727894],[121.304978,23.728077],[121.305467,23.728172],[121.305468,23.728082],[121.305862,23.727996],[121.305964,23.727636],[121.306259,23.727639],[121.306359,23.72746],[121.306555,23.727462],[121.306458,23.727371],[121.306462,23.7271],[121.306658,23.727102],[121.306464,23.726919],[121.306468,23.726648],[121.306665,23.72656],[121.306573,23.726108],[121.306476,23.726016],[121.305495,23.726005],[121.305393,23.726275],[121.305295,23.726274],[121.305291,23.726635],[121.30568,23.726911],[121.305286,23.726996]],[[121.305681,23.72682],[121.30578,23.726731],[121.305683,23.72664],[121.305783,23.72646],[121.306175,23.726555],[121.306172,23.726735],[121.305976,23.726733],[121.305975,23.726823],[121.305681,23.72682]]],[[[121.301952,23.72696],[121.301753,23.727138],[121.301948,23.727231],[121.301942,23.727682],[121.301744,23.727861],[121.302525,23.72814],[121.302523,23.728321],[121.303013,23.728326],[121.303015,23.728145],[121.303898,23.728155],[121.303994,23.728337],[121.304386,23.728341],[121.304385,23.728431],[121.304778,23.728345],[121.304781,23.728165],[121.304489,23.727981],[121.304492,23.72771],[121.304007,23.727344],[121.303809,23.727432],[121.303905,23.727613],[121.303415,23.727608],[121.303315,23.727697],[121.303221,23.727425],[121.302928,23.727332],[121.30254,23.726966],[121.302351,23.726422],[121.301955,23.726689],[121.301953,23.72687],[121.302147,23.727052],[121.301951,23.72705],[121.301952,23.72696]],[[121.302441,23.727056],[121.302537,23.727237],[121.302146,23.727143],[121.302147,23.727052],[121.302441,23.727056]],[[121.302825,23.727692],[121.302826,23.727602],[121.303022,23.727604],[121.303021,23.727694],[121.302825,23.727692]]]]}},{"type":"Feature","properties":{"kind":"bare_dam","month":"2026-01","area_ha":145.29},"geometry":{"type":"MultiPolygon","coordinates":[[[[121.30837,23.693258],[121.308469,23.693169],[121.308371,23.693168],[121.30837,23.693258]]],[[[121.294355,23.700238],[121.293864,23.700233],[121.293763,23.700502],[121.293469,23.700499],[121.293178,23.700225],[121.293183,23.699864],[121.292891,23.69968],[121.292877,23.700764],[121.293458,23.701312],[121.293852,23.701226],[121.294044,23.701499],[121.294436,23.701503],[121.294437,23.701413],[121.294634,23.701415],[121.294632,23.701505],[121.294732,23.701416],[121.294828,23.701507],[121.295809,23.701518],[121.295909,23.701339],[121.296302,23.701343],[121.296897,23.700808],[121.297191,23.700811],[121.297291,23.700632],[121.297488,23.700634],[121.29749,23.700453],[121.297587,23.700545],[121.297686,23.700455],[121.298568,23.700465],[121.298571,23.700284],[121.298473,23.700283],[121.298574,23.700014],[121.298477,23.699922],[121.299271,23.699209],[121.299177,23.698937],[121.299471,23.69894],[121.299572,23.69867],[121.299866,23.698673],[121.299868,23.698583],[121.300456,23.69859],[121.300559,23.698229],[121.300853,23.698233],[121.301352,23.697516],[121.301746,23.69743],[121.301945,23.697161],[121.30214,23.697254],[121.302636,23.696807],[121.302742,23.696177],[121.303138,23.69591],[121.303046,23.695457],[121.303338,23.695641],[121.303733,23.695375],[121.304225,23.69529],[121.304424,23.695021],[121.30472,23.694934],[121.304722,23.694753],[121.304624,23.694752],[121.304724,23.694573],[121.304918,23.694756],[121.305215,23.694578],[121.305316,23.694308],[121.305122,23.694126],[121.305415,23.694219],[121.305812,23.693862],[121.305809,23.694133],[121.306102,23.694227],[121.306101,23.694317],[121.305708,23.694313],[121.30551,23.694491],[121.305606,23.694673],[121.305408,23.694761],[121.305406,23.694942],[121.305112,23.694938],[121.30491,23.695388],[121.304615,23.695475],[121.304218,23.695832],[121.304312,23.696103],[121.303921,23.696009],[121.30382,23.696279],[121.303429,23.696184],[121.30323,23.696362],[121.303128,23.696723],[121.30303,23.696721],[121.303026,23.696992],[121.302731,23.697079],[121.302629,23.697349],[121.302433,23.697347],[121.302333,23.697527],[121.301939,23.697613],[121.301838,23.697882],[121.301544,23.697879],[121.301543,23.697969],[121.301348,23.697877],[121.300752,23.698412],[121.300848,23.698594],[121.300552,23.698771],[121.30045,23.699041],[121.300254,23.699039],[121.300159,23.698767],[121.299963,23.698765],[121.299666,23.699032],[121.299661,23.699393],[121.299954,23.699487],[121.299948,23.699938],[121.300143,23.700031],[121.300141,23.700211],[121.299942,23.70039],[121.299747,23.700297],[121.299647,23.700477],[121.299354,23.700383],[121.299254,23.700563],[121.29935,23.700654],[121.302194,23.700685],[121.302294,23.700506],[121.302686,23.70051],[121.303579,23.699707],[121.303486,23.699345],[121.303682,23.699347],[121.303785,23.698987],[121.303982,23.698899],[121.303988,23.698448],[121.304185,23.69836],[121.304191,23.697908],[121.305481,23.696748],[121.306167,23.696756],[121.306267,23.696576],[121.306856,23.696583],[121.306955,23.696494],[121.306964,23.695771],[121.307162,23.695683],[121.306968,23.6955],[121.30697,23.69532],[121.306774,23.695318],[121.306775,23.695227],[121.306971,23.69523],[121.306983,23.694327],[121.307975,23.693435],[121.308368,23.693349],[121.30808,23.692894],[121.308179,23.692805],[121.308767,23.692811],[121.308868,23.692632],[121.309063,23.692724],[121.309163,23.692545],[121.309457,23.692548],[121.309558,23.692368],[121.309851,23.692462],[121.309849,23.692552],[121.310046,23.692554],[121.310343,23.692287],[121.310734,23.692381],[121.311528,23.691667],[121.311535,23.691126],[121.311732,23.691037],[121.311736,23.690767],[121.311933,23.690678],[121.311936,23.690408],[121.312034,23.690409],[121.311941,23.690046],[121.312137,23.690049],[121.312335,23.68987],[121.312538,23.689331],[121.312932,23.689245],[121.313033,23.688975],[121.313527,23.688709],[121.313533,23.688258],[121.313142,23.688163],[121.313144,23.687983],[121.31266,23.687526],[121.312567,23.687073],[121.312276,23.68689],[121.312278,23.686709],[121.312083,23.686617],[121.311785,23.686884],[121.311593,23.686611],[121.311889,23.686434],[121.311991,23.686164],[121.312285,23.686167],[121.312573,23.686622],[121.31277,23.686534],[121.31306,23.686898],[121.313353,23.686992],[121.313055,23.687259],[121.313151,23.687441],[121.313347,23.687443],[121.313447,23.687264],[121.313739,23.687447],[121.313749,23.686725],[121.313163,23.686538],[121.313166,23.686267],[121.313364,23.686089],[121.312783,23.685541],[121.312391,23.685536],[121.312295,23.685355],[121.311903,23.68535],[121.311516,23.684985],[121.311124,23.684981],[121.311121,23.685161],[121.310925,23.685159],[121.310825,23.685339],[121.310332,23.685514],[121.310523,23.685967],[121.310035,23.685782],[121.309836,23.68596],[121.309734,23.68632],[121.309343,23.686226],[121.309144,23.686404],[121.309142,23.686585],[121.308948,23.686402],[121.308654,23.686399],[121.308157,23.686935],[121.307864,23.686841],[121.307565,23.687199],[121.30756,23.687561],[121.307265,23.687648],[121.307359,23.68801],[121.306575,23.687911],[121.306179,23.688268],[121.305982,23.688266],[121.305783,23.688534],[121.305292,23.688619],[121.30509,23.689069],[121.304894,23.689066],[121.304892,23.689157],[121.304598,23.689154],[121.304599,23.689063],[121.303912,23.689146],[121.303812,23.689325],[121.30332,23.68941],[121.303119,23.689769],[121.302628,23.689854],[121.302429,23.690123],[121.301937,23.690208],[121.301938,23.690118],[121.301448,23.690112],[121.301059,23.689837],[121.300373,23.68983],[121.300374,23.689739],[121.298708,23.689721],[121.298607,23.6899],[121.298018,23.689984],[121.297522,23.69043],[121.297514,23.691062],[121.297804,23.691336],[121.297795,23.692059],[121.297893,23.69206],[121.297986,23.692422],[121.298181,23.692514],[121.298182,23.692424],[121.298478,23.692337],[121.298375,23.692697],[121.29857,23.69279],[121.298565,23.693151],[121.298367,23.693329],[121.29856,23.693512],[121.298064,23.693958],[121.297962,23.694318],[121.297865,23.694227],[121.297668,23.694315],[121.297664,23.694586],[121.297467,23.694674],[121.297364,23.695034],[121.297461,23.695125],[121.297658,23.695037],[121.297754,23.695219],[121.29795,23.695221],[121.298049,23.695132],[121.297955,23.69486],[121.298248,23.694953],[121.298349,23.694684],[121.298447,23.694685],[121.298539,23.695137],[121.298736,23.695139],[121.298734,23.69523],[121.298932,23.695141],[121.299027,23.695323],[121.299421,23.695237],[121.299319,23.695507],[121.299806,23.695783],[121.299605,23.696142],[121.299316,23.695778],[121.29902,23.695865],[121.298925,23.695683],[121.298728,23.695681],[121.298529,23.69595],[121.298918,23.696225],[121.298719,23.696403],[121.298717,23.696584],[121.299108,23.696678],[121.299494,23.697134],[121.299296,23.697313],[121.2991,23.69731],[121.299004,23.697129],[121.298613,23.697034],[121.298511,23.697304],[121.298314,23.697392],[121.298211,23.697752],[121.297916,23.697839],[121.297915,23.69793],[121.297227,23.698012],[121.297229,23.697922],[121.296936,23.697828],[121.296339,23.698454],[121.295948,23.698359],[121.295551,23.698716],[121.295355,23.698714],[121.295163,23.698441],[121.295063,23.69853],[121.294868,23.698438],[121.294471,23.698795],[121.294279,23.698522],[121.294082,23.69861],[121.293888,23.698427],[121.29389,23.698246],[121.294287,23.69789],[121.294878,23.697715],[121.294782,23.697534],[121.29508,23.697266],[121.294988,23.696814],[121.295284,23.696636],[121.295486,23.696187],[121.295292,23.696004],[121.294899,23.69609],[121.294803,23.695909],[121.294508,23.695996],[121.294507,23.696086],[121.294214,23.695992],[121.294113,23.696172],[121.294404,23.696446],[121.294107,23.696623],[121.294301,23.696806],[121.294102,23.697075],[121.29381,23.696891],[121.29391,23.696712],[121.293522,23.696436],[121.29382,23.696078],[121.293624,23.696076],[121.293524,23.696256],[121.292838,23.696248],[121.29254,23.696516],[121.292536,23.696787],[121.292339,23.696875],[121.292326,23.697868],[121.292521,23.69796],[121.292422,23.69805],[121.292519,23.698141],[121.292513,23.698592],[121.292708,23.698685],[121.292703,23.699046],[121.292898,23.699138],[121.292896,23.699319],[121.293091,23.699411],[121.293087,23.699682],[121.293281,23.699865],[121.294064,23.699964],[121.294063,23.700054],[121.294455,23.700059],[121.294454,23.700149],[121.294651,23.700061],[121.294648,23.700332],[121.294353,23.700328],[121.294355,23.700238]],[[121.305812,23.693862],[121.305911,23.693773],[121.30591,23.693863],[121.305812,23.693862]],[[121.30382,23.696279],[121.303917,23.69637],[121.303819,23.696369],[121.30382,23.696279]],[[121.301838,23.697882],[121.301935,23.697974],[121.301837,23.697973],[121.301838,23.697882]],[[121.306775,23.695227],[121.306678,23.695136],[121.306776,23.695137],[121.306775,23.695227]],[[121.306676,23.695317],[121.30648,23.695314],[121.306481,23.695224],[121.306677,23.695226],[121.306676,23.695317]],[[121.306285,23.695222],[121.306286,23.695132],[121.306482,23.695134],[121.306481,23.695224],[121.306285,23.695222]],[[121.312949,23.68789],[121.31285,23.687979],[121.312851,23.687889],[121.312949,23.68789]],[[121.309044,23.686583],[121.308945,23.686673],[121.308946,23.686582],[121.309044,23.686583]],[[121.308157,23.686935],[121.308254,23.687026],[121.308156,23.687025],[121.308157,23.686935]],[[121.297759,23.694858],[121.29776,23.694767],[121.297956,23.694769],[121.297955,23.69486],[121.297759,23.694858]],[[121.292536,23.696787],[121.292633,23.696878],[121.292535,23.696877],[121.292536,23.696787]],[[121.294651,23.700061],[121.29475,23.699972],[121.294749,23.700062],[121.294651,23.700061]],[[121.294648,23.700332],[121.294745,23.700423],[121.294646,23.700422],[121.294648,23.700332]],[[121.294146,23.701229],[121.294243,23.70132],[121.294144,23.701319],[121.294146,23.701229]],[[121.296411,23.700441],[121.296506,23.700713],[121.296212,23.70071],[121.296116,23.700528],[121.295528,23.700522],[121.295432,23.70034],[121.295531,23.700251],[121.29602,23.700347],[121.296019,23.700437],[121.296511,23.700352],[121.296411,23.700441]],[[121.295432,23.70034],[121.295335,23.700249],[121.295433,23.70025],[121.295432,23.70034]],[[121.295333,23.700429],[121.294939,23.700515],[121.294844,23.700334],[121.295041,23.700246],[121.29504,23.700336],[121.295334,23.700339],[121.295333,23.700429]],[[121.296512,23.700262],[121.297003,23.700177],[121.297004,23.700087],[121.297493,23.700182],[121.297295,23.700361],[121.297002,23.700267],[121.2969,23.700537],[121.296704,23.700535],[121.296512,23.700262]],[[121.301707,23.700409],[121.301804,23.700501],[121.301706,23.7005],[121.301707,23.700409]],[[121.297883,23.700367],[121.297687,23.700365],[121.297593,23.700093],[121.297984,23.700188],[121.297883,23.700367]],[[121.297982,23.700278],[121.298079,23.700369],[121.297981,23.700368],[121.297982,23.700278]],[[121.298082,23.700189],[121.298278,23.700191],[121.298275,23.700372],[121.298177,23.70037],[121.298082,23.700189]],[[121.302493,23.700328],[121.302393,23.700417],[121.302395,23.700326],[121.302493,23.700328]],[[121.302395,23.700326],[121.302298,23.700235],[121.302396,23.700236],[121.302395,23.700326]],[[121.296218,23.700259],[121.296121,23.700167],[121.296219,23.700168],[121.296218,23.700259]],[[121.29622,23.700078],[121.296416,23.70008],[121.296415,23.70017],[121.296219,23.700168],[121.29622,23.700078]],[[121.295926,23.700075],[121.296023,23.700166],[121.295925,23.700165],[121.295926,23.700075]],[[121.301907,23.700141],[121.302004,23.700232],[121.301906,23.700231],[121.301907,23.700141]],[[121.298181,23.7001],[121.298084,23.700008],[121.298182,23.700009],[121.298181,23.7001]],[[121.298182,23.700009],[121.298281,23.69992],[121.29828,23.70001],[121.298182,23.700009]],[[121.296812,23.699814],[121.296909,23.699905],[121.296811,23.699904],[121.296812,23.699814]],[[121.296029,23.699715],[121.296125,23.699806],[121.296027,23.699805],[121.296029,23.699715]],[[121.298184,23.699829],[121.298186,23.699738],[121.298383,23.69965],[121.29838,23.699831],[121.298184,23.699829]],[[121.298383,23.69965],[121.298482,23.699561],[121.298481,23.699651],[121.298383,23.69965]],[[121.29652,23.69963],[121.296617,23.699721],[121.296519,23.69972],[121.29652,23.69963]],[[121.301226,23.699682],[121.301225,23.699772],[121.301029,23.69977],[121.30103,23.699679],[121.301226,23.699682]],[[121.293777,23.699419],[121.293776,23.699509],[121.29358,23.699507],[121.293581,23.699417],[121.293777,23.699419]],[[121.295444,23.699437],[121.295541,23.699529],[121.295443,23.699528],[121.295444,23.699437]],[[121.295836,23.699442],[121.295835,23.699532],[121.295639,23.69953],[121.29564,23.69944],[121.295836,23.699442]],[[121.294662,23.699248],[121.294759,23.69934],[121.294955,23.699342],[121.294954,23.699432],[121.294659,23.699429],[121.294662,23.699248]],[[121.296623,23.69927],[121.29672,23.699361],[121.296621,23.69936],[121.296623,23.69927]],[[121.2978,23.699192],[121.297897,23.699284],[121.297799,23.699283],[121.2978,23.699192]],[[121.300154,23.699218],[121.30025,23.69931],[121.300152,23.699309],[121.300154,23.699218]],[[121.302898,23.699339],[121.302706,23.698975],[121.303192,23.699342],[121.302898,23.699339]],[[121.301037,23.699138],[121.301134,23.699229],[121.301036,23.699228],[121.301037,23.699138]],[[121.295352,23.698985],[121.295448,23.699076],[121.29535,23.699075],[121.295352,23.698985]],[[121.297705,23.699011],[121.297802,23.699102],[121.297704,23.699101],[121.297705,23.699011]],[[121.299079,23.698936],[121.299076,23.699116],[121.298978,23.699115],[121.29898,23.698935],[121.299079,23.698936]],[[121.300842,23.699045],[121.300939,23.699137],[121.300841,23.699136],[121.300842,23.699045]],[[121.301332,23.699051],[121.301336,23.69878],[121.301142,23.698597],[121.301533,23.698692],[121.301434,23.698781],[121.301527,23.699143],[121.301332,23.699051]],[[121.301922,23.698967],[121.30192,23.699147],[121.301822,23.699146],[121.301824,23.698966],[121.301922,23.698967]],[[121.295647,23.698898],[121.295744,23.698989],[121.295646,23.698988],[121.295647,23.698898]],[[121.29849,23.698929],[121.298587,23.69902],[121.298489,23.699019],[121.29849,23.698929]],[[121.298689,23.698751],[121.298789,23.698571],[121.298595,23.698388],[121.298891,23.698301],[121.299084,23.698484],[121.299082,23.698665],[121.298884,23.698843],[121.298689,23.698751]],[[121.293396,23.698512],[121.293493,23.698603],[121.293395,23.698602],[121.293396,23.698512]],[[121.29928,23.698486],[121.299278,23.698667],[121.29918,23.698666],[121.299182,23.698485],[121.29928,23.698486]],[[121.303204,23.698439],[121.303202,23.698529],[121.303006,23.698527],[121.303007,23.698437],[121.303204,23.698439]],[[121.301244,23.698327],[121.301442,23.698149],[121.301636,23.698332],[121.301244,23.698327]],[[121.299285,23.698125],[121.29899,23.698212],[121.298604,23.697756],[121.298802,23.697578],[121.298998,23.69758],[121.299386,23.697946],[121.299285,23.698125]],[[121.299384,23.698036],[121.299481,23.698127],[121.299383,23.698126],[121.299384,23.698036]],[[121.302619,23.698162],[121.302716,23.698253],[121.302618,23.698252],[121.302619,23.698162]],[[121.292912,23.698055],[121.292622,23.697781],[121.292918,23.697604],[121.293111,23.697877],[121.292912,23.698055]],[[121.302032,23.698065],[121.30203,23.698155],[121.301834,23.698153],[121.301836,23.698063],[121.302032,23.698065]],[[121.299778,23.69795],[121.299679,23.698039],[121.29968,23.697949],[121.299778,23.69795]],[[121.29968,23.697949],[121.299583,23.697858],[121.299681,23.697859],[121.29968,23.697949]],[[121.303505,23.697901],[121.303609,23.69745],[121.303707,23.697451],[121.303701,23.697903],[121.303404,23.69808],[121.303407,23.6979],[121.303505,23.697901]],[[121.299977,23.697681],[121.300074,23.697773],[121.299976,23.697772],[121.299977,23.697681]],[[121.299883,23.697409],[121.29988,23.69759],[121.299782,23.697589],[121.299785,23.697408],[121.299883,23.697409]],[[121.300666,23.697508],[121.300278,23.697143],[121.300477,23.696964],[121.300673,23.696967],[121.300867,23.697149],[121.300864,23.69733],[121.300666,23.697508]],[[121.30137,23.696161],[121.30117,23.69643],[121.300877,23.696337],[121.300678,23.696605],[121.300482,23.696603],[121.300094,23.696238],[121.299896,23.696416],[121.299701,23.696324],[121.3001,23.695786],[121.300682,23.696244],[121.30098,23.695977],[121.301176,23.695979],[121.30137,23.696161]],[[121.299896,23.696416],[121.299993,23.696508],[121.299894,23.696506],[121.299896,23.696416]],[[121.30137,23.696161],[121.301469,23.696072],[121.301468,23.696163],[121.30137,23.696161]],[[121.301953,23.696529],[121.30205,23.69662],[121.301952,23.696619],[121.301953,23.696529]],[[121.301858,23.696347],[121.301857,23.696438],[121.30166,23.696436],[121.301662,23.696345],[121.301858,23.696347]],[[121.304608,23.696016],[121.304605,23.696197],[121.304507,23.696196],[121.30451,23.696015],[121.304608,23.696016]],[[121.301862,23.695986],[121.301959,23.696078],[121.301861,23.696077],[121.301862,23.695986]],[[121.302059,23.695988],[121.302155,23.69608],[121.302057,23.696079],[121.302059,23.695988]],[[121.302357,23.695631],[121.302454,23.695722],[121.302356,23.695721],[121.302357,23.695631]],[[121.300005,23.695514],[121.300102,23.695606],[121.300004,23.695605],[121.300005,23.695514]],[[121.306084,23.695581],[121.306181,23.695672],[121.306083,23.695671],[121.306084,23.695581]],[[121.300987,23.695435],[121.301084,23.695526],[121.300986,23.695525],[121.300987,23.695435]],[[121.299617,23.695239],[121.299619,23.695059],[121.299912,23.695152],[121.29991,23.695333],[121.299617,23.695239]],[[121.302558,23.695272],[121.302655,23.695363],[121.302557,23.695362],[121.302558,23.695272]],[[121.29913,23.694963],[121.299031,23.695052],[121.299032,23.694962],[121.29913,23.694963]],[[121.298934,23.694961],[121.298936,23.69478],[121.299034,23.694781],[121.299032,23.694962],[121.298934,23.694961]],[[121.30168,23.694901],[121.301777,23.694992],[121.301679,23.694991],[121.30168,23.694901]],[[121.299523,23.694877],[121.299526,23.694696],[121.299624,23.694698],[121.299719,23.694879],[121.299523,23.694877]],[[121.299721,23.694789],[121.29982,23.6947],[121.299819,23.69479],[121.299721,23.694789]],[[121.300015,23.694792],[121.300014,23.694882],[121.299818,23.69488],[121.299819,23.69479],[121.300015,23.694792]],[[121.306586,23.694684],[121.306585,23.694774],[121.306193,23.69477],[121.306194,23.694679],[121.306586,23.694684]],[[121.299235,23.694422],[121.299233,23.694603],[121.299037,23.694601],[121.299039,23.69442],[121.299235,23.694422]],[[121.300216,23.694433],[121.300214,23.694523],[121.300018,23.694521],[121.300019,23.694431],[121.300216,23.694433]],[[121.298845,23.694237],[121.298844,23.694328],[121.298451,23.694414],[121.298453,23.694233],[121.298845,23.694237]],[[121.299335,23.694243],[121.299045,23.693969],[121.299341,23.693791],[121.299534,23.694064],[121.299335,23.694243]],[[121.306497,23.69396],[121.306398,23.694049],[121.306399,23.693959],[121.306497,23.69396]],[[121.306399,23.693959],[121.306302,23.693868],[121.3064,23.693869],[121.306399,23.693959]],[[121.300323,23.693712],[121.300129,23.693529],[121.300325,23.693531],[121.300615,23.693896],[121.300321,23.693892],[121.300323,23.693712]],[[121.307185,23.693877],[121.307282,23.693969],[121.307184,23.693968],[121.307185,23.693877]],[[121.300622,23.693354],[121.300523,23.693443],[121.300524,23.693353],[121.300622,23.693354]],[[121.300426,23.693352],[121.300135,23.693078],[121.300137,23.692897],[121.300629,23.692812],[121.300821,23.693085],[121.300426,23.693352]],[[121.300137,23.692897],[121.30004,23.692806],[121.300139,23.692807],[121.300137,23.692897]],[[121.30004,23.692806],[121.299645,23.693072],[121.299452,23.692799],[121.29985,23.692352],[121.29956,23.692078],[121.299068,23.692163],[121.299169,23.691984],[121.298877,23.6918],[121.298879,23.691619],[121.298196,23.691341],[121.298494,23.691073],[121.298496,23.690893],[121.298109,23.690527],[121.298308,23.690258],[121.2986,23.690442],[121.2988,23.690173],[121.299094,23.690177],[121.299194,23.689997],[121.299587,23.690002],[121.299974,23.690367],[121.300268,23.69037],[121.300267,23.690461],[121.300758,23.690376],[121.300952,23.690558],[121.300949,23.690829],[121.30134,23.690924],[121.301338,23.691014],[121.301735,23.690657],[121.301247,23.690471],[121.301249,23.690381],[121.30213,23.690481],[121.302222,23.690933],[121.302614,23.690938],[121.302714,23.690758],[121.303006,23.690942],[121.302509,23.691478],[121.302412,23.691387],[121.302313,23.691476],[121.301824,23.691381],[121.301724,23.69156],[121.301527,23.691558],[121.301432,23.691376],[121.300845,23.69128],[121.300651,23.691097],[121.300751,23.690917],[121.300558,23.690735],[121.300262,23.690822],[121.300261,23.690912],[121.299772,23.690816],[121.299773,23.690726],[121.299575,23.690904],[121.299379,23.690902],[121.299283,23.690721],[121.298891,23.690716],[121.298592,23.691074],[121.298885,23.691168],[121.298883,23.691348],[121.299076,23.691531],[121.299371,23.691534],[121.299372,23.691444],[121.299861,23.69154],[121.29986,23.69163],[121.300841,23.69155],[121.300738,23.69191],[121.300344,23.692087],[121.30044,23.692268],[121.300244,23.692266],[121.299946,23.692534],[121.300043,23.692625],[121.30004,23.692806]],[[121.30044,23.692268],[121.300537,23.69236],[121.300439,23.692359],[121.30044,23.692268]],[[121.307191,23.693426],[121.307288,23.693517],[121.307189,23.693516],[121.307191,23.693426]],[[121.305624,23.693228],[121.305529,23.693047],[121.305824,23.69296],[121.305728,23.692778],[121.30612,23.692782],[121.306117,23.693053],[121.30592,23.693141],[121.306015,23.693323],[121.305624,23.693228]],[[121.301115,23.693089],[121.301212,23.69318],[121.301114,23.693179],[121.301115,23.693089]],[[121.302006,23.692466],[121.302103,23.692558],[121.302005,23.692556],[121.302006,23.692466]],[[121.299165,23.692254],[121.299262,23.692346],[121.299164,23.692345],[121.299165,23.692254]],[[121.302204,23.692288],[121.302203,23.692378],[121.302007,23.692376],[121.302008,23.692286],[121.302204,23.692288]],[[121.298287,23.691884],[121.298384,23.691975],[121.298286,23.691974],[121.298287,23.691884]],[[121.301133,23.691734],[121.30123,23.691826],[121.301132,23.691824],[121.301133,23.691734]],[[121.302115,23.691655],[121.302211,23.691746],[121.302113,23.691745],[121.302115,23.691655]],[[121.308193,23.691721],[121.30829,23.691813],[121.308192,23.691812],[121.308193,23.691721]],[[121.305646,23.691513],[121.305355,23.691329],[121.305457,23.690969],[121.305262,23.690876],[121.305366,23.690426],[121.305755,23.690701],[121.305753,23.690882],[121.305554,23.69106],[121.305846,23.691244],[121.305646,23.691513]],[[121.309177,23.691461],[121.309176,23.691551],[121.308882,23.691548],[121.308883,23.691458],[121.309177,23.691461]],[[121.308101,23.691269],[121.308004,23.691177],[121.308102,23.691178],[121.308101,23.691269]],[[121.308103,23.691088],[121.308692,23.691095],[121.308693,23.691004],[121.309086,23.690918],[121.309179,23.691281],[121.309083,23.691189],[121.308983,23.691278],[121.308886,23.691187],[121.308787,23.691276],[121.308591,23.691274],[121.308592,23.691184],[121.308199,23.69127],[121.308103,23.691088]],[[121.306044,23.691066],[121.306046,23.690975],[121.306242,23.690977],[121.30624,23.691068],[121.306044,23.691066]],[[121.306242,23.690977],[121.306341,23.690888],[121.30634,23.690979],[121.306242,23.690977]],[[121.301245,23.690652],[121.301342,23.690743],[121.301244,23.690742],[121.301245,23.690652]],[[121.309481,23.690742],[121.309577,23.690833],[121.309479,23.690832],[121.309481,23.690742]],[[121.310463,23.690572],[121.31056,23.690663],[121.310462,23.690662],[121.310463,23.690572]],[[121.310757,23.690575],[121.310854,23.690667],[121.310756,23.690666],[121.310757,23.690575]],[[121.301052,23.690379],[121.301149,23.69047],[121.301051,23.690469],[121.301052,23.690379]],[[121.306151,23.690435],[121.306247,23.690526],[121.306149,23.690525],[121.306151,23.690435]],[[121.310071,23.690568],[121.309974,23.690476],[121.310072,23.690478],[121.310071,23.690568]],[[121.310072,23.690478],[121.310171,23.690388],[121.31017,23.690479],[121.310072,23.690478]],[[121.311347,23.690491],[121.311444,23.690583],[121.311346,23.690582],[121.311347,23.690491]],[[121.309681,23.690383],[121.309778,23.690474],[121.30968,23.690473],[121.309681,23.690383]],[[121.310665,23.690123],[121.310471,23.68994],[121.310667,23.689942],[121.310665,23.690123]],[[121.305374,23.689794],[121.305372,23.689975],[121.305274,23.689974],[121.305276,23.689793],[121.305374,23.689794]],[[121.308118,23.689914],[121.308215,23.690006],[121.308117,23.690005],[121.308118,23.689914]],[[121.311452,23.689951],[121.311549,23.690042],[121.311451,23.690041],[121.311452,23.689951]],[[121.307727,23.68982],[121.307824,23.689911],[121.307726,23.68991],[121.307727,23.68982]],[[121.309786,23.689842],[121.309785,23.689933],[121.309589,23.68993],[121.30959,23.68984],[121.309786,23.689842]],[[121.310571,23.689851],[121.310377,23.689668],[121.309885,23.689753],[121.309888,23.689573],[121.310379,23.689488],[121.31048,23.689308],[121.310676,23.68931],[121.310477,23.689489],[121.310571,23.689851]],[[121.309593,23.68966],[121.309689,23.689751],[121.309591,23.68975],[121.309593,23.68966]],[[121.311063,23.689676],[121.31116,23.689767],[121.311062,23.689766],[121.311063,23.689676]],[[121.307927,23.689551],[121.307929,23.689371],[121.308027,23.689372],[121.308025,23.689552],[121.307927,23.689551]],[[121.308027,23.689372],[121.308127,23.689282],[121.308125,23.689373],[121.308027,23.689372]],[[121.309694,23.68939],[121.309791,23.689481],[121.309693,23.68948],[121.309694,23.68939]],[[121.310874,23.689132],[121.310775,23.689221],[121.310776,23.689131],[121.310874,23.689132]],[[121.31058,23.689129],[121.310582,23.688948],[121.310878,23.688861],[121.310875,23.689042],[121.31058,23.689129]],[[121.311169,23.689045],[121.31107,23.689134],[121.311071,23.689044],[121.311169,23.689045]],[[121.311071,23.689044],[121.310974,23.688952],[121.311072,23.688953],[121.311071,23.689044]],[[121.311572,23.688236],[121.311767,23.688329],[121.311765,23.688509],[121.311568,23.688507],[121.311467,23.688777],[121.311271,23.688775],[121.311274,23.688504],[121.31147,23.688506],[121.311572,23.688236]],[[121.311572,23.688236],[121.311475,23.688145],[121.311378,23.688054],[121.311574,23.688056],[121.311572,23.688236]],[[121.311088,23.68778],[121.31069,23.688227],[121.310493,23.688225],[121.310393,23.688404],[121.310197,23.688402],[121.309999,23.68858],[121.3101,23.688311],[121.310296,23.688313],[121.310595,23.687955],[121.310791,23.687957],[121.31109,23.687599],[121.311286,23.687601],[121.311284,23.687782],[121.311088,23.68778]],[[121.311286,23.687601],[121.311385,23.687512],[121.311384,23.687602],[121.311286,23.687601]],[[121.309515,23.688033],[121.309513,23.688214],[121.309415,23.688213],[121.309417,23.688032],[121.309515,23.688033]],[[121.312161,23.688153],[121.312258,23.688244],[121.31216,23.688243],[121.312161,23.688153]],[[121.312361,23.687884],[121.312362,23.687794],[121.312656,23.687797],[121.312752,23.687978],[121.312064,23.688061],[121.312067,23.687881],[121.312361,23.687884]],[[121.309033,23.687396],[121.309422,23.687671],[121.309222,23.68794],[121.308834,23.687665],[121.309033,23.687396]],[[121.308934,23.687485],[121.308837,23.687394],[121.308935,23.687395],[121.308934,23.687485]],[[121.311675,23.687876],[121.311771,23.687968],[121.311673,23.687967],[121.311675,23.687876]],[[121.31188,23.687156],[121.311977,23.687248],[121.311879,23.687246],[121.31188,23.687156]],[[121.311111,23.685974],[121.311208,23.686065],[121.31111,23.686064],[121.311111,23.685974]]],[[[121.296846,23.697195],[121.29724,23.697019],[121.297241,23.696929],[121.297732,23.696934],[121.297831,23.696845],[121.297638,23.696572],[121.297442,23.69657],[121.297445,23.696389],[121.297346,23.696388],[121.297447,23.696209],[121.297058,23.695933],[121.29716,23.695664],[121.296769,23.695569],[121.296768,23.695659],[121.296472,23.695746],[121.296279,23.695564],[121.296178,23.695743],[121.295786,23.695739],[121.295684,23.696009],[121.295878,23.696191],[121.295681,23.69628],[121.295775,23.696551],[121.295577,23.69673],[121.29587,23.696823],[121.29607,23.696555],[121.296559,23.69665],[121.296752,23.696833],[121.296749,23.697104],[121.296846,23.697195]],[[121.296074,23.696194],[121.296171,23.696285],[121.296073,23.696284],[121.296074,23.696194]],[[121.296958,23.696113],[121.296957,23.696203],[121.296761,23.696201],[121.296762,23.696111],[121.296958,23.696113]]]]}},{"type":"Feature","properties":{"kind":"water","month":"2026-01","area_ha":14.08},"geometry":{"type":"MultiPolygon","coordinates":[[[[121.283006,23.690722],[121.282615,23.690627],[121.282515,23.690806],[121.282906,23.690901],[121.283006,23.690722]]],[[[121.298432,23.695858],[121.298433,23.695768],[121.298727,23.695771],[121.298632,23.69559],[121.298828,23.695592],[121.29902,23.695865],[121.299414,23.695779],[121.299514,23.695599],[121.29922,23.695596],[121.299222,23.695415],[121.299418,23.695418],[121.299421,23.695237],[121.299127,23.695234],[121.299123,23.695505],[121.298927,23.695503],[121.299026,23.695413],[121.298932,23.695141],[121.298832,23.695231],[121.298343,23.695135],[121.298443,23.695046],[121.298447,23.694685],[121.298349,23.694684],[121.298246,23.695044],[121.298053,23.694861],[121.298049,23.695132],[121.297951,23.695131],[121.297948,23.695401],[121.298046,23.695403],[121.297942,23.695853],[121.29804,23.695854],[121.298037,23.696035],[121.298236,23.695856],[121.298432,23.695858]]],[[[121.292115,23.699039],[121.29231,23.699132],[121.292312,23.698951],[121.292214,23.69895],[121.292317,23.69859],[121.292123,23.698407],[121.292127,23.698137],[121.291836,23.697863],[121.291938,23.697593],[121.291839,23.697592],[121.291745,23.69732],[121.291452,23.697226],[121.291456,23.696955],[121.291357,23.696954],[121.29136,23.696774],[121.291659,23.696416],[121.291365,23.696413],[121.291172,23.69614],[121.290878,23.696136],[121.290782,23.695955],[121.289997,23.696036],[121.289806,23.695583],[121.289512,23.695579],[121.28932,23.695306],[121.289027,23.695213],[121.288925,23.695483],[121.288728,23.695571],[121.288726,23.695751],[121.288429,23.695929],[121.288426,23.696199],[121.288917,23.696115],[121.288915,23.696295],[121.289108,23.696478],[121.289304,23.69648],[121.289302,23.696661],[121.289788,23.697027],[121.289785,23.697208],[121.29027,23.697665],[121.290553,23.69848],[121.291522,23.699394],[121.292012,23.6994],[121.292115,23.699039]]],[[[121.30095,23.698324],[121.300952,23.698143],[121.300559,23.698229],[121.300555,23.6985],[121.30095,23.698324]]],[[[121.299962,23.698855],[121.299963,23.698765],[121.300454,23.69877],[121.300452,23.69886],[121.300256,23.698858],[121.300254,23.699039],[121.30045,23.699041],[121.30075,23.698593],[121.299868,23.698583],[121.299866,23.698673],[121.299572,23.69867],[121.29957,23.698851],[121.299177,23.698937],[121.299175,23.699027],[121.299566,23.699122],[121.299368,23.6993],[121.299662,23.699303],[121.299766,23.698853],[121.299962,23.698855]]],[[[121.292703,23.699046],[121.292314,23.698771],[121.292312,23.698951],[121.292703,23.699046]]],[[[121.292703,23.699046],[121.2928,23.699137],[121.292801,23.699047],[121.292703,23.699046]]],[[[121.292799,23.699228],[121.292898,23.699138],[121.2928,23.699137],[121.292799,23.699228]]],[[[121.294648,23.700332],[121.29465,23.700151],[121.294453,23.700239],[121.294455,23.700059],[121.293281,23.699865],[121.293087,23.699682],[121.293091,23.699411],[121.292798,23.699318],[121.292794,23.699589],[121.293183,23.699864],[121.293178,23.700225],[121.293469,23.700499],[121.293763,23.700502],[121.293866,23.700142],[121.294648,23.700332]],[[121.293866,23.700142],[121.293769,23.700051],[121.293867,23.700052],[121.293866,23.700142]]],[[[121.297395,23.700181],[121.297492,23.700273],[121.297493,23.700182],[121.297395,23.700181]]],[[[121.296708,23.700264],[121.296512,23.700262],[121.296511,23.700352],[121.296707,23.700354],[121.296704,23.700535],[121.2969,23.700537],[121.296806,23.700265],[121.297295,23.700361],[121.297397,23.700091],[121.297004,23.700087],[121.297003,23.700177],[121.296709,23.700174],[121.296708,23.700264]]],[[[121.294646,23.700422],[121.294746,23.700333],[121.294648,23.700332],[121.294646,23.700422]]],[[[121.295726,23.700343],[121.295727,23.700253],[121.295531,23.700251],[121.295528,23.700522],[121.296214,23.700529],[121.29602,23.700347],[121.295726,23.700343]]],[[[121.296509,23.700442],[121.296511,23.700352],[121.296314,23.70035],[121.296313,23.70044],[121.296509,23.700442]]],[[[121.296214,23.700529],[121.296212,23.70071],[121.296506,23.700713],[121.29641,23.700532],[121.296214,23.700529]]],[[[121.311089,23.687689],[121.311188,23.6876],[121.31109,23.687599],[121.311089,23.687689]]],[[[121.311186,23.687781],[121.311285,23.687692],[121.311187,23.68769],[121.311186,23.687781]]],[[[121.312752,23.687978],[121.312656,23.687797],[121.312362,23.687794],[121.312361,23.687884],[121.312067,23.687881],[121.312064,23.688061],[121.312752,23.687978]]],[[[121.313244,23.687803],[121.313142,23.688163],[121.313533,23.688258],[121.313537,23.687897],[121.313244,23.687803]]],[[[121.310393,23.688404],[121.310493,23.688225],[121.31069,23.688227],[121.311086,23.68787],[121.311089,23.687689],[121.310791,23.687957],[121.310595,23.687955],[121.310296,23.688313],[121.3101,23.688311],[121.309999,23.68858],[121.310197,23.688402],[121.310393,23.688404]]],[[[121.311765,23.688509],[121.311767,23.688329],[121.311571,23.688327],[121.311568,23.688507],[121.311765,23.688509]]],[[[121.311469,23.688597],[121.311568,23.688507],[121.311274,23.688504],[121.311271,23.688775],[121.311467,23.688777],[121.311469,23.688597]]],[[[121.310476,23.689579],[121.310477,23.689489],[121.310085,23.689484],[121.310084,23.689575],[121.309888,23.689573],[121.309885,23.689753],[121.31018,23.689756],[121.310181,23.689666],[121.310476,23.689579]]],[[[121.308787,23.691276],[121.308788,23.691186],[121.308983,23.691278],[121.308986,23.691098],[121.30879,23.691096],[121.308791,23.691005],[121.308692,23.691095],[121.308103,23.691088],[121.308199,23.69127],[121.308493,23.691273],[121.308494,23.691183],[121.308787,23.691276]]],[[[121.308003,23.691268],[121.308102,23.691178],[121.308004,23.691177],[121.308003,23.691268]]],[[[121.304822,23.694574],[121.304624,23.694752],[121.30482,23.694755],[121.304822,23.694574]]],[[[121.304116,23.696101],[121.304312,23.696103],[121.304218,23.695832],[121.304615,23.695475],[121.30491,23.695388],[121.305013,23.695028],[121.305406,23.694942],[121.305408,23.694761],[121.305606,23.694673],[121.305512,23.694311],[121.305609,23.694402],[121.306101,23.694317],[121.306102,23.694227],[121.305809,23.694133],[121.305811,23.693953],[121.305713,23.693952],[121.305711,23.694132],[121.305516,23.69404],[121.305413,23.6944],[121.305217,23.694398],[121.305215,23.694578],[121.305016,23.694757],[121.30482,23.694755],[121.304621,23.695023],[121.304424,23.695021],[121.304323,23.695291],[121.304029,23.695288],[121.304028,23.695378],[121.303733,23.695375],[121.303732,23.695465],[121.303339,23.695551],[121.303335,23.695822],[121.303139,23.69582],[121.302742,23.696177],[121.302636,23.696807],[121.30214,23.697254],[121.301945,23.697161],[121.301943,23.697342],[121.301352,23.697516],[121.301251,23.697786],[121.300954,23.697963],[121.300952,23.698143],[121.301148,23.698146],[121.301348,23.697877],[121.301445,23.697968],[121.30174,23.697881],[121.301742,23.697701],[121.302333,23.697527],[121.302335,23.697346],[121.302629,23.697349],[121.302632,23.697169],[121.303026,23.696992],[121.30303,23.696721],[121.303128,23.696723],[121.303331,23.696183],[121.30382,23.696279],[121.303921,23.696009],[121.304117,23.696011],[121.304116,23.696101]],[[121.302934,23.69654],[121.303033,23.696451],[121.303032,23.696541],[121.302934,23.69654]],[[121.304021,23.69592],[121.30412,23.69583],[121.304119,23.695921],[121.304021,23.69592]]],[[[121.30382,23.696279],[121.303917,23.69637],[121.303918,23.69628],[121.30382,23.696279]]],[[[121.30075,23.698593],[121.300849,23.698504],[121.300751,23.698502],[121.30075,23.698593]]],[[[121.301532,23.698782],[121.301436,23.6986],[121.301142,23.698597],[121.301336,23.69878],[121.301429,23.699142],[121.301527,23.699143],[121.30153,23.698963],[121.301432,23.698961],[121.301434,23.698781],[121.301532,23.698782]]]]}}]}