{"type":"FeatureCollection","features":[{"type":"Feature","properties":{"kind":"bare_slide","month":"2026-02","area_ha":481.27},"geometry":{"type":"MultiPolygon","coordinates":[[[[121.293889,23.705922],[121.294085,23.705924],[121.294283,23.705746],[121.29419,23.705383],[121.293896,23.70538],[121.293894,23.70547],[121.293599,23.705557],[121.293597,23.705738],[121.293695,23.705739],[121.293593,23.706009],[121.293788,23.706101],[121.293889,23.705922]]],[[[121.294564,23.706742],[121.294763,23.706564],[121.29457,23.706291],[121.294276,23.706287],[121.294082,23.706105],[121.293983,23.706194],[121.293788,23.706101],[121.29359,23.70628],[121.293682,23.706732],[121.29388,23.706554],[121.294272,23.706558],[121.294173,23.706647],[121.294269,23.706829],[121.294564,23.706742]]],[[[121.302359,23.72579],[121.302557,23.725702],[121.302464,23.72525],[121.302858,23.725164],[121.30296,23.724804],[121.303257,23.724626],[121.303645,23.724992],[121.303543,23.725262],[121.303738,23.725354],[121.303639,23.725443],[121.303733,23.725715],[121.303635,23.725714],[121.303534,23.725984],[121.303339,23.725892],[121.30314,23.72607],[121.303036,23.72652],[121.303328,23.726704],[121.303429,23.726525],[121.303723,23.726528],[121.303921,23.726349],[121.303834,23.725536],[121.304129,23.725449],[121.304127,23.725629],[121.304417,23.725903],[121.304415,23.726084],[121.304317,23.726083],[121.304412,23.726355],[121.304214,23.726443],[121.304212,23.726624],[121.30489,23.727263],[121.304983,23.727716],[121.30537,23.728081],[121.305957,23.728178],[121.306052,23.72845],[121.306249,23.728362],[121.306155,23.72809],[121.30596,23.727997],[121.305962,23.727817],[121.305475,23.72754],[121.305479,23.727269],[121.305091,23.726904],[121.304797,23.726901],[121.304506,23.726627],[121.304509,23.726446],[121.304805,23.726269],[121.304714,23.725726],[121.30452,23.725543],[121.304619,23.725454],[121.305011,23.725549],[121.305308,23.725281],[121.305695,23.725737],[121.305794,23.725648],[121.306283,23.725743],[121.306679,23.725477],[121.306783,23.725026],[121.306686,23.724935],[121.306292,23.725021],[121.306197,23.724839],[121.305902,23.724836],[121.305901,23.724926],[121.305509,23.724922],[121.305309,23.725191],[121.305213,23.725099],[121.305113,23.725189],[121.305016,23.725097],[121.304525,23.725182],[121.304235,23.724818],[121.304039,23.724816],[121.303749,23.724542],[121.303752,23.724271],[121.303364,23.723905],[121.303563,23.723727],[121.303759,23.723729],[121.304057,23.723461],[121.304059,23.723281],[121.304353,23.723284],[121.304449,23.723466],[121.304645,23.723468],[121.304646,23.723378],[121.304743,23.723469],[121.305234,23.723474],[121.30562,23.72393],[121.305915,23.723843],[121.306019,23.723393],[121.305824,23.7233],[121.30573,23.723028],[121.305532,23.723116],[121.30553,23.723297],[121.305236,23.723294],[121.304945,23.72302],[121.304749,23.723017],[121.304948,23.722839],[121.305044,23.72293],[121.305242,23.722842],[121.305244,23.722662],[121.305146,23.722661],[121.305248,23.722391],[121.304758,23.722295],[121.304861,23.721935],[121.304667,23.721752],[121.304371,23.72193],[121.304464,23.722292],[121.303287,23.722279],[121.303095,23.722006],[121.302801,23.722003],[121.302803,23.721822],[121.302609,23.721639],[121.302616,23.721098],[121.302518,23.721097],[121.302617,23.721007],[121.302626,23.720375],[121.302527,23.720374],[121.30263,23.720014],[121.302532,23.720013],[121.302439,23.719651],[121.302636,23.719563],[121.302739,23.719203],[121.303131,23.719207],[121.303233,23.718937],[121.303528,23.71885],[121.303826,23.718583],[121.303828,23.718402],[121.304024,23.718404],[121.304224,23.718136],[121.304713,23.718231],[121.30461,23.718591],[121.304708,23.718592],[121.304705,23.718863],[121.3049,23.718956],[121.304798,23.719225],[121.305091,23.719319],[121.30509,23.719409],[121.305485,23.719233],[121.305391,23.718871],[121.305196,23.718778],[121.305104,23.718326],[121.305301,23.718238],[121.305397,23.718419],[121.305593,23.718421],[121.305692,23.718332],[121.3056,23.71788],[121.305796,23.717882],[121.305794,23.718062],[121.305988,23.718245],[121.305983,23.718606],[121.306081,23.718607],[121.306176,23.718879],[121.30647,23.718883],[121.306668,23.718704],[121.306575,23.718342],[121.30717,23.717807],[121.306975,23.717714],[121.306974,23.717804],[121.306581,23.71789],[121.306583,23.71771],[121.306681,23.717711],[121.306585,23.717529],[121.306389,23.717527],[121.306289,23.717707],[121.306094,23.717614],[121.306096,23.717434],[121.306291,23.717526],[121.306392,23.717347],[121.306294,23.717346],[121.306298,23.716984],[121.306005,23.716891],[121.30601,23.71653],[121.306207,23.716442],[121.306211,23.716171],[121.306409,23.715992],[121.3068,23.716087],[121.307594,23.715373],[121.307504,23.71474],[121.307309,23.714648],[121.307215,23.714376],[121.307017,23.714464],[121.307022,23.714103],[121.307119,23.714194],[121.307316,23.714106],[121.307318,23.713925],[121.307125,23.713743],[121.307322,23.713654],[121.307328,23.713203],[121.307723,23.712936],[121.307727,23.712666],[121.307924,23.712577],[121.307935,23.711765],[121.308132,23.711677],[121.308136,23.711406],[121.308529,23.71132],[121.308531,23.711139],[121.308337,23.710957],[121.308635,23.710689],[121.308926,23.710963],[121.309122,23.710965],[121.30932,23.710787],[121.309228,23.710334],[121.309525,23.710157],[121.309431,23.709795],[121.309136,23.709882],[121.308942,23.709699],[121.308744,23.709877],[121.30855,23.709695],[121.308553,23.709424],[121.308752,23.709245],[121.308946,23.709428],[121.309045,23.709339],[121.309338,23.709432],[121.309337,23.709523],[121.309534,23.709435],[121.309542,23.708803],[121.309445,23.708711],[121.309543,23.708712],[121.309548,23.708351],[121.309745,23.708263],[121.30975,23.707902],[121.309652,23.707901],[121.309752,23.707721],[121.309557,23.707629],[121.309454,23.707989],[121.308867,23.707892],[121.30877,23.707801],[121.308877,23.70717],[121.308584,23.707076],[121.308294,23.706712],[121.307999,23.706799],[121.307805,23.706616],[121.308202,23.70626],[121.308217,23.705086],[121.308316,23.704997],[121.308121,23.704904],[121.308124,23.704724],[121.30793,23.704541],[121.308036,23.70391],[121.308134,23.703911],[121.308237,23.703551],[121.308042,23.703459],[121.308044,23.703278],[121.308142,23.703279],[121.30815,23.702647],[121.308052,23.702646],[121.308056,23.702375],[121.307958,23.702374],[121.308063,23.701833],[121.307868,23.701741],[121.307669,23.701919],[121.307477,23.701646],[121.307675,23.701468],[121.307869,23.701651],[121.308066,23.701563],[121.307969,23.701471],[121.308079,23.700569],[121.308177,23.70057],[121.30818,23.70039],[121.307985,23.700297],[121.308088,23.699847],[121.308287,23.699669],[121.30829,23.699398],[121.308484,23.69958],[121.308781,23.699403],[121.308587,23.69922],[121.308695,23.698409],[121.3085,23.698316],[121.308503,23.698136],[121.308309,23.697953],[121.308505,23.697955],[121.308699,23.698138],[121.308802,23.697778],[121.308704,23.697777],[121.308714,23.696964],[121.307932,23.696775],[121.308031,23.696686],[121.307937,23.696414],[121.308134,23.696326],[121.308238,23.695876],[121.308533,23.695788],[121.308636,23.695428],[121.308343,23.695335],[121.308443,23.695155],[121.308248,23.695063],[121.308253,23.694702],[121.308155,23.694701],[121.308255,23.694521],[121.307962,23.694428],[121.307866,23.694246],[121.307572,23.694243],[121.307574,23.694153],[121.307377,23.69415],[121.306981,23.694507],[121.306971,23.69523],[121.307167,23.695232],[121.307166,23.695322],[121.30697,23.69532],[121.306968,23.6955],[121.307163,23.695593],[121.306964,23.695771],[121.306955,23.696494],[121.306856,23.696583],[121.306267,23.696576],[121.306167,23.696756],[121.305481,23.696748],[121.304191,23.697908],[121.304185,23.69836],[121.303988,23.698448],[121.303982,23.698899],[121.303785,23.698987],[121.303781,23.699258],[121.303683,23.699257],[121.303774,23.6998],[121.303577,23.699888],[121.303575,23.700069],[121.303477,23.700067],[121.30348,23.699797],[121.303382,23.699796],[121.302985,23.700152],[121.302972,23.701146],[121.302675,23.701413],[121.302086,23.701407],[121.301986,23.701586],[121.299927,23.701564],[121.299926,23.701654],[121.299535,23.701559],[121.299434,23.701739],[121.29924,23.701646],[121.29904,23.701915],[121.298844,23.701913],[121.298553,23.701639],[121.298363,23.701185],[121.297873,23.70118],[121.297772,23.701359],[121.298063,23.701633],[121.297765,23.701901],[121.29728,23.701534],[121.297179,23.701714],[121.296885,23.701711],[121.296588,23.701978],[121.296095,23.702154],[121.296282,23.702878],[121.296184,23.702877],[121.296179,23.703238],[121.295982,23.703326],[121.295978,23.703597],[121.296173,23.703689],[121.296363,23.704143],[121.296167,23.704141],[121.295969,23.704319],[121.295966,23.7045],[121.295868,23.704499],[121.295964,23.70468],[121.295768,23.704678],[121.295669,23.704768],[121.295764,23.704949],[121.295369,23.705216],[121.295466,23.705307],[121.295364,23.705577],[121.295462,23.705578],[121.295554,23.70603],[121.295358,23.706028],[121.29506,23.706296],[121.295056,23.706657],[121.294858,23.706745],[121.294856,23.706926],[121.294561,23.707013],[121.294755,23.707196],[121.294752,23.707376],[121.294158,23.707821],[121.294156,23.708002],[121.294254,23.708003],[121.294144,23.708904],[121.29385,23.708901],[121.293749,23.709081],[121.293553,23.709079],[121.293351,23.709528],[121.293056,23.709615],[121.293054,23.709795],[121.292856,23.709884],[121.292751,23.710424],[121.292355,23.710691],[121.292353,23.710871],[121.292156,23.710959],[121.292053,23.711319],[121.291757,23.711497],[121.291454,23.712126],[121.29096,23.712391],[121.290858,23.712751],[121.290659,23.712929],[121.290463,23.712927],[121.290165,23.713195],[121.290163,23.713375],[121.289964,23.713554],[121.289768,23.713552],[121.289272,23.713998],[121.28927,23.714178],[121.289071,23.714357],[121.288776,23.714444],[121.288674,23.714713],[121.28838,23.71471],[121.288284,23.714529],[121.288088,23.714526],[121.287895,23.714344],[121.287596,23.714702],[121.287303,23.714608],[121.2872,23.714968],[121.287004,23.714966],[121.287005,23.714876],[121.286809,23.714873],[121.286811,23.714693],[121.286909,23.714694],[121.286815,23.714422],[121.286029,23.714504],[121.285928,23.714773],[121.286319,23.714868],[121.286316,23.715049],[121.285918,23.715496],[121.285427,23.715581],[121.285227,23.715849],[121.284734,23.716024],[121.284238,23.71647],[121.283847,23.716376],[121.283649,23.716554],[121.283646,23.716735],[121.283352,23.716731],[121.283353,23.716641],[121.282862,23.716726],[121.282861,23.716816],[121.282666,23.716724],[121.282565,23.716903],[121.282953,23.717269],[121.28295,23.717449],[121.282654,23.717627],[121.282848,23.717809],[121.282842,23.718261],[121.282549,23.718167],[121.28235,23.718346],[121.282348,23.718526],[121.281954,23.718612],[121.281952,23.718793],[121.28146,23.718878],[121.281654,23.71906],[121.281652,23.719241],[121.281554,23.71924],[121.281649,23.719421],[121.281847,23.719333],[121.281752,23.719061],[121.28195,23.718973],[121.281948,23.719064],[121.282145,23.719066],[121.282043,23.719336],[121.28214,23.719427],[121.282435,23.71934],[121.28253,23.719612],[121.282628,23.719613],[121.282627,23.719703],[121.282331,23.71979],[121.282423,23.720243],[121.28213,23.720149],[121.282035,23.719968],[121.281738,23.720145],[121.281735,23.720416],[121.281537,23.720504],[121.281534,23.720775],[121.28173,23.720777],[121.281727,23.720957],[121.282806,23.720969],[121.282801,23.72133],[121.282998,23.721333],[121.282995,23.721513],[121.283191,23.721515],[121.283187,23.721877],[121.283384,23.721788],[121.283578,23.721971],[121.283767,23.722515],[121.283962,23.722608],[121.283959,23.722788],[121.284155,23.72279],[121.284153,23.722971],[121.284252,23.722882],[121.284448,23.722884],[121.284447,23.722974],[121.28533,23.722984],[121.285234,23.722802],[121.285531,23.722625],[121.285724,23.722808],[121.285526,23.722986],[121.285524,23.723167],[121.28572,23.723169],[121.285717,23.723349],[121.286307,23.723266],[121.286305,23.723446],[121.286501,23.723448],[121.286498,23.723629],[121.286694,23.723631],[121.286692,23.723812],[121.286888,23.723814],[121.286886,23.723994],[121.287278,23.723999],[121.287276,23.724179],[121.287668,23.724184],[121.287666,23.724364],[121.287862,23.724366],[121.287857,23.724728],[121.288053,23.72473],[121.288051,23.72491],[121.288247,23.724913],[121.288242,23.725274],[121.288635,23.725278],[121.288632,23.725459],[121.288828,23.725461],[121.288826,23.725641],[121.290395,23.725659],[121.290393,23.725839],[121.290687,23.725842],[121.290985,23.725575],[121.291178,23.725758],[121.291176,23.725938],[121.291078,23.725937],[121.291172,23.726209],[121.291565,23.726213],[121.291562,23.726394],[121.293525,23.726325],[121.293527,23.726145],[121.29392,23.726149],[121.293922,23.725969],[121.29451,23.725975],[121.294513,23.725794],[121.294905,23.725799],[121.294903,23.725979],[121.295491,23.725986],[121.295489,23.726166],[121.295881,23.726171],[121.295879,23.726351],[121.296075,23.726353],[121.296072,23.726534],[121.296465,23.726538],[121.296462,23.726719],[121.296658,23.726721],[121.296656,23.726902],[121.297048,23.726906],[121.297346,23.726638],[121.297738,23.726643],[121.297737,23.726733],[121.29862,23.726743],[121.298617,23.726923],[121.298912,23.726926],[121.29891,23.727017],[121.299205,23.72702],[121.299203,23.72711],[121.299401,23.727022],[121.299309,23.72657],[121.299606,23.726302],[121.300292,23.7264],[121.300777,23.726766],[121.300977,23.726498],[121.301172,23.72659],[121.301568,23.726324],[121.301572,23.725962],[121.301963,23.726057],[121.302165,23.725608],[121.302359,23.72579]],[[121.306093,23.717705],[121.306288,23.717797],[121.306287,23.717887],[121.30609,23.717885],[121.306093,23.717705]],[[121.306096,23.717434],[121.305999,23.717342],[121.305803,23.71734],[121.305806,23.71716],[121.306099,23.717253],[121.306096,23.717434]],[[121.30829,23.699398],[121.308193,23.699306],[121.308292,23.699307],[121.30829,23.699398]],[[121.298553,23.701639],[121.298454,23.701728],[121.298455,23.701638],[121.298553,23.701639]],[[121.290659,23.712929],[121.290756,23.713021],[121.290658,23.71302],[121.290659,23.712929]],[[121.290363,23.713107],[121.290459,23.713198],[121.290361,23.713197],[121.290363,23.713107]],[[121.290459,23.713198],[121.290556,23.71329],[121.290458,23.713288],[121.290459,23.713198]],[[121.287694,23.714703],[121.287788,23.714975],[121.287689,23.715064],[121.287396,23.71497],[121.287694,23.714703]],[[121.302165,23.725608],[121.302069,23.725516],[121.302167,23.725517],[121.302165,23.725608]],[[121.29785,23.72556],[121.298045,23.725653],[121.298043,23.725833],[121.297848,23.725741],[121.29785,23.72556]],[[121.300497,23.72568],[121.300499,23.725499],[121.300598,23.7255],[121.300595,23.725681],[121.300497,23.72568]],[[121.301088,23.725506],[121.301184,23.725687],[121.300889,23.725684],[121.300891,23.725594],[121.301088,23.725506]],[[121.295695,23.725356],[121.295795,23.725267],[121.295793,23.725357],[121.295695,23.725356]],[[121.295696,23.725266],[121.2956,23.725174],[121.295698,23.725175],[121.295696,23.725266]],[[121.301778,23.725242],[121.301677,23.725422],[121.301481,23.72542],[121.301582,23.72524],[121.301778,23.725242]],[[121.297658,23.725287],[121.29766,23.725107],[121.297758,23.725108],[121.297756,23.725288],[121.297658,23.725287]],[[121.296776,23.725187],[121.29668,23.725096],[121.296778,23.725097],[121.296776,23.725187]],[[121.29962,23.725219],[121.299623,23.725038],[121.299721,23.725039],[121.299718,23.72522],[121.29962,23.725219]],[[121.295405,23.725082],[121.295407,23.724901],[121.295505,23.724902],[121.295503,23.725083],[121.295405,23.725082]],[[121.2957,23.724995],[121.295802,23.724725],[121.295998,23.724727],[121.295895,23.725087],[121.2957,23.724995]],[[121.297296,23.722936],[121.297103,23.722663],[121.29681,23.722569],[121.296611,23.722838],[121.296709,23.722839],[121.296705,23.72311],[121.2969,23.723202],[121.296898,23.723383],[121.296508,23.723198],[121.296406,23.723468],[121.296308,23.723466],[121.296399,23.724009],[121.296594,23.724102],[121.296592,23.724282],[121.296494,23.724281],[121.296583,23.725005],[121.296385,23.725093],[121.29639,23.724732],[121.296196,23.724549],[121.296395,23.72437],[121.296301,23.724008],[121.296204,23.723917],[121.296006,23.724095],[121.295811,23.724003],[121.29591,23.723914],[121.295817,23.723551],[121.296014,23.723463],[121.295827,23.722739],[121.296123,23.722652],[121.296027,23.72247],[121.296421,23.722384],[121.296424,23.722113],[121.29623,23.721931],[121.296333,23.72157],[121.296431,23.721572],[121.296433,23.721391],[121.29624,23.721208],[121.296438,23.72103],[121.296342,23.720848],[121.296539,23.72085],[121.296533,23.721302],[121.296728,23.721394],[121.296822,23.721666],[121.297019,23.721578],[121.297023,23.721307],[121.297218,23.7214],[121.297116,23.721669],[121.296919,23.721758],[121.297009,23.722391],[121.297302,23.722484],[121.297398,23.722666],[121.297595,23.722578],[121.297789,23.72276],[121.297882,23.723123],[121.297686,23.72312],[121.29759,23.722939],[121.297197,23.723025],[121.297296,23.722936]],[[121.296028,23.72238],[121.29583,23.722558],[121.295833,23.722287],[121.296028,23.72238]],[[121.295735,23.722286],[121.295738,23.722106],[121.295836,23.722107],[121.295833,23.722287],[121.295735,23.722286]],[[121.297197,23.723025],[121.297098,23.723114],[121.297099,23.723024],[121.297197,23.723025]],[[121.300602,23.725139],[121.300603,23.725049],[121.300799,23.725051],[121.300798,23.725141],[121.300602,23.725139]],[[121.297661,23.725016],[121.297668,23.724475],[121.297766,23.724476],[121.297759,23.725018],[121.297661,23.725016]],[[121.30179,23.724339],[121.301792,23.724159],[121.301988,23.724161],[121.301987,23.724251],[121.30238,23.724165],[121.302477,23.724257],[121.302471,23.724708],[121.302373,23.724707],[121.302272,23.724977],[121.301783,23.724881],[121.301584,23.72506],[121.301591,23.724518],[121.30179,23.724339]],[[121.299624,23.724948],[121.299527,23.724856],[121.299625,23.724857],[121.299624,23.724948]],[[121.295511,23.724451],[121.295519,23.723819],[121.295617,23.72382],[121.295714,23.723911],[121.295615,23.724001],[121.295613,23.724181],[121.295711,23.724182],[121.295605,23.724723],[121.295412,23.72454],[121.295511,23.724451]],[[121.29669,23.724283],[121.296692,23.724103],[121.296889,23.724105],[121.296984,23.724287],[121.297182,23.724198],[121.297178,23.724469],[121.296882,23.724647],[121.296884,23.724466],[121.29669,23.724283]],[[121.298259,23.724301],[121.298257,23.724481],[121.298058,23.72466],[121.298064,23.724208],[121.298259,23.724301]],[[121.299627,23.724677],[121.299727,23.724588],[121.299725,23.724678],[121.299627,23.724677]],[[121.299629,23.724587],[121.299532,23.724495],[121.29963,23.724496],[121.299629,23.724587]],[[121.299532,23.724495],[121.299435,23.724404],[121.299533,23.724405],[121.299532,23.724495]],[[121.296098,23.724548],[121.296001,23.724456],[121.296099,23.724457],[121.296098,23.724548]],[[121.295906,23.724275],[121.295907,23.724184],[121.296103,23.724187],[121.296102,23.724277],[121.295906,23.724275]],[[121.294535,23.724079],[121.294438,23.723988],[121.294536,23.723989],[121.294535,23.724079]],[[121.297186,23.723837],[121.297381,23.72393],[121.297379,23.72411],[121.297184,23.724018],[121.297186,23.723837]],[[121.299242,23.724131],[121.299244,23.72395],[121.299343,23.723951],[121.29934,23.724132],[121.299242,23.724131]],[[121.301302,23.724153],[121.301205,23.724062],[121.301303,23.724063],[121.301302,23.724153]],[[121.297086,23.724017],[121.296891,23.723924],[121.296893,23.723744],[121.297088,23.723836],[121.297086,23.724017]],[[121.296995,23.723474],[121.29719,23.723566],[121.297089,23.723746],[121.296991,23.723745],[121.296995,23.723474]],[[121.29797,23.723936],[121.297873,23.723845],[121.297971,23.723846],[121.29797,23.723936]],[[121.298558,23.723943],[121.298563,23.723582],[121.298661,23.723583],[121.298656,23.723944],[121.298558,23.723943]],[[121.294931,23.723812],[121.294834,23.723721],[121.294932,23.723722],[121.294931,23.723812]],[[121.297482,23.72375],[121.297385,23.723659],[121.297387,23.723478],[121.29768,23.723572],[121.297482,23.72375]],[[121.297289,23.723477],[121.297291,23.723297],[121.297389,23.723298],[121.297387,23.723478],[121.297289,23.723477]],[[121.297681,23.723482],[121.297779,23.723483],[121.297783,23.723212],[121.297881,23.723213],[121.297875,23.723664],[121.297681,23.723482]],[[121.287189,23.723275],[121.287389,23.723007],[121.287681,23.723191],[121.287481,23.723459],[121.287189,23.723275]],[[121.302781,23.723538],[121.302684,23.723446],[121.302782,23.723447],[121.302781,23.723538]],[[121.29229,23.723242],[121.292193,23.72315],[121.292291,23.723151],[121.29229,23.723242]],[[121.292878,23.723248],[121.292782,23.723157],[121.29288,23.723158],[121.292878,23.723248]],[[121.294255,23.722992],[121.294251,23.723263],[121.294055,23.723261],[121.293961,23.722989],[121.294255,23.722992]],[[121.291605,23.723144],[121.291508,23.723052],[121.291606,23.723053],[121.291605,23.723144]],[[121.294743,23.723178],[121.294646,23.723087],[121.294744,23.723088],[121.294743,23.723178]],[[121.301809,23.722805],[121.301813,23.722534],[121.30221,23.722177],[121.302502,23.722361],[121.302596,23.722633],[121.302794,23.722544],[121.302797,23.722274],[121.302992,23.722366],[121.302893,23.722455],[121.302984,23.722998],[121.302497,23.722722],[121.302197,23.72317],[121.301804,23.723256],[121.301807,23.722985],[121.301709,23.722984],[121.301711,23.722804],[121.301809,23.722805]],[[121.293666,23.722986],[121.29367,23.722715],[121.293768,23.722716],[121.293765,23.722987],[121.293666,23.722986]],[[121.30259,23.723084],[121.302494,23.722993],[121.302592,23.722994],[121.30259,23.723084]],[[121.303669,23.723096],[121.303572,23.723005],[121.30367,23.723006],[121.303669,23.723096]],[[121.303673,23.722825],[121.303871,23.722647],[121.304165,23.72265],[121.304164,23.72274],[121.304555,23.722835],[121.304553,23.723015],[121.304358,23.722923],[121.304357,23.723013],[121.303963,23.723099],[121.303966,23.722919],[121.303673,23.722825]],[[121.292102,23.722607],[121.292299,23.722519],[121.292302,23.722339],[121.292204,23.722338],[121.292303,23.722248],[121.292309,23.721797],[121.292407,23.721798],[121.29241,23.721527],[121.292509,23.721528],[121.292512,23.721257],[121.29261,23.721259],[121.292605,23.72162],[121.292507,23.721619],[121.292601,23.721981],[121.292503,23.72198],[121.292498,23.722341],[121.2924,23.72234],[121.292491,23.722883],[121.2921,23.722788],[121.292102,23.722607]],[[121.303474,23.723003],[121.303377,23.722912],[121.303475,23.722913],[121.303474,23.723003]],[[121.292688,23.722794],[121.292591,23.722703],[121.292689,23.722704],[121.292688,23.722794]],[[121.29318,23.72271],[121.293083,23.722618],[121.293181,23.722619],[121.29318,23.72271]],[[121.293965,23.722628],[121.294065,23.722539],[121.294063,23.722629],[121.293965,23.722628]],[[121.293868,23.722537],[121.293774,23.722265],[121.294171,23.721908],[121.294166,23.722269],[121.293868,23.722537]],[[121.294555,23.722544],[121.294556,23.722454],[121.294752,23.722456],[121.294751,23.722546],[121.294555,23.722544]],[[121.292792,23.722344],[121.292794,23.722164],[121.292893,23.722165],[121.29289,23.722345],[121.292792,23.722344]],[[121.297499,23.722396],[121.297402,23.722305],[121.2975,23.722306],[121.297499,23.722396]],[[121.293188,23.722078],[121.293186,23.722258],[121.293087,23.722257],[121.29309,23.722076],[121.293188,23.722078]],[[121.293188,23.722078],[121.293287,23.721988],[121.293286,23.722079],[121.293188,23.722078]],[[121.295147,23.72228],[121.29505,23.722188],[121.295148,23.722189],[121.295147,23.72228]],[[121.284067,23.722067],[121.28397,23.721976],[121.284068,23.721977],[121.284067,23.722067]],[[121.294756,23.722185],[121.294659,23.722094],[121.294757,23.722095],[121.294756,23.722185]],[[121.29123,23.721785],[121.291228,23.721966],[121.29103,23.722054],[121.291033,23.721873],[121.29123,23.721785]],[[121.283776,23.721793],[121.283873,23.721884],[121.283775,23.721883],[121.283776,23.721793]],[[121.283877,23.721613],[121.283778,23.721612],[121.283782,23.721341],[121.284277,23.720986],[121.284471,23.721168],[121.284367,23.721619],[121.284069,23.721886],[121.283874,23.721794],[121.283877,23.721613]],[[121.284179,23.720985],[121.284082,23.720893],[121.28418,23.720894],[121.284179,23.720985]],[[121.295739,23.722015],[121.295642,23.721924],[121.29574,23.721925],[121.295739,23.722015]],[[121.295348,23.721921],[121.295251,23.721829],[121.295349,23.721831],[121.295348,23.721921]],[[121.296132,23.721929],[121.296035,23.721838],[121.296133,23.721839],[121.296132,23.721929]],[[121.288484,23.721755],[121.288487,23.721574],[121.288585,23.721575],[121.288582,23.721756],[121.288484,23.721755]],[[121.29427,23.721819],[121.294173,23.721727],[121.294271,23.721728],[121.29427,23.721819]],[[121.293488,23.721629],[121.293391,23.721538],[121.293489,23.721539],[121.293488,23.721629]],[[121.298195,23.721681],[121.298098,23.72159],[121.298196,23.721591],[121.298195,23.721681]],[[121.289274,23.721402],[121.289177,23.721311],[121.289275,23.721312],[121.289274,23.721402]],[[121.290058,23.721411],[121.290059,23.721321],[121.290255,23.721323],[121.290254,23.721413],[121.290058,23.721411]],[[121.291039,23.721422],[121.291041,23.721241],[121.291139,23.721242],[121.291137,23.721423],[121.291039,23.721422]],[[121.291334,23.721335],[121.291431,23.721426],[121.291333,23.721425],[121.291334,23.721335]],[[121.291433,23.721246],[121.291629,23.721248],[121.291628,23.721338],[121.291432,23.721336],[121.291433,23.721246]],[[121.294277,23.721277],[121.294476,23.721098],[121.294569,23.721461],[121.294471,23.72146],[121.294277,23.721277]],[[121.297513,23.721313],[121.297511,23.721493],[121.297315,23.721491],[121.297316,23.721401],[121.297513,23.721313]],[[121.283295,23.721065],[121.283494,23.720887],[121.283398,23.720705],[121.283594,23.720707],[121.283885,23.720981],[121.283685,23.72125],[121.283491,23.721067],[121.283295,23.721065]],[[121.285254,23.721267],[121.285157,23.721176],[121.285255,23.721177],[121.285254,23.721267]],[[121.297904,23.721407],[121.297807,23.721316],[121.297906,23.721317],[121.297904,23.721407]],[[121.288295,23.721211],[121.288198,23.721119],[121.288296,23.721121],[121.288295,23.721211]],[[121.298102,23.721319],[121.298105,23.721048],[121.298203,23.721049],[121.2982,23.72132],[121.298102,23.721319]],[[121.286139,23.721097],[121.286042,23.721005],[121.28614,23.721006],[121.286139,23.721097]],[[121.290945,23.72106],[121.291042,23.721151],[121.290944,23.72115],[121.290945,23.72106]],[[121.291043,23.721061],[121.291143,23.720971],[121.291142,23.721062],[121.291043,23.721061]],[[121.291143,23.720971],[121.291242,23.720882],[121.291241,23.720972],[121.291143,23.720971]],[[121.291925,23.721161],[121.291927,23.72098],[121.292025,23.720981],[121.292023,23.721162],[121.291925,23.721161]],[[121.297024,23.721217],[121.297029,23.720856],[121.297127,23.720857],[121.297122,23.721218],[121.297024,23.721217]],[[121.288202,23.720849],[121.2882,23.721029],[121.288102,23.721028],[121.288006,23.720846],[121.288202,23.720849]],[[121.289082,23.721039],[121.288985,23.720948],[121.289083,23.720949],[121.289082,23.721039]],[[121.284867,23.720902],[121.284868,23.720812],[121.285064,23.720814],[121.285063,23.720904],[121.284867,23.720902]],[[121.285651,23.720911],[121.285652,23.72082],[121.285848,23.720823],[121.285847,23.720913],[121.285651,23.720911]],[[121.288397,23.720941],[121.288398,23.720851],[121.288594,23.720853],[121.288593,23.720943],[121.288397,23.720941]],[[121.283693,23.720618],[121.283696,23.720437],[121.283892,23.72044],[121.283985,23.720802],[121.283693,23.720618]],[[121.289771,23.720866],[121.289773,23.720685],[121.289871,23.720686],[121.289869,23.720867],[121.289771,23.720866]],[[121.284673,23.720719],[121.284576,23.720628],[121.284674,23.720629],[121.284673,23.720719]],[[121.285461,23.720457],[121.28546,23.720547],[121.285163,23.720725],[121.285166,23.720544],[121.285461,23.720457]],[[121.288497,23.720762],[121.2885,23.720581],[121.288598,23.720582],[121.288595,23.720763],[121.288497,23.720762]],[[121.290164,23.72078],[121.290167,23.720599],[121.290265,23.720601],[121.290262,23.720781],[121.290164,23.72078]],[[121.283399,23.720615],[121.283498,23.720526],[121.283497,23.720616],[121.283399,23.720615]],[[121.283302,23.720523],[121.283207,23.720342],[121.283405,23.720163],[121.283211,23.719981],[121.283013,23.720159],[121.282817,23.720157],[121.282819,23.719976],[121.283312,23.719801],[121.283217,23.719529],[121.283511,23.719532],[121.283408,23.719983],[121.283602,23.720075],[121.2836,23.720256],[121.283302,23.720523]],[[121.293107,23.720722],[121.293207,23.720633],[121.293206,23.720723],[121.293107,23.720722]],[[121.292913,23.72063],[121.292914,23.720539],[121.29321,23.720362],[121.293208,23.720543],[121.292913,23.72063]],[[121.289676,23.720594],[121.289679,23.720413],[121.289777,23.720415],[121.289775,23.720595],[121.289676,23.720594]],[[121.290559,23.720604],[121.29056,23.720513],[121.290756,23.720516],[121.290755,23.720606],[121.290559,23.720604]],[[121.290853,23.720607],[121.290854,23.720517],[121.291051,23.720519],[121.291049,23.720609],[121.290853,23.720607]],[[121.29262,23.720536],[121.292716,23.720628],[121.292618,23.720627],[121.29262,23.720536]],[[121.292718,23.720537],[121.292817,23.720448],[121.292816,23.720538],[121.292718,23.720537]],[[121.284387,23.720084],[121.284193,23.719901],[121.284196,23.719721],[121.284392,23.719723],[121.284393,23.719632],[121.284589,23.719635],[121.284685,23.719816],[121.284784,23.719727],[121.285077,23.719821],[121.284977,23.72],[121.284683,23.719907],[121.284285,23.720354],[121.284089,23.720352],[121.284092,23.720171],[121.284387,23.720084]],[[121.288502,23.7204],[121.288405,23.720309],[121.288503,23.72031],[121.288502,23.7204]],[[121.293997,23.72019],[121.293995,23.720371],[121.293797,23.720459],[121.293703,23.720187],[121.293997,23.72019]],[[121.28919,23.720318],[121.289093,23.720226],[121.289191,23.720227],[121.28919,23.720318]],[[121.29017,23.720329],[121.290171,23.720238],[121.290368,23.72024],[121.290366,23.720331],[121.29017,23.720329]],[[121.295466,23.720387],[121.295369,23.720296],[121.295467,23.720297],[121.295466,23.720387]],[[121.285371,23.719824],[121.28537,23.719914],[121.285567,23.719826],[121.285464,23.720186],[121.285268,23.720184],[121.285272,23.719913],[121.285174,23.719912],[121.285175,23.719822],[121.285371,23.719824]],[[121.288308,23.720218],[121.288211,23.720126],[121.288309,23.720127],[121.288308,23.720218]],[[121.295663,23.720299],[121.295566,23.720208],[121.295664,23.720209],[121.295663,23.720299]],[[121.296546,23.720309],[121.296449,23.720217],[121.296547,23.720218],[121.296546,23.720309]],[[121.288704,23.719951],[121.288802,23.719952],[121.2888,23.720133],[121.288702,23.720132],[121.288704,23.719951]],[[121.288704,23.719951],[121.288607,23.71986],[121.288705,23.719861],[121.288704,23.719951]],[[121.294585,23.720197],[121.294489,23.720105],[121.294587,23.720106],[121.294585,23.720197]],[[121.283702,23.719986],[121.283703,23.719896],[121.283997,23.719899],[121.283996,23.719989],[121.283702,23.719986]],[[121.288213,23.720036],[121.288215,23.719855],[121.288313,23.719857],[121.288311,23.720037],[121.288213,23.720036]],[[121.288999,23.719864],[121.289099,23.719775],[121.289008,23.719232],[121.289204,23.719234],[121.289494,23.719508],[121.289491,23.719779],[121.289393,23.719778],[121.289389,23.720049],[121.288999,23.719864]],[[121.301553,23.719912],[121.301752,23.719643],[121.301948,23.719646],[121.301946,23.719826],[121.301549,23.720183],[121.301553,23.719912]],[[121.286056,23.719922],[121.286059,23.719741],[121.286157,23.719742],[121.286154,23.719923],[121.286056,23.719922]],[[121.287037,23.719933],[121.28694,23.719841],[121.287038,23.719842],[121.287037,23.719933]],[[121.290469,23.719971],[121.290372,23.719879],[121.29047,23.71988],[121.290469,23.719971]],[[121.295078,23.720022],[121.294981,23.71993],[121.295079,23.719931],[121.295078,23.720022]],[[121.287337,23.719485],[121.287531,23.719667],[121.287727,23.719669],[121.287627,23.719849],[121.28743,23.719847],[121.287433,23.719666],[121.287335,23.719665],[121.287337,23.719485]],[[121.28998,23.719875],[121.289982,23.719694],[121.29008,23.719695],[121.290078,23.719876],[121.28998,23.719875]],[[121.290274,23.719878],[121.290177,23.719787],[121.290275,23.719788],[121.290274,23.719878]],[[121.294102,23.71965],[121.294297,23.719742],[121.294295,23.719923],[121.2941,23.71983],[121.294102,23.71965]],[[121.294491,23.719925],[121.294493,23.719744],[121.294689,23.719746],[121.294687,23.719927],[121.294491,23.719925]],[[121.295864,23.71994],[121.295767,23.719849],[121.295865,23.71985],[121.295864,23.71994]],[[121.282823,23.719705],[121.282825,23.719525],[121.282923,23.719526],[121.282921,23.719706],[121.282823,23.719705]],[[121.288125,23.719222],[121.288314,23.719766],[121.288021,23.719673],[121.288025,23.719402],[121.287831,23.719219],[121.288125,23.719222]],[[121.287832,23.719129],[121.287732,23.719308],[121.287536,23.719306],[121.287636,23.719127],[121.287832,23.719129]],[[121.287341,23.719214],[121.287342,23.719123],[121.287538,23.719126],[121.287537,23.719216],[121.287341,23.719214]],[[121.296355,23.719855],[121.296258,23.719764],[121.296356,23.719765],[121.296355,23.719855]],[[121.296551,23.719857],[121.296554,23.719677],[121.296652,23.719678],[121.296649,23.719858],[121.296551,23.719857]],[[121.286849,23.719299],[121.287044,23.719391],[121.287041,23.719662],[121.286847,23.719479],[121.286849,23.719299]],[[121.295183,23.719481],[121.295181,23.719661],[121.295083,23.71966],[121.295085,23.71948],[121.295183,23.719481]],[[121.295187,23.71921],[121.295382,23.719303],[121.295281,23.719482],[121.295183,23.719481],[121.295187,23.71921]],[[121.295381,23.719393],[121.295477,23.719484],[121.295379,23.719483],[121.295381,23.719393]],[[121.29548,23.719304],[121.295676,23.719306],[121.295675,23.719396],[121.295479,23.719394],[121.29548,23.719304]],[[121.285278,23.719462],[121.285181,23.71937],[121.285279,23.719371],[121.285278,23.719462]],[[121.282635,23.719071],[121.282732,23.719163],[121.282929,23.719074],[121.282835,23.718803],[121.283129,23.718806],[121.283125,23.719077],[121.282827,23.719344],[121.282632,23.719252],[121.282635,23.719071]],[[121.283417,23.71926],[121.283418,23.71917],[121.283614,23.719172],[121.283613,23.719263],[121.283417,23.71926]],[[121.289595,23.719329],[121.289699,23.718879],[121.289992,23.718972],[121.289889,23.719332],[121.289595,23.719329]],[[121.289992,23.718972],[121.290091,23.718883],[121.29009,23.718973],[121.289992,23.718972]],[[121.294302,23.719381],[121.294304,23.7192],[121.294502,23.719112],[121.294499,23.719293],[121.294302,23.719381]],[[121.294505,23.718841],[121.294897,23.718846],[121.294998,23.718666],[121.295489,23.718581],[121.29519,23.718939],[121.294995,23.718847],[121.294994,23.718937],[121.2947,23.718934],[121.2946,23.719113],[121.294502,23.719112],[121.294505,23.718841]],[[121.295684,23.718674],[121.295683,23.718764],[121.295487,23.718762],[121.295488,23.718672],[121.295684,23.718674]],[[121.295288,23.71894],[121.295286,23.719121],[121.295188,23.71912],[121.29519,23.718939],[121.295288,23.71894]],[[121.290578,23.719159],[121.290381,23.719247],[121.290386,23.718796],[121.290583,23.718798],[121.290578,23.719159]],[[121.296657,23.719317],[121.29656,23.719225],[121.296658,23.719226],[121.296657,23.719317]],[[121.286361,23.719113],[121.286362,23.719022],[121.286558,23.719024],[121.286557,23.719115],[121.286361,23.719113]],[[121.295481,23.719213],[121.295483,23.719033],[121.295679,23.719035],[121.295677,23.719215],[121.295481,23.719213]],[[121.29911,23.719163],[121.299207,23.719254],[121.299109,23.719253],[121.29911,23.719163]],[[121.299209,23.719164],[121.299308,23.719075],[121.299307,23.719165],[121.299209,23.719164]],[[121.287247,23.718851],[121.287446,23.718673],[121.287539,23.719035],[121.286952,23.718938],[121.286953,23.718848],[121.287247,23.718851]],[[121.296365,23.719133],[121.296268,23.719041],[121.296366,23.719042],[121.296365,23.719133]],[[121.284893,23.718916],[121.284992,23.718826],[121.284991,23.718917],[121.284893,23.718916]],[[121.284894,23.718825],[121.284797,23.718734],[121.284895,23.718735],[121.284894,23.718825]],[[121.284797,23.718734],[121.2847,23.718643],[121.284798,23.718644],[121.284797,23.718734]],[[121.288326,23.718863],[121.288231,23.718591],[121.288329,23.718593],[121.288423,23.718955],[121.288227,23.718953],[121.288326,23.718863]],[[121.285286,23.71883],[121.285288,23.718649],[121.285386,23.71865],[121.285384,23.718831],[121.285286,23.71883]],[[121.285776,23.718835],[121.285779,23.718655],[121.285877,23.718656],[121.285874,23.718836],[121.285776,23.718835]],[[121.289307,23.718874],[121.28921,23.718783],[121.289308,23.718784],[121.289307,23.718874]],[[121.28666,23.718755],[121.286268,23.71875],[121.286269,23.71866],[121.286466,23.718572],[121.28666,23.718755]],[[121.28627,23.71857],[121.286176,23.718298],[121.286078,23.718297],[121.286082,23.717936],[121.286475,23.71794],[121.286576,23.71767],[121.286382,23.717487],[121.286579,23.71749],[121.286577,23.71758],[121.286773,23.717582],[121.286771,23.717763],[121.286673,23.717761],[121.286571,23.718031],[121.286276,23.718118],[121.286371,23.71839],[121.286469,23.718391],[121.28627,23.71857]],[[121.299016,23.718891],[121.298919,23.7188],[121.299017,23.718801],[121.299016,23.718891]],[[121.289605,23.718516],[121.28961,23.718155],[121.290105,23.717799],[121.290108,23.717619],[121.290304,23.717621],[121.2902,23.718071],[121.289805,23.718248],[121.289897,23.7187],[121.289605,23.718516]],[[121.284705,23.718281],[121.284407,23.718549],[121.284408,23.718459],[121.284017,23.718364],[121.283917,23.718544],[121.283721,23.718541],[121.283528,23.718268],[121.283727,23.71809],[121.283923,23.718092],[121.284023,23.717913],[121.284317,23.717916],[121.284705,23.718281]],[[121.284023,23.717913],[121.283926,23.717821],[121.284024,23.717822],[121.284023,23.717913]],[[121.284706,23.718191],[121.285004,23.717924],[121.28481,23.717741],[121.284419,23.717646],[121.284324,23.717374],[121.285201,23.717835],[121.285099,23.718105],[121.285197,23.718106],[121.285291,23.718469],[121.285093,23.718557],[121.284706,23.718191]],[[121.290489,23.718436],[121.290487,23.718616],[121.290389,23.718615],[121.290293,23.718434],[121.290489,23.718436]],[[121.295597,23.71786],[121.2955,23.717769],[121.295696,23.717771],[121.295695,23.717861],[121.29599,23.717774],[121.295985,23.718135],[121.296376,23.71823],[121.296371,23.718681],[121.295886,23.718224],[121.295792,23.717953],[121.295495,23.71813],[121.295597,23.71786]],[[121.295593,23.718131],[121.29569,23.718222],[121.295592,23.718221],[121.295593,23.718131]],[[121.285487,23.718471],[121.285488,23.71838],[121.285684,23.718383],[121.285683,23.718473],[121.285487,23.718471]],[[121.287352,23.718311],[121.287546,23.718494],[121.28735,23.718491],[121.287352,23.718311]],[[121.289216,23.718331],[121.289213,23.718512],[121.288821,23.718508],[121.288822,23.718417],[121.289216,23.718331]],[[121.290881,23.71844],[121.290785,23.718349],[121.290883,23.71835],[121.290881,23.71844]],[[121.2951,23.718306],[121.2952,23.718217],[121.295104,23.718035],[121.295398,23.718039],[121.295298,23.718218],[121.295493,23.71831],[121.29549,23.718491],[121.295294,23.718489],[121.295295,23.718399],[121.295001,23.718395],[121.295,23.718486],[121.294511,23.71839],[121.294412,23.718479],[121.294415,23.718208],[121.294512,23.7183],[121.2951,23.718306]],[[121.286568,23.718302],[121.286766,23.718124],[121.286862,23.718305],[121.286568,23.718302]],[[121.286863,23.718215],[121.286963,23.718126],[121.287062,23.718037],[121.287059,23.718217],[121.286863,23.718215]],[[121.283333,23.718176],[121.283236,23.718085],[121.283334,23.718086],[121.283333,23.718176]],[[121.287264,23.717587],[121.28746,23.71759],[121.287358,23.717859],[121.287456,23.71786],[121.28755,23.718223],[121.287354,23.718221],[121.287356,23.71804],[121.287064,23.717856],[121.287264,23.717587]],[[121.287065,23.717766],[121.286968,23.717674],[121.287066,23.717676],[121.287065,23.717766]],[[121.287746,23.718225],[121.287649,23.718133],[121.287747,23.718135],[121.287746,23.718225]],[[121.288334,23.718231],[121.288237,23.71814],[121.288335,23.718141],[121.288334,23.718231]],[[121.285492,23.71811],[121.285395,23.718018],[121.285493,23.718019],[121.285492,23.71811]],[[121.287943,23.718137],[121.287846,23.718045],[121.287944,23.718046],[121.287943,23.718137]],[[121.290787,23.718168],[121.290789,23.717988],[121.290887,23.717989],[121.290885,23.718169],[121.290787,23.718168]],[[121.283729,23.717909],[121.283731,23.717729],[121.283829,23.71773],[121.283827,23.717911],[121.283729,23.717909]],[[121.288142,23.717958],[121.288143,23.717868],[121.288339,23.71787],[121.288338,23.717961],[121.288142,23.717958]],[[121.296771,23.718054],[121.296674,23.717962],[121.296772,23.717963],[121.296771,23.718054]],[[121.287752,23.717773],[121.287655,23.717682],[121.287753,23.717683],[121.287752,23.717773]],[[121.289027,23.717788],[121.28893,23.717696],[121.289028,23.717697],[121.289027,23.717788]],[[121.285799,23.71712],[121.285793,23.717571],[121.28589,23.717663],[121.285694,23.71766],[121.2857,23.717209],[121.285601,23.717208],[121.285603,23.717118],[121.285799,23.71712]],[[121.291087,23.71772],[121.29099,23.717629],[121.291088,23.71763],[121.291087,23.71772]],[[121.284129,23.717282],[121.284225,23.717463],[121.283734,23.717548],[121.283736,23.717368],[121.284129,23.717282]],[[121.285205,23.717565],[121.285108,23.717473],[121.285206,23.717474],[121.285205,23.717565]],[[121.289225,23.717609],[121.289128,23.717518],[121.289226,23.717519],[121.289225,23.717609]],[[121.29658,23.71769],[121.296582,23.71751],[121.29668,23.717511],[121.296678,23.717691],[121.29658,23.71769]],[[121.299134,23.717357],[121.29913,23.717628],[121.298933,23.717716],[121.298937,23.717445],[121.299134,23.717357]],[[121.290209,23.717349],[121.290207,23.71753],[121.290109,23.717529],[121.290111,23.717348],[121.290209,23.717349]],[[121.290211,23.717169],[121.290113,23.717167],[121.290214,23.716988],[121.290508,23.716991],[121.290507,23.717082],[121.290704,23.716993],[121.290608,23.716812],[121.290707,23.716813],[121.290809,23.716453],[121.291007,23.716365],[121.290801,23.717085],[121.290503,23.717352],[121.290406,23.717261],[121.290209,23.717349],[121.290211,23.717169]],[[121.291007,23.716365],[121.291106,23.716275],[121.291105,23.716366],[121.291007,23.716365]],[[121.287269,23.717226],[121.287367,23.717227],[121.287364,23.717408],[121.287266,23.717407],[121.287269,23.717226]],[[121.28717,23.717225],[121.287173,23.717045],[121.286978,23.716952],[121.286883,23.71668],[121.286687,23.716678],[121.286489,23.716856],[121.286492,23.716586],[121.286688,23.716588],[121.287085,23.716231],[121.287088,23.71605],[121.286893,23.715958],[121.287092,23.715689],[121.287481,23.715964],[121.287183,23.716232],[121.287181,23.716413],[121.287376,23.716505],[121.287274,23.716775],[121.287469,23.716867],[121.28717,23.717225]],[[121.287377,23.716415],[121.287771,23.716329],[121.287668,23.716689],[121.28757,23.716688],[121.287377,23.716415]],[[121.287953,23.717414],[121.287856,23.717323],[121.287954,23.717324],[121.287953,23.717414]],[[121.288345,23.717419],[121.288248,23.717327],[121.288346,23.717329],[121.288345,23.717419]],[[121.28913,23.717337],[121.289134,23.717066],[121.289232,23.717067],[121.289327,23.717339],[121.28913,23.717337]],[[121.289232,23.717067],[121.289331,23.716978],[121.28933,23.717069],[121.289232,23.717067]],[[121.291386,23.717362],[121.291289,23.717271],[121.291387,23.717272],[121.291386,23.717362]],[[121.294622,23.717398],[121.294525,23.717306],[121.294623,23.717308],[121.294622,23.717398]],[[121.295799,23.717411],[121.295702,23.717319],[121.2958,23.717321],[121.295799,23.717411]],[[121.285408,23.717025],[121.285307,23.717205],[121.285209,23.717203],[121.285212,23.717023],[121.285408,23.717025]],[[121.295996,23.717323],[121.295997,23.717232],[121.296193,23.717235],[121.296192,23.717325],[121.295996,23.717323]],[[121.285014,23.717111],[121.284917,23.71702],[121.285015,23.717021],[121.285014,23.717111]],[[121.295115,23.717223],[121.295018,23.717131],[121.295116,23.717132],[121.295115,23.717223]],[[121.296389,23.717237],[121.296292,23.717145],[121.296391,23.717146],[121.296389,23.717237]],[[121.299331,23.717269],[121.299334,23.717089],[121.299432,23.71709],[121.299429,23.71727],[121.299331,23.717269]],[[121.302959,23.717309],[121.302863,23.717218],[121.302961,23.717219],[121.302959,23.717309]],[[121.287761,23.717051],[121.287664,23.71696],[121.287762,23.716961],[121.287761,23.717051]],[[121.288156,23.716875],[121.28835,23.717058],[121.288153,23.717055],[121.288156,23.716875]],[[121.297665,23.71716],[121.297568,23.717069],[121.297666,23.71707],[121.297665,23.71716]],[[121.284526,23.716925],[121.284529,23.716744],[121.284726,23.716656],[121.284724,23.716837],[121.284526,23.716925]],[[121.284726,23.716656],[121.284825,23.716567],[121.284824,23.716657],[121.284726,23.716656]],[[121.284828,23.716387],[121.284926,23.716388],[121.284923,23.716568],[121.284825,23.716567],[121.284828,23.716387]],[[121.289527,23.71698],[121.289431,23.716889],[121.289529,23.71689],[121.289527,23.71698]],[[121.289822,23.716984],[121.289824,23.716803],[121.29002,23.716805],[121.290018,23.716986],[121.289822,23.716984]],[[121.297274,23.717066],[121.297177,23.716975],[121.297275,23.716976],[121.297274,23.717066]],[[121.295412,23.716955],[121.295315,23.716864],[121.295413,23.716865],[121.295412,23.716955]],[[121.299335,23.716998],[121.299238,23.716907],[121.299336,23.716908],[121.299335,23.716998]],[[121.288745,23.716791],[121.288648,23.7167],[121.288746,23.716701],[121.288745,23.716791]],[[121.288941,23.716793],[121.288943,23.716703],[121.289139,23.716705],[121.289138,23.716795],[121.288941,23.716793]],[[121.299732,23.716641],[121.299927,23.716734],[121.299924,23.716914],[121.299729,23.716822],[121.299732,23.716641]],[[121.303454,23.716953],[121.303358,23.716862],[121.303456,23.716863],[121.303454,23.716953]],[[121.304729,23.716967],[121.304632,23.716876],[121.30473,23.716877],[121.304729,23.716967]],[[121.29159,23.716732],[121.291493,23.716641],[121.291591,23.716642],[121.29159,23.716732]],[[121.296689,23.716789],[121.296592,23.716697],[121.296691,23.716698],[121.296689,23.716789]],[[121.288062,23.716513],[121.288261,23.716334],[121.288355,23.716606],[121.288159,23.716604],[121.288062,23.716513]],[[121.289926,23.716533],[121.290027,23.716264],[121.290226,23.716085],[121.290422,23.716087],[121.290223,23.716266],[121.290318,23.716538],[121.290022,23.716625],[121.289926,23.716533]],[[121.298752,23.71654],[121.298652,23.71672],[121.298554,23.716719],[121.298556,23.716538],[121.298752,23.71654]],[[121.289043,23.716524],[121.289045,23.716343],[121.289143,23.716344],[121.289141,23.716525],[121.289043,23.716524]],[[121.285516,23.716214],[121.28552,23.715943],[121.285618,23.715944],[121.285613,23.716305],[121.28522,23.716391],[121.285221,23.716301],[121.285516,23.716214]],[[121.286106,23.71613],[121.286203,23.716221],[121.286399,23.716223],[121.286495,23.716405],[121.286104,23.71631],[121.286106,23.71613]],[[121.291398,23.716459],[121.291301,23.716368],[121.291399,23.716369],[121.291398,23.716459]],[[121.295908,23.716509],[121.296009,23.71633],[121.296107,23.716331],[121.296105,23.716511],[121.295908,23.716509]],[[121.296107,23.716331],[121.296206,23.716241],[121.296205,23.716332],[121.296107,23.716331]],[[121.296793,23.716338],[121.296595,23.716517],[121.296597,23.716336],[121.296793,23.716338]],[[121.296597,23.716336],[121.2965,23.716245],[121.296598,23.716246],[121.296597,23.716336]],[[121.299242,23.716546],[121.299146,23.716454],[121.299244,23.716455],[121.299242,23.716546]],[[121.304244,23.716601],[121.304147,23.716509],[121.304245,23.71651],[121.304244,23.716601]],[[121.288653,23.716339],[121.288556,23.716247],[121.288654,23.716248],[121.288653,23.716339]],[[121.289634,23.716349],[121.289537,23.716258],[121.289635,23.716259],[121.289634,23.716349]],[[121.295321,23.716412],[121.295224,23.716321],[121.295322,23.716322],[121.295321,23.716412]],[[121.297086,23.716432],[121.297087,23.716341],[121.297284,23.716344],[121.297282,23.716434],[121.297086,23.716432]],[[121.297773,23.716439],[121.297775,23.716259],[121.297873,23.71626],[121.297871,23.71644],[121.297773,23.716439]],[[121.298557,23.716448],[121.298558,23.716358],[121.298755,23.71636],[121.298753,23.71645],[121.298557,23.716448]],[[121.299641,23.716099],[121.299638,23.716279],[121.299736,23.71628],[121.299734,23.716461],[121.299539,23.716368],[121.299543,23.716098],[121.299641,23.716099]],[[121.288066,23.716242],[121.287969,23.71615],[121.288067,23.716152],[121.288066,23.716242]],[[121.30503,23.716429],[121.304933,23.716337],[121.305032,23.716338],[121.30503,23.716429]],[[121.288459,23.716156],[121.288362,23.716065],[121.288461,23.716066],[121.288459,23.716156]],[[121.290815,23.716001],[121.290715,23.716181],[121.290519,23.716179],[121.290619,23.715999],[121.290815,23.716001]],[[121.298167,23.716263],[121.29807,23.716172],[121.298168,23.716173],[121.298167,23.716263]],[[121.30209,23.716306],[121.301993,23.716215],[121.302091,23.716216],[121.30209,23.716306]],[[121.288951,23.716071],[121.288854,23.71598],[121.288952,23.715981],[121.288951,23.716071]],[[121.289343,23.716075],[121.289442,23.715986],[121.289441,23.716076],[121.289343,23.716075]],[[121.289148,23.715983],[121.289252,23.715533],[121.28935,23.715534],[121.289447,23.715625],[121.289344,23.715985],[121.289148,23.715983]],[[121.295815,23.716147],[121.295718,23.716055],[121.295816,23.716057],[121.295815,23.716147]],[[121.289933,23.715992],[121.289836,23.7159],[121.289934,23.715901],[121.289933,23.715992]],[[121.298074,23.715901],[121.297974,23.71608],[121.297777,23.716078],[121.297878,23.715899],[121.298074,23.715901]],[[121.297386,23.715984],[121.297389,23.715803],[121.297782,23.715717],[121.297683,23.715806],[121.297779,23.715988],[121.297386,23.715984]],[[121.299837,23.716101],[121.299839,23.71592],[121.299937,23.715921],[121.299935,23.716102],[121.299837,23.716101]],[[121.301994,23.716124],[121.301897,23.716033],[121.301995,23.716034],[121.301994,23.716124]],[[121.304937,23.716066],[121.30484,23.715975],[121.304938,23.715976],[121.304937,23.716066]],[[121.28768,23.715786],[121.287779,23.715697],[121.287778,23.715787],[121.28768,23.715786]],[[121.287681,23.715696],[121.287584,23.715604],[121.287682,23.715605],[121.287681,23.715696]],[[121.288762,23.715527],[121.288956,23.71571],[121.288562,23.715796],[121.288565,23.715615],[121.288762,23.715527]],[[121.290621,23.715819],[121.290525,23.715727],[121.290623,23.715728],[121.290621,23.715819]],[[121.293174,23.715576],[121.293073,23.715846],[121.292975,23.715845],[121.292978,23.715574],[121.293174,23.715576]],[[121.298662,23.715907],[121.298565,23.715816],[121.298663,23.715817],[121.298662,23.715907]],[[121.301996,23.715944],[121.301899,23.715853],[121.301998,23.715854],[121.301996,23.715944]],[[121.286602,23.715684],[121.286505,23.715592],[121.286603,23.715594],[121.286602,23.715684]],[[121.293566,23.715671],[121.293469,23.715579],[121.293567,23.71558],[121.293566,23.715671]],[[121.297982,23.715448],[121.29808,23.715449],[121.298076,23.71572],[121.297978,23.715719],[121.297982,23.715448]],[[121.297982,23.715448],[121.297885,23.715357],[121.297983,23.715358],[121.297982,23.715448]],[[121.299351,23.715734],[121.299352,23.715644],[121.299548,23.715646],[121.299547,23.715736],[121.299351,23.715734]],[[121.301901,23.715762],[121.301804,23.715671],[121.301902,23.715672],[121.301901,23.715762]],[[121.290529,23.715366],[121.290527,23.715547],[121.290429,23.715546],[121.290333,23.715364],[121.290529,23.715366]],[[121.304549,23.715701],[121.304551,23.715611],[121.304747,23.715613],[121.304746,23.715703],[121.304549,23.715701]],[[121.299451,23.715555],[121.299454,23.715374],[121.299552,23.715375],[121.29955,23.715556],[121.299451,23.715555]],[[121.305752,23.713728],[121.304967,23.713719],[121.304872,23.713537],[121.304576,23.713624],[121.304767,23.714078],[121.305159,23.714082],[121.305158,23.714173],[121.305649,23.714088],[121.305648,23.714178],[121.305844,23.71418],[121.305744,23.71436],[121.30555,23.714177],[121.305353,23.714265],[121.305546,23.714448],[121.305445,23.714718],[121.30564,23.71481],[121.305637,23.714991],[121.30544,23.715079],[121.305437,23.71535],[121.305041,23.715616],[121.304847,23.715433],[121.304851,23.715163],[121.305147,23.714985],[121.305051,23.714804],[121.305349,23.714536],[121.305252,23.714445],[121.304957,23.714532],[121.304862,23.71426],[121.304567,23.714347],[121.304668,23.714077],[121.304277,23.713982],[121.304379,23.713713],[121.304185,23.71353],[121.303793,23.713526],[121.303795,23.713345],[121.304479,23.713533],[121.304875,23.713266],[121.305169,23.71327],[121.30507,23.713359],[121.305166,23.713541],[121.305363,23.713452],[121.305362,23.713543],[121.305656,23.713546],[121.305655,23.713636],[121.306047,23.713641],[121.306048,23.71355],[121.306243,23.713643],[121.306242,23.713733],[121.305948,23.71373],[121.305947,23.71382],[121.305751,23.713818],[121.305752,23.713728]],[[121.306244,23.713552],[121.305857,23.713187],[121.305661,23.713185],[121.305662,23.713095],[121.306151,23.71319],[121.306345,23.713373],[121.306244,23.713552]],[[121.306438,23.713735],[121.306437,23.713825],[121.306241,23.713823],[121.306242,23.713733],[121.306438,23.713735]],[[121.292883,23.715392],[121.292786,23.715301],[121.292884,23.715302],[121.292883,23.715392]],[[121.304258,23.715517],[121.304063,23.715425],[121.304064,23.715334],[121.30426,23.715337],[121.304258,23.715517]],[[121.304064,23.715334],[121.303967,23.715243],[121.304065,23.715244],[121.304064,23.715334]],[[121.287786,23.715155],[121.287883,23.715247],[121.287785,23.715245],[121.287786,23.715155]],[[121.287885,23.715066],[121.288081,23.715068],[121.28808,23.715158],[121.287884,23.715156],[121.287885,23.715066]],[[121.288081,23.715068],[121.288181,23.714979],[121.288179,23.715069],[121.288081,23.715068]],[[121.288569,23.715254],[121.288668,23.715165],[121.288667,23.715255],[121.288569,23.715254]],[[121.288374,23.715162],[121.288375,23.715071],[121.288572,23.715074],[121.28857,23.715164],[121.288374,23.715162]],[[121.288863,23.715257],[121.288964,23.715078],[121.28916,23.71508],[121.289158,23.715261],[121.288863,23.715257]],[[121.28916,23.71508],[121.289259,23.714991],[121.289258,23.715081],[121.28916,23.71508]],[[121.289356,23.715082],[121.289555,23.714904],[121.289946,23.714998],[121.289943,23.715179],[121.28965,23.715085],[121.28955,23.715265],[121.289354,23.715263],[121.289453,23.715174],[121.289356,23.715082]],[[121.294649,23.715321],[121.294749,23.715142],[121.294847,23.715143],[121.294845,23.715323],[121.294649,23.715321]],[[121.294847,23.715143],[121.294947,23.715054],[121.294945,23.715144],[121.294847,23.715143]],[[121.293179,23.715215],[121.293182,23.715034],[121.29328,23.715035],[121.293277,23.715216],[121.293179,23.715215]],[[121.294062,23.715224],[121.294065,23.714954],[121.294163,23.714955],[121.29416,23.715226],[121.294062,23.715224]],[[121.304555,23.71525],[121.304458,23.715158],[121.304556,23.715159],[121.304555,23.71525]],[[121.291125,23.714831],[121.291318,23.715014],[121.291122,23.715011],[121.291125,23.714831]],[[121.290145,23.71473],[121.290144,23.71482],[121.290241,23.714911],[121.289948,23.714818],[121.289949,23.714728],[121.290145,23.71473]],[[121.302793,23.71505],[121.302696,23.714958],[121.302794,23.714959],[121.302793,23.71505]],[[121.29338,23.714856],[121.293382,23.714675],[121.29348,23.714676],[121.293478,23.714857],[121.29338,23.714856]],[[121.294164,23.714864],[121.294068,23.714773],[121.294166,23.714774],[121.294164,23.714864]],[[121.294557,23.714869],[121.29446,23.714777],[121.294558,23.714778],[121.294557,23.714869]],[[121.296224,23.714887],[121.296127,23.714796],[121.296225,23.714797],[121.296224,23.714887]],[[121.304363,23.714977],[121.304266,23.714885],[121.304364,23.714886],[121.304363,23.714977]],[[121.305834,23.714993],[121.305737,23.714901],[121.305835,23.714902],[121.305834,23.714993]],[[121.292891,23.71476],[121.292794,23.714669],[121.292892,23.71467],[121.292891,23.71476]],[[121.299073,23.714467],[121.298971,23.714827],[121.298774,23.714825],[121.298877,23.714465],[121.299073,23.714467]],[[121.303974,23.714701],[121.303973,23.714792],[121.304169,23.714794],[121.304168,23.714884],[121.303775,23.71488],[121.303974,23.714701]],[[121.290441,23.714643],[121.290442,23.714552],[121.290736,23.714556],[121.290735,23.714646],[121.290441,23.714643]],[[121.291422,23.714563],[121.291424,23.714473],[121.29162,23.714475],[121.291618,23.714565],[121.291422,23.714563]],[[121.292305,23.714573],[121.292306,23.714483],[121.292502,23.714485],[121.292501,23.714575],[121.292305,23.714573]],[[121.294073,23.714322],[121.293975,23.714321],[121.293972,23.714591],[121.293776,23.714589],[121.293777,23.714499],[121.293285,23.714584],[121.293386,23.714404],[121.293779,23.714318],[121.293684,23.714137],[121.293978,23.71414],[121.294078,23.71396],[121.294274,23.713963],[121.294076,23.714141],[121.294073,23.714322]],[[121.294273,23.714053],[121.29437,23.714144],[121.294272,23.714143],[121.294273,23.714053]],[[121.303582,23.714697],[121.303485,23.714606],[121.303583,23.714607],[121.303582,23.714697]],[[121.294467,23.714236],[121.294662,23.714328],[121.294659,23.714509],[121.294465,23.714416],[121.294467,23.714236]],[[121.290054,23.714187],[121.290052,23.714368],[121.289954,23.714366],[121.289858,23.714185],[121.290054,23.714187]],[[121.289661,23.714273],[121.289663,23.714092],[121.289761,23.714093],[121.289759,23.714274],[121.289661,23.714273]],[[121.290347,23.71428],[121.29035,23.7141],[121.290448,23.714101],[121.290445,23.714282],[121.290347,23.71428]],[[121.291622,23.714295],[121.291525,23.714203],[121.291623,23.714204],[121.291622,23.714295]],[[121.30447,23.714255],[121.304468,23.714436],[121.30437,23.714435],[121.304274,23.714253],[121.30447,23.714255]],[[121.295058,23.714062],[121.294957,23.714241],[121.294761,23.714239],[121.294861,23.714059],[121.295058,23.714062]],[[121.302807,23.713966],[121.303298,23.713881],[121.3031,23.71406],[121.303194,23.714332],[121.303,23.714149],[121.302804,23.714147],[121.30261,23.713964],[121.302613,23.713783],[121.302807,23.713966]],[[121.302613,23.713783],[121.302516,23.713692],[121.302614,23.713693],[121.302613,23.713783]],[[121.303491,23.714154],[121.303688,23.714066],[121.303881,23.714339],[121.303488,23.714335],[121.303491,23.714154]],[[121.303883,23.714159],[121.304177,23.714162],[121.304176,23.714252],[121.303882,23.714249],[121.303883,23.714159]],[[121.295253,23.714154],[121.295156,23.714063],[121.295254,23.714064],[121.295253,23.714154]],[[121.299178,23.713926],[121.29908,23.713925],[121.299175,23.714197],[121.298979,23.714195],[121.298985,23.713744],[121.299178,23.713926]],[[121.298985,23.713744],[121.298888,23.713652],[121.298986,23.713653],[121.298985,23.713744]],[[121.293589,23.713865],[121.293492,23.713773],[121.29359,23.713775],[121.293589,23.713865]],[[121.294572,23.713695],[121.29457,23.713876],[121.294374,23.713873],[121.294375,23.713783],[121.294572,23.713695]],[[121.295256,23.713883],[121.295159,23.713792],[121.295257,23.713793],[121.295256,23.713883]],[[121.295354,23.713884],[121.295652,23.713617],[121.295649,23.713797],[121.295354,23.713884]],[[121.29604,23.713892],[121.295944,23.7138],[121.296042,23.713802],[121.29604,23.713892]],[[121.299276,23.713927],[121.299279,23.713747],[121.299377,23.713748],[121.299374,23.713929],[121.299276,23.713927]],[[121.292708,23.713765],[121.292709,23.713674],[121.293003,23.713678],[121.293002,23.713768],[121.292708,23.713765]],[[121.293198,23.71377],[121.293101,23.713679],[121.293199,23.71368],[121.293198,23.71377]],[[121.298591,23.71383],[121.298594,23.713649],[121.298692,23.71365],[121.298689,23.713831],[121.298591,23.71383]],[[121.291434,23.71366],[121.291337,23.713569],[121.291435,23.71357],[121.291434,23.71366]],[[121.294672,23.713516],[121.295066,23.71343],[121.294964,23.713699],[121.294671,23.713606],[121.294672,23.713516]],[[121.296043,23.713711],[121.295946,23.71362],[121.296044,23.713621],[121.296043,23.713711]],[[121.302319,23.71378],[121.302418,23.713691],[121.302417,23.713781],[121.302319,23.71378]],[[121.302222,23.713689],[121.302224,23.713508],[121.30242,23.71351],[121.302419,23.713601],[121.302222,23.713689]],[[121.30242,23.71351],[121.302519,23.713421],[121.302518,23.713512],[121.30242,23.71351]],[[121.290455,23.713559],[121.290358,23.713468],[121.290456,23.713469],[121.290455,23.713559]],[[121.293789,23.713596],[121.293791,23.713416],[121.293889,23.713417],[121.293887,23.713597],[121.293789,23.713596]],[[121.303107,23.713518],[121.303006,23.713698],[121.302908,23.713696],[121.30291,23.713516],[121.303107,23.713518]],[[121.291927,23.713485],[121.29183,23.713394],[121.291928,23.713395],[121.291927,23.713485]],[[121.295654,23.713436],[121.295363,23.713162],[121.295366,23.712981],[121.295659,23.713075],[121.295654,23.713436]],[[121.295659,23.713075],[121.295758,23.712986],[121.295757,23.713076],[121.295659,23.713075]],[[121.302714,23.713514],[121.302617,23.713422],[121.302715,23.713423],[121.302714,23.713514]],[[121.291439,23.713299],[121.291342,23.713208],[121.29144,23.713209],[121.291439,23.713299]],[[121.294381,23.713332],[121.294284,23.71324],[121.294382,23.713241],[121.294381,23.713332]],[[121.294872,23.713247],[121.294972,23.713067],[121.29517,23.712979],[121.295067,23.713339],[121.294872,23.713247]],[[121.294578,23.713244],[121.294579,23.713153],[121.294775,23.713155],[121.294774,23.713246],[121.294578,23.713244]],[[121.298796,23.7132],[121.298699,23.713108],[121.298797,23.713109],[121.298796,23.7132]],[[121.305371,23.71282],[121.305466,23.713092],[121.305564,23.713093],[121.305562,23.713274],[121.304977,23.712997],[121.305077,23.712817],[121.305371,23.71282]],[[121.304976,23.713087],[121.304681,23.713084],[121.304683,23.712993],[121.304977,23.712997],[121.304976,23.713087]],[[121.306542,23.713285],[121.306445,23.713193],[121.306543,23.713194],[121.306542,23.713285]],[[121.292913,23.713045],[121.292914,23.712954],[121.293209,23.712958],[121.293207,23.713048],[121.292913,23.713045]],[[121.300366,23.713127],[121.300465,23.713038],[121.300464,23.713128],[121.300366,23.713127]],[[121.300367,23.713036],[121.30027,23.712945],[121.300368,23.712946],[121.300367,23.713036]],[[121.30184,23.712872],[121.301838,23.713053],[121.30174,23.713052],[121.301644,23.71287],[121.30184,23.712872]],[[121.295857,23.712897],[121.295957,23.712807],[121.295955,23.712898],[121.295857,23.712897]],[[121.29576,23.712805],[121.295763,23.712625],[121.295861,23.712626],[121.295858,23.712806],[121.29576,23.712805]],[[121.296348,23.712902],[121.296251,23.712811],[121.296349,23.712812],[121.296348,23.712902]],[[121.301057,23.712773],[121.301054,23.712954],[121.300956,23.712953],[121.300959,23.712772],[121.301057,23.712773]],[[121.301057,23.712773],[121.301156,23.712684],[121.301155,23.712774],[121.301057,23.712773]],[[121.293799,23.712784],[121.293702,23.712692],[121.2938,23.712693],[121.293799,23.712784]],[[121.294683,23.712703],[121.29478,23.712794],[121.294682,23.712793],[121.294683,23.712703]],[[121.294783,23.712523],[121.294881,23.712525],[121.294879,23.712705],[121.294781,23.712704],[121.294783,23.712523]],[[121.295469,23.712621],[121.295466,23.712802],[121.29527,23.7128],[121.295271,23.712709],[121.295469,23.712621]],[[121.299389,23.712845],[121.299292,23.712754],[121.29939,23.712755],[121.299389,23.712845]],[[121.300075,23.712853],[121.300174,23.712763],[121.300173,23.712854],[121.300075,23.712853]],[[121.300076,23.712762],[121.299979,23.712671],[121.300077,23.712672],[121.300076,23.712762]],[[121.300467,23.712857],[121.300468,23.712767],[121.300664,23.712769],[121.300663,23.712859],[121.300467,23.712857]],[[121.305664,23.712914],[121.305667,23.712733],[121.305765,23.712734],[121.305762,23.712915],[121.305664,23.712914]],[[121.304098,23.712716],[121.304001,23.712625],[121.304099,23.712626],[121.304098,23.712716]],[[121.304394,23.712539],[121.30449,23.71272],[121.304196,23.712717],[121.304197,23.712627],[121.304394,23.712539]],[[121.304688,23.712542],[121.304882,23.712725],[121.304686,23.712723],[121.304688,23.712542]],[[121.299,23.71257],[121.299002,23.712389],[121.2991,23.71239],[121.299098,23.712571],[121.299,23.71257]],[[121.295477,23.711989],[121.295277,23.712258],[121.294981,23.712435],[121.294983,23.712255],[121.295281,23.711987],[121.295477,23.711989]],[[121.295477,23.711989],[121.295576,23.7119],[121.295575,23.71199],[121.295477,23.711989]],[[121.295962,23.712356],[121.295961,23.712446],[121.295765,23.712444],[121.295766,23.712354],[121.295962,23.712356]],[[121.295962,23.712356],[121.296062,23.712267],[121.29606,23.712357],[121.295962,23.712356]],[[121.300964,23.712321],[121.300962,23.712501],[121.300766,23.712499],[121.30077,23.712228],[121.300964,23.712321]],[[121.305181,23.712367],[121.305179,23.712547],[121.304886,23.712454],[121.304887,23.712364],[121.305181,23.712367]],[[121.305571,23.712552],[121.305474,23.71246],[121.305572,23.712461],[121.305571,23.712552]],[[121.298219,23.71229],[121.298221,23.71211],[121.298319,23.712111],[121.298317,23.712292],[121.298219,23.71229]],[[121.304005,23.712264],[121.303909,23.712172],[121.304007,23.712173],[121.304005,23.712264]],[[121.293418,23.711967],[121.293514,23.712058],[121.293416,23.712057],[121.293418,23.711967]],[[121.293516,23.711968],[121.293615,23.711879],[121.293614,23.711969],[121.293516,23.711968]],[[121.300771,23.712138],[121.300674,23.712047],[121.300772,23.712048],[121.300771,23.712138]],[[121.304596,23.71209],[121.304792,23.712092],[121.304791,23.712182],[121.304595,23.71218],[121.304596,23.71209]],[[121.304596,23.71209],[121.304499,23.711998],[121.304597,23.711999],[121.304596,23.71209]],[[121.30636,23.712199],[121.306263,23.712108],[121.306361,23.712109],[121.30636,23.712199]],[[121.297046,23.712007],[121.296949,23.711915],[121.297047,23.711916],[121.297046,23.712007]],[[121.29842,23.711931],[121.298323,23.71184],[121.298421,23.711841],[121.29842,23.711931]],[[121.301558,23.711966],[121.301461,23.711875],[121.301559,23.711876],[121.301558,23.711966]],[[121.297931,23.711836],[121.297834,23.711744],[121.297932,23.711745],[121.297931,23.711836]],[[121.305089,23.711914],[121.304992,23.711823],[121.30509,23.711824],[121.305089,23.711914]],[[121.303717,23.711809],[121.30362,23.711718],[121.303718,23.711719],[121.303717,23.711809]],[[121.307247,23.711848],[121.30715,23.711756],[121.307248,23.711757],[121.307247,23.711848]],[[121.294012,23.711522],[121.293915,23.71143],[121.294013,23.711431],[121.294012,23.711522]],[[121.304014,23.711632],[121.303917,23.71154],[121.304015,23.711541],[121.304014,23.711632]],[[121.300092,23.711498],[121.299996,23.711407],[121.300094,23.711408],[121.300092,23.711498]],[[121.304407,23.711546],[121.30431,23.711454],[121.304408,23.711455],[121.304407,23.711546]],[[121.30569,23.710928],[121.305978,23.711382],[121.306076,23.711383],[121.306074,23.711564],[121.30578,23.711561],[121.305782,23.71138],[121.305493,23.711016],[121.30569,23.710928]],[[121.305692,23.710747],[121.30579,23.710748],[121.305788,23.710929],[121.30569,23.710928],[121.305692,23.710747]],[[121.303624,23.711447],[121.303625,23.711357],[121.303821,23.711359],[121.30382,23.711449],[121.303624,23.711447]],[[121.295585,23.711178],[121.295588,23.710997],[121.295784,23.710999],[121.295783,23.71109],[121.295585,23.711178]],[[121.295784,23.710999],[121.295883,23.71091],[121.295882,23.711001],[121.295784,23.710999]],[[121.298037,23.711205],[121.29794,23.711113],[121.298038,23.711115],[121.298037,23.711205]],[[121.304901,23.71128],[121.304611,23.710916],[121.304807,23.710918],[121.305,23.711191],[121.305294,23.711194],[121.305293,23.711284],[121.304901,23.71128]],[[121.297155,23.711105],[121.297059,23.711013],[121.297157,23.711015],[121.297155,23.711105]],[[121.308236,23.711226],[121.308139,23.711135],[121.308237,23.711136],[121.308236,23.711226]],[[121.303628,23.711086],[121.303827,23.710907],[121.303829,23.710727],[121.304219,23.710912],[121.304218,23.711002],[121.303628,23.711086]],[[121.30422,23.710821],[121.304416,23.710823],[121.304414,23.711004],[121.304316,23.711003],[121.30422,23.710821]],[[121.299119,23.710946],[121.299121,23.710765],[121.299219,23.710766],[121.299217,23.710947],[121.299119,23.710946]],[[121.307952,23.710411],[121.307755,23.710499],[121.307851,23.71068],[121.307655,23.710678],[121.307356,23.711036],[121.306963,23.711032],[121.306868,23.71085],[121.306574,23.710847],[121.306575,23.710757],[121.306377,23.710845],[121.306473,23.711027],[121.306277,23.711024],[121.306381,23.710574],[121.306186,23.710482],[121.30619,23.710211],[121.305995,23.710118],[121.305998,23.709847],[121.305803,23.709755],[121.305805,23.709574],[121.306,23.709667],[121.306102,23.709397],[121.306005,23.709306],[121.305515,23.7093],[121.305322,23.709027],[121.305126,23.709025],[121.305128,23.708845],[121.30503,23.708844],[121.305132,23.708574],[121.304937,23.708481],[121.304749,23.707847],[121.304943,23.70803],[121.305334,23.708124],[121.305428,23.708396],[121.305528,23.708307],[121.305821,23.708401],[121.30592,23.708311],[121.305824,23.70813],[121.306119,23.708043],[121.306019,23.708222],[121.306505,23.708589],[121.306502,23.708769],[121.306795,23.708863],[121.306793,23.709043],[121.306987,23.709226],[121.307282,23.709139],[121.307863,23.709687],[121.307861,23.709868],[121.307959,23.709869],[121.307859,23.710048],[121.308054,23.710141],[121.308049,23.710502],[121.307952,23.710411]],[[121.304937,23.708481],[121.304838,23.708571],[121.304839,23.70848],[121.304937,23.708481]],[[121.308147,23.710503],[121.308244,23.710594],[121.308145,23.710684],[121.308241,23.710865],[121.307948,23.710772],[121.30795,23.710591],[121.308147,23.710503]],[[121.299807,23.710863],[121.299809,23.710683],[121.299907,23.710684],[121.299905,23.710864],[121.299807,23.710863]],[[121.305004,23.71092],[121.305005,23.71083],[121.305201,23.710832],[121.3052,23.710922],[121.305004,23.71092]],[[121.305298,23.710923],[121.3053,23.710743],[121.305398,23.710744],[121.305396,23.710924],[121.305298,23.710923]],[[121.304614,23.710735],[121.304713,23.710646],[121.304712,23.710736],[121.304614,23.710735]],[[121.304615,23.710645],[121.304518,23.710554],[121.304616,23.710555],[121.304615,23.710645]],[[121.304908,23.710738],[121.304811,23.710647],[121.304909,23.710648],[121.304908,23.710738]],[[121.297457,23.710566],[121.297459,23.710386],[121.297557,23.710387],[121.297555,23.710567],[121.297457,23.710566]],[[121.298538,23.710398],[121.298438,23.710487],[121.29805,23.710212],[121.298252,23.709762],[121.298737,23.710129],[121.298928,23.710583],[121.298731,23.71058],[121.298538,23.710398]],[[121.299124,23.710585],[121.299126,23.710404],[121.299224,23.710405],[121.299222,23.710586],[121.299124,23.710585]],[[121.301289,23.709976],[121.301577,23.710431],[121.301186,23.710336],[121.301191,23.709975],[121.301289,23.709976]],[[121.301191,23.709975],[121.301094,23.709884],[121.301192,23.709885],[121.301191,23.709975]],[[121.301094,23.709884],[121.300997,23.709793],[121.301095,23.709794],[121.301094,23.709884]],[[121.301675,23.710432],[121.301677,23.710342],[121.301873,23.710344],[121.301872,23.710434],[121.301675,23.710432]],[[121.302166,23.710438],[121.302069,23.710346],[121.302167,23.710347],[121.302166,23.710438]],[[121.305307,23.710201],[121.305305,23.710382],[121.305207,23.710381],[121.305111,23.710199],[121.305307,23.710201]],[[121.303151,23.710087],[121.303051,23.710267],[121.302756,23.710263],[121.302758,23.710173],[121.303151,23.710087]],[[121.304523,23.710192],[121.304622,23.710103],[121.304621,23.710194],[121.304523,23.710192]],[[121.304524,23.710102],[121.304427,23.710011],[121.304525,23.710012],[121.304524,23.710102]],[[121.305797,23.710206],[121.3057,23.710115],[121.305798,23.710116],[121.305797,23.710206]],[[121.305602,23.710114],[121.305505,23.710023],[121.305604,23.710024],[121.305602,23.710114]],[[121.303446,23.71],[121.303349,23.709909],[121.303447,23.70991],[121.303446,23.71]],[[121.302565,23.7099],[121.302664,23.709811],[121.302663,23.709901],[121.302565,23.7099]],[[121.302566,23.70981],[121.302469,23.709718],[121.302567,23.70972],[121.302566,23.70981]],[[121.303644,23.709912],[121.303547,23.709821],[121.303645,23.709822],[121.303644,23.709912]],[[121.303841,23.709824],[121.303744,23.709732],[121.303842,23.709734],[121.303841,23.709824]],[[121.301195,23.709704],[121.301098,23.709613],[121.301196,23.709614],[121.301195,23.709704]],[[121.297666,23.709575],[121.297569,23.709484],[121.297667,23.709485],[121.297666,23.709575]],[[121.299439,23.708963],[121.299435,23.709234],[121.299533,23.709235],[121.299627,23.709597],[121.299431,23.709595],[121.299433,23.709414],[121.299335,23.709413],[121.299341,23.708962],[121.299439,23.708963]],[[121.300219,23.709333],[121.300411,23.709606],[121.299824,23.709509],[121.299826,23.709328],[121.300219,23.709333]],[[121.304628,23.709652],[121.304531,23.70956],[121.304629,23.709562],[121.304628,23.709652]],[[121.305118,23.709657],[121.305021,23.709566],[121.305119,23.709567],[121.305118,23.709657]],[[121.301687,23.709529],[121.30159,23.709438],[121.301688,23.709439],[121.301687,23.709529]],[[121.30326,23.709276],[121.303355,23.709457],[121.303061,23.709454],[121.303062,23.709364],[121.30326,23.709276]],[[121.304141,23.709376],[121.303847,23.709372],[121.30385,23.709101],[121.304046,23.709104],[121.304141,23.709376]],[[121.30385,23.709101],[121.303753,23.70901],[121.303851,23.709011],[121.30385,23.709101]],[[121.303557,23.709008],[121.303365,23.708735],[121.302971,23.708821],[121.30317,23.708643],[121.303074,23.708461],[121.302681,23.708547],[121.302488,23.708274],[121.302193,23.708361],[121.301805,23.707995],[121.301806,23.707905],[121.302102,23.707818],[121.302006,23.707636],[121.302595,23.707553],[121.302789,23.707735],[121.302589,23.708004],[121.30288,23.708278],[121.303076,23.70828],[121.303269,23.708553],[121.303465,23.708555],[121.303463,23.708736],[121.303754,23.70892],[121.303753,23.70901],[121.303557,23.709008]],[[121.302788,23.707826],[121.302885,23.707917],[121.302787,23.707916],[121.302788,23.707826]],[[121.304537,23.709109],[121.304633,23.7092],[121.305222,23.709207],[121.305219,23.709387],[121.304534,23.70929],[121.304537,23.709109]],[[121.30287,23.709091],[121.302965,23.709272],[121.302573,23.709268],[121.302574,23.709178],[121.302377,23.709266],[121.30228,23.709175],[121.302281,23.709084],[121.30287,23.709091]],[[121.303261,23.709185],[121.303164,23.709094],[121.303262,23.709095],[121.303261,23.709185]],[[121.307185,23.709048],[121.307088,23.708956],[121.307186,23.708957],[121.307185,23.709048]],[[121.299244,23.70887],[121.299246,23.70869],[121.299344,23.708691],[121.299342,23.708871],[121.299244,23.70887]],[[121.302872,23.70891],[121.302581,23.708636],[121.302777,23.708638],[121.302872,23.70891]],[[121.307384,23.708869],[121.307386,23.708689],[121.307484,23.70869],[121.307482,23.70887],[121.307384,23.708869]],[[121.297777,23.708583],[121.297579,23.708671],[121.297583,23.708401],[121.297779,23.708403],[121.297777,23.708583]],[[121.303757,23.708739],[121.303856,23.70865],[121.303855,23.70874],[121.303757,23.708739]],[[121.30366,23.708648],[121.303662,23.708467],[121.303861,23.708289],[121.304153,23.708473],[121.304151,23.708563],[121.303858,23.708469],[121.30366,23.708648]],[[121.303861,23.708289],[121.303764,23.708198],[121.303862,23.708199],[121.303861,23.708289]],[[121.304151,23.708563],[121.304248,23.708654],[121.30415,23.708653],[121.304151,23.708563]],[[121.308954,23.708796],[121.308857,23.708705],[121.308955,23.708706],[121.308954,23.708796]],[[121.304642,23.708568],[121.304545,23.708477],[121.304643,23.708478],[121.304642,23.708568]],[[121.307684,23.708421],[121.307686,23.708241],[121.307492,23.708058],[121.307294,23.708236],[121.3071,23.708053],[121.306511,23.708137],[121.306417,23.707775],[121.306613,23.707777],[121.306709,23.707959],[121.307101,23.707963],[121.307202,23.707784],[121.307493,23.707968],[121.307594,23.707788],[121.30779,23.70779],[121.307982,23.708063],[121.308179,23.708065],[121.308372,23.708248],[121.308074,23.708606],[121.307877,23.708604],[121.307684,23.708421]],[[121.297976,23.708315],[121.297879,23.708223],[121.297977,23.708224],[121.297976,23.708315]],[[121.301898,23.708358],[121.301802,23.708266],[121.3019,23.708267],[121.301898,23.708358]],[[121.303272,23.708282],[121.303471,23.708104],[121.303565,23.708376],[121.303272,23.708282]],[[121.301507,23.708263],[121.301509,23.708173],[121.301705,23.708175],[121.301703,23.708265],[121.301507,23.708263]],[[121.30318,23.70783],[121.303278,23.707831],[121.303276,23.708012],[121.303178,23.708011],[121.30318,23.70783]],[[121.30318,23.70783],[121.303083,23.707739],[121.303181,23.70774],[121.30318,23.70783]],[[121.305532,23.707946],[121.305629,23.708037],[121.305531,23.708036],[121.305532,23.707946]],[[121.30563,23.707947],[121.30573,23.707858],[121.305728,23.707948],[121.30563,23.707947]],[[121.297591,23.707769],[121.297595,23.707498],[121.297693,23.707499],[121.297689,23.70777],[121.297591,23.707769]],[[121.299554,23.70761],[121.299653,23.707611],[121.29965,23.707791],[121.299552,23.70779],[121.299554,23.70761]],[[121.299554,23.70761],[121.299458,23.707518],[121.299556,23.707519],[121.299554,23.70761]],[[121.301614,23.707632],[121.301711,23.707724],[121.301612,23.707722],[121.301614,23.707632]],[[121.301713,23.707543],[121.301909,23.707545],[121.301908,23.707635],[121.301712,23.707633],[121.301713,23.707543]],[[121.299266,23.707155],[121.299563,23.706978],[121.29956,23.707158],[121.299949,23.707433],[121.299655,23.70743],[121.299656,23.70734],[121.299363,23.707246],[121.299264,23.707335],[121.299358,23.707607],[121.29926,23.707606],[121.299167,23.707244],[121.299069,23.707243],[121.299074,23.706882],[121.299172,23.706883],[121.299266,23.707155]],[[121.299074,23.706882],[121.298782,23.706698],[121.298784,23.706517],[121.299076,23.706701],[121.299074,23.706882]],[[121.301026,23.707535],[121.300737,23.707171],[121.301033,23.706994],[121.301037,23.706723],[121.301135,23.706724],[121.300849,23.706089],[121.301146,23.705911],[121.301725,23.70664],[121.301721,23.706911],[121.301623,23.70691],[121.301716,23.707272],[121.301521,23.70718],[121.301223,23.707538],[121.301026,23.707535]],[[121.297597,23.707317],[121.297696,23.707228],[121.297695,23.707318],[121.297597,23.707317]],[[121.297402,23.707225],[121.297403,23.707134],[121.297599,23.707137],[121.297598,23.707227],[121.297402,23.707225]],[[121.305539,23.707404],[121.30525,23.70704],[121.305051,23.707218],[121.30476,23.707035],[121.305156,23.706678],[121.304866,23.706404],[121.304868,23.706223],[121.305067,23.706045],[121.305357,23.706319],[121.305553,23.706321],[121.305752,23.706142],[121.305945,23.706325],[121.305845,23.706505],[121.30604,23.706597],[121.305939,23.706867],[121.306133,23.706959],[121.305735,23.707406],[121.305539,23.707404]],[[121.299466,23.706886],[121.299369,23.706795],[121.299467,23.706796],[121.299466,23.706886]],[[121.29692,23.706587],[121.297017,23.706679],[121.296919,23.706678],[121.29692,23.706587]],[[121.297018,23.706588],[121.297216,23.70641],[121.297311,23.706682],[121.297018,23.706588]],[[121.297118,23.706409],[121.297021,23.706318],[121.29712,23.706319],[121.297118,23.706409]],[[121.299272,23.706703],[121.299276,23.706433],[121.299374,23.706434],[121.29937,23.706705],[121.299272,23.706703]],[[121.300841,23.706721],[121.300744,23.706629],[121.300842,23.70663],[121.300841,23.706721]],[[121.297708,23.706325],[121.297806,23.706326],[121.297804,23.706507],[121.297706,23.706506],[121.297708,23.706325]],[[121.297708,23.706325],[121.297513,23.706233],[121.297515,23.706052],[121.297711,23.706054],[121.297708,23.706325]],[[121.296824,23.706406],[121.296727,23.706314],[121.296825,23.706315],[121.296824,23.706406]],[[121.298491,23.706424],[121.298394,23.706333],[121.298492,23.706334],[121.298491,23.706424]],[[121.300256,23.706443],[121.300159,23.706352],[121.300257,23.706353],[121.300256,23.706443]],[[121.298983,23.706339],[121.298886,23.706248],[121.298984,23.706249],[121.298983,23.706339]],[[121.298202,23.70606],[121.298297,23.706241],[121.297906,23.706147],[121.297907,23.706056],[121.298202,23.70606]],[[121.298593,23.706154],[121.298692,23.706065],[121.298691,23.706155],[121.298593,23.706154]],[[121.298594,23.706064],[121.298497,23.705973],[121.298595,23.705974],[121.298594,23.706064]],[[121.297521,23.705601],[121.297715,23.705783],[121.297713,23.705964],[121.297519,23.705781],[121.297323,23.705779],[121.297325,23.705598],[121.297521,23.705601]],[[121.297325,23.705598],[121.297228,23.705507],[121.297326,23.705508],[121.297325,23.705598]],[[121.297228,23.705507],[121.297131,23.705416],[121.297034,23.705324],[121.29723,23.705327],[121.297228,23.705507]],[[121.29791,23.705876],[121.297813,23.705784],[121.297911,23.705785],[121.29791,23.705876]],[[121.30144,23.705915],[121.301343,23.705823],[121.301441,23.705824],[121.30144,23.705915]],[[121.301636,23.705917],[121.301539,23.705825],[121.301637,23.705826],[121.301636,23.705917]],[[121.30615,23.705695],[121.306349,23.705427],[121.306641,23.70561],[121.306442,23.705879],[121.30615,23.705695]],[[121.298206,23.705698],[121.298109,23.705607],[121.298208,23.705608],[121.298206,23.705698]],[[121.301541,23.705645],[121.301444,23.705553],[121.301542,23.705555],[121.301541,23.705645]],[[121.301739,23.705557],[121.301838,23.705467],[121.301837,23.705558],[121.301739,23.705557]],[[121.30174,23.705466],[121.301546,23.705284],[121.301842,23.705106],[121.301552,23.704832],[121.301754,23.704383],[121.301852,23.704384],[121.301659,23.704111],[121.301956,23.703934],[121.302246,23.704208],[121.302346,23.704119],[121.302251,23.703847],[121.302548,23.703669],[121.302741,23.703852],[121.302642,23.703941],[121.302737,23.704213],[121.30244,23.70439],[121.302533,23.704753],[121.302037,23.705199],[121.301841,23.705197],[121.30174,23.705466]],[[121.301645,23.705194],[121.301548,23.705103],[121.301646,23.705104],[121.301645,23.705194]],[[121.297819,23.705333],[121.297722,23.705242],[121.29782,23.705243],[121.297819,23.705333]],[[121.297727,23.70488],[121.297626,23.70506],[121.297528,23.705059],[121.297531,23.704878],[121.297727,23.70488]],[[121.297137,23.704964],[121.297236,23.704875],[121.297235,23.704965],[121.297137,23.704964]],[[121.297138,23.704874],[121.297041,23.704783],[121.297139,23.704784],[121.297138,23.704874]],[[121.306256,23.705064],[121.306159,23.704973],[121.306257,23.704974],[121.306256,23.705064]],[[121.297141,23.704693],[121.297044,23.704602],[121.297142,23.704603],[121.297141,23.704693]],[[121.298222,23.704525],[121.298125,23.704433],[121.298223,23.704434],[121.298222,23.704525]],[[121.297149,23.704061],[121.297253,23.703611],[121.297449,23.703613],[121.297543,23.703885],[121.297346,23.703973],[121.297341,23.704334],[121.297145,23.704332],[121.297148,23.704152],[121.297246,23.704153],[121.297149,23.704061]],[[121.298126,23.704343],[121.298029,23.704252],[121.298127,23.704253],[121.298126,23.704343]],[[121.297051,23.70406],[121.296954,23.703969],[121.297052,23.70397],[121.297051,23.70406]],[[121.299208,23.704084],[121.299111,23.703993],[121.299209,23.703994],[121.299208,23.704084]],[[121.299796,23.704091],[121.299504,23.703907],[121.299507,23.703726],[121.299803,23.703549],[121.299997,23.703732],[121.299994,23.704002],[121.299797,23.704],[121.299796,23.704091]],[[121.299994,23.704002],[121.30009,23.704094],[121.299992,23.704093],[121.299994,23.704002]],[[121.301169,23.704106],[121.301072,23.704014],[121.30117,23.704015],[121.301169,23.704106]],[[121.301372,23.703566],[121.301374,23.703385],[121.301573,23.703207],[121.301865,23.703391],[121.301862,23.703571],[121.301664,23.70375],[121.301372,23.703566]],[[121.305294,23.703609],[121.305488,23.703792],[121.305292,23.70379],[121.305294,23.703609]],[[121.297078,23.701984],[121.29708,23.701803],[121.297178,23.701804],[121.297469,23.702078],[121.297763,23.702082],[121.297664,23.702171],[121.297757,23.702533],[121.297855,23.702534],[121.297747,23.703346],[121.297353,23.703432],[121.297355,23.703251],[121.297553,23.703163],[121.297457,23.702981],[121.297654,23.702893],[121.297657,23.702713],[121.297462,23.70262],[121.297661,23.702351],[121.297274,23.701986],[121.297078,23.701984]],[[121.297457,23.702981],[121.29736,23.70289],[121.297458,23.702891],[121.297457,23.702981]],[[121.29737,23.702168],[121.29727,23.702257],[121.297272,23.702166],[121.29737,23.702168]],[[121.298531,23.703354],[121.298434,23.703263],[121.298532,23.703264],[121.298531,23.703354]],[[121.303729,23.703321],[121.303632,23.70323],[121.30373,23.703231],[121.303729,23.703321]],[[121.298338,23.703081],[121.298241,23.70299],[121.29834,23.702991],[121.298338,23.703081]],[[121.301673,23.703028],[121.301576,23.702936],[121.301674,23.702937],[121.301673,23.703028]],[[121.299032,23.702547],[121.299329,23.702279],[121.299235,23.702007],[121.299531,23.70183],[121.299725,23.702013],[121.299427,23.702281],[121.299522,23.702552],[121.299324,23.702731],[121.299032,23.702547]],[[121.307077,23.702274],[121.30698,23.702183],[121.307078,23.702184],[121.307077,23.702274]],[[121.300609,23.701932],[121.300512,23.701841],[121.30061,23.701842],[121.300609,23.701932]],[[121.303068,23.701327],[121.302971,23.701236],[121.303069,23.701237],[121.303068,23.701327]],[[121.303269,23.700968],[121.303172,23.700877],[121.30327,23.700878],[121.303269,23.700968]],[[121.303868,23.700162],[121.30387,23.699981],[121.303968,23.699983],[121.303966,23.700163],[121.303868,23.700162]],[[121.307204,23.700018],[121.307107,23.699927],[121.307205,23.699928],[121.307204,23.700018]],[[121.307313,23.699116],[121.307414,23.698937],[121.30761,23.698939],[121.307508,23.699209],[121.307313,23.699116]],[[121.307215,23.699115],[121.307118,23.699024],[121.307216,23.699025],[121.307215,23.699115]],[[121.307172,23.694871],[121.307174,23.69469],[121.307272,23.694691],[121.30727,23.694872],[121.307172,23.694871]]],[[[121.283562,23.71565],[121.283958,23.715384],[121.283962,23.715113],[121.284453,23.715028],[121.284066,23.714662],[121.28417,23.714212],[121.284466,23.714035],[121.28447,23.713764],[121.284568,23.713765],[121.284472,23.713583],[121.284274,23.713762],[121.28388,23.713848],[121.282987,23.71465],[121.282981,23.715102],[121.283274,23.715195],[121.283272,23.715376],[121.283562,23.71565]]],[[[121.281356,23.719328],[121.281455,23.719329],[121.281457,23.719148],[121.281263,23.718966],[121.280577,23.718958],[121.280378,23.719136],[121.280571,23.719409],[121.280865,23.719413],[121.280864,23.719503],[121.281061,23.719415],[121.281157,23.719597],[121.281354,23.719508],[121.281356,23.719328]]],[[[121.296512,23.722927],[121.296419,23.722474],[121.296222,23.722563],[121.296314,23.723015],[121.296512,23.722927]]],[[[121.303313,23.727878],[121.302629,23.72769],[121.302631,23.727509],[121.302927,23.727422],[121.302734,23.727149],[121.302535,23.727328],[121.302144,23.727233],[121.302049,23.727051],[121.301851,23.727139],[121.301849,23.72732],[121.301947,23.727321],[121.301942,23.727682],[121.301745,23.72777],[121.30184,23.728042],[121.302135,23.727955],[121.302329,23.728138],[121.303211,23.728148],[121.303313,23.727878]]],[[[121.303579,23.699707],[121.30348,23.699797],[121.303578,23.699798],[121.303579,23.699707]]],[[[121.309737,23.70131],[121.310136,23.700772],[121.309844,23.700589],[121.309851,23.700047],[121.309463,23.699681],[121.309363,23.699861],[121.309461,23.699862],[121.309453,23.700494],[121.309551,23.700495],[121.309542,23.701217],[121.309737,23.70131]]],[[[121.306595,23.709222],[121.306695,23.709042],[121.306307,23.708677],[121.305916,23.708582],[121.305915,23.708673],[121.305522,23.708759],[121.305618,23.70894],[121.305814,23.708942],[121.305815,23.708852],[121.30601,23.708945],[121.306007,23.709125],[121.305909,23.709124],[121.306005,23.709306],[121.306299,23.709309],[121.3063,23.709219],[121.306595,23.709222]]],[[[121.306268,23.719332],[121.306466,23.719153],[121.306176,23.718879],[121.305878,23.719147],[121.305583,23.719234],[121.305775,23.719507],[121.306166,23.719602],[121.306162,23.719963],[121.30626,23.719964],[121.306268,23.719332]]],[[[121.307782,23.723592],[121.307203,23.722864],[121.306715,23.722678],[121.306522,23.722405],[121.306227,23.722492],[121.306318,23.723035],[121.306609,23.723309],[121.306805,23.723311],[121.306803,23.723491],[121.306996,23.723674],[121.307682,23.723772],[121.307782,23.723592]],[[121.306905,23.723131],[121.307198,23.723225],[121.307196,23.723405],[121.307,23.723403],[121.307002,23.723223],[121.306904,23.723222],[121.306905,23.723131]]],[[[121.305685,23.726459],[121.306176,23.726464],[121.306175,23.726555],[121.306469,23.726558],[121.306468,23.726648],[121.306665,23.72656],[121.306182,23.726013],[121.305887,23.72601],[121.305886,23.7261],[121.305592,23.726097],[121.305591,23.726187],[121.305295,23.726274],[121.305389,23.726636],[121.305585,23.726639],[121.305685,23.726459]]],[[[121.303718,23.726889],[121.303328,23.726704],[121.303224,23.727154],[121.303418,23.727337],[121.303614,23.727339],[121.303718,23.726889]]]]}},{"type":"Feature","properties":{"kind":"bare_dam","month":"2026-02","area_ha":129.87},"geometry":{"type":"MultiPolygon","coordinates":[[[[121.313749,23.686725],[121.313555,23.686542],[121.313063,23.686627],[121.313354,23.686901],[121.313152,23.687351],[121.313249,23.687442],[121.313544,23.687355],[121.313738,23.687538],[121.313749,23.686725]]],[[[121.299959,23.699126],[121.299857,23.699396],[121.300246,23.699671],[121.300242,23.699942],[121.300144,23.699941],[121.300239,23.700213],[121.299843,23.700479],[121.299841,23.70066],[121.302194,23.700685],[121.302294,23.700506],[121.302686,23.70051],[121.303579,23.699707],[121.303486,23.699345],[121.303682,23.699347],[121.303785,23.698987],[121.303982,23.698899],[121.303989,23.698357],[121.304185,23.69836],[121.304191,23.697908],[121.305481,23.696748],[121.306167,23.696756],[121.306267,23.696576],[121.306856,23.696583],[121.306955,23.696494],[121.306964,23.695771],[121.307162,23.695683],[121.306968,23.6955],[121.30697,23.69532],[121.306774,23.695318],[121.306775,23.695227],[121.306971,23.69523],[121.306983,23.694327],[121.307975,23.693435],[121.308269,23.693438],[121.308468,23.693259],[121.30808,23.692894],[121.308179,23.692805],[121.308866,23.692812],[121.308867,23.692722],[121.309063,23.692724],[121.309163,23.692545],[121.309457,23.692548],[121.309458,23.692457],[121.310144,23.692555],[121.310244,23.692376],[121.310734,23.692381],[121.311528,23.691667],[121.311535,23.691126],[121.311732,23.691037],[121.311736,23.690767],[121.311933,23.690678],[121.311937,23.690317],[121.311839,23.690316],[121.311941,23.690046],[121.312137,23.690049],[121.312335,23.68987],[121.312638,23.689241],[121.312833,23.689334],[121.313031,23.689155],[121.313033,23.688975],[121.313229,23.688977],[121.313232,23.688796],[121.313527,23.688709],[121.313532,23.688348],[121.313239,23.688255],[121.312949,23.68789],[121.312752,23.687978],[121.312853,23.687709],[121.312466,23.687343],[121.312566,23.687164],[121.312179,23.686798],[121.311785,23.686884],[121.311592,23.686702],[121.31209,23.686075],[121.312286,23.686077],[121.312577,23.686351],[121.312774,23.686263],[121.31287,23.686445],[121.313066,23.686447],[121.313363,23.686179],[121.312783,23.685541],[121.312391,23.685536],[121.312295,23.685355],[121.312001,23.685352],[121.311906,23.68517],[121.311611,23.685167],[121.311516,23.684985],[121.310927,23.684979],[121.310924,23.685249],[121.310825,23.685339],[121.31063,23.685246],[121.310528,23.685516],[121.31043,23.685515],[121.310523,23.685967],[121.310034,23.685872],[121.309835,23.68605],[121.309732,23.68641],[121.309441,23.686227],[121.309143,23.686494],[121.309141,23.686675],[121.308945,23.686673],[121.308947,23.686492],[121.308654,23.686399],[121.308256,23.686846],[121.30806,23.686844],[121.308059,23.686934],[121.307864,23.686841],[121.307467,23.687198],[121.30756,23.687561],[121.307265,23.687648],[121.307357,23.6881],[121.306575,23.687911],[121.306574,23.688001],[121.306181,23.688087],[121.305783,23.688534],[121.305292,23.688619],[121.305189,23.688979],[121.304894,23.689066],[121.304793,23.689246],[121.304599,23.689063],[121.304207,23.689059],[121.304206,23.689149],[121.303912,23.689146],[121.303714,23.689324],[121.303419,23.689321],[121.303119,23.689769],[121.302529,23.689944],[121.302429,23.690123],[121.302134,23.69012],[121.302133,23.69021],[121.301938,23.690118],[121.301839,23.690207],[121.30184,23.690117],[121.301253,23.69002],[121.301254,23.68993],[121.300765,23.689834],[121.300767,23.689744],[121.30057,23.689741],[121.300569,23.689832],[121.300373,23.68983],[121.300374,23.689739],[121.298708,23.689721],[121.298607,23.6899],[121.298018,23.689984],[121.297522,23.69043],[121.297514,23.691062],[121.298006,23.690887],[121.298199,23.69116],[121.298493,23.691163],[121.298593,23.690984],[121.298301,23.6908],[121.298304,23.69062],[121.29811,23.690437],[121.298408,23.690169],[121.298701,23.690263],[121.298702,23.690172],[121.299192,23.690178],[121.299292,23.689998],[121.299683,23.690093],[121.299882,23.689914],[121.300076,23.690097],[121.299976,23.690186],[121.300072,23.690368],[121.300465,23.690282],[121.300464,23.690372],[121.300953,23.690468],[121.301147,23.690651],[121.301048,23.69074],[121.301143,23.690922],[121.301243,23.690832],[121.301536,23.690926],[121.301735,23.690657],[121.301638,23.690566],[121.30144,23.690744],[121.301244,23.690742],[121.301245,23.690652],[121.301343,23.690653],[121.301445,23.690383],[121.301739,23.690386],[121.301738,23.690477],[121.30213,23.690481],[121.302418,23.690936],[121.302713,23.690849],[121.302712,23.690939],[121.302907,23.691031],[121.302508,23.691569],[121.302312,23.691567],[121.302211,23.691746],[121.302115,23.691655],[121.301819,23.691742],[121.30182,23.691651],[121.301526,23.691648],[121.301431,23.691467],[121.301331,23.691556],[121.301135,23.691554],[121.30104,23.691372],[121.300842,23.69146],[121.300649,23.691277],[121.300555,23.690915],[121.299869,23.690908],[121.299773,23.690726],[121.299575,23.690904],[121.299379,23.690902],[121.299283,23.690721],[121.298989,23.690717],[121.298691,23.690985],[121.298885,23.691168],[121.298978,23.69153],[121.29947,23.691445],[121.299565,23.691627],[121.300447,23.691727],[121.300248,23.691905],[121.300343,23.692177],[121.300045,23.692445],[121.299851,23.692262],[121.299655,23.69226],[121.299463,23.691987],[121.299266,23.692075],[121.298975,23.691801],[121.298977,23.69162],[121.298684,23.691527],[121.298685,23.691436],[121.298196,23.691341],[121.298096,23.69152],[121.297999,23.691429],[121.297802,23.691517],[121.297796,23.691968],[121.297894,23.69197],[121.297986,23.692422],[121.298083,23.692513],[121.298378,23.692426],[121.298475,23.692518],[121.298375,23.692697],[121.29857,23.69279],[121.298565,23.693151],[121.298368,23.693239],[121.29856,23.693512],[121.298064,23.693958],[121.298062,23.694139],[121.298256,23.694321],[121.298845,23.694237],[121.298746,23.694327],[121.298842,23.694508],[121.299235,23.694422],[121.299037,23.694601],[121.29913,23.694963],[121.299228,23.694964],[121.299127,23.695234],[121.29932,23.695417],[121.299616,23.69533],[121.299613,23.69551],[121.299711,23.695511],[121.29961,23.695781],[121.299118,23.695866],[121.299116,23.696046],[121.29931,23.696229],[121.299605,23.696142],[121.299509,23.69596],[121.3,23.695966],[121.3001,23.695786],[121.300294,23.695969],[121.300687,23.695883],[121.301268,23.696431],[121.301467,23.696253],[121.301858,23.696347],[121.302148,23.696622],[121.302047,23.696891],[121.302242,23.696984],[121.302541,23.696626],[121.302447,23.696264],[121.302843,23.695997],[121.302845,23.695816],[121.302651,23.695634],[121.302848,23.695636],[121.302846,23.695726],[121.302946,23.695637],[121.303632,23.695644],[121.303931,23.695287],[121.304126,23.695379],[121.304024,23.695649],[121.303828,23.695647],[121.30363,23.695825],[121.303722,23.696278],[121.303032,23.696541],[121.302928,23.696991],[121.302829,23.69708],[121.302634,23.696988],[121.302138,23.697434],[121.302136,23.697615],[121.301839,23.697792],[121.30203,23.698155],[121.301834,23.698153],[121.301641,23.69797],[121.301541,23.69806],[121.301636,23.698332],[121.301147,23.698236],[121.300849,23.698504],[121.300745,23.698954],[121.30055,23.698861],[121.300154,23.699218],[121.299959,23.699126]],[[121.301345,23.690472],[121.301249,23.690381],[121.301347,23.690382],[121.301345,23.690472]],[[121.30281,23.69094],[121.302909,23.690851],[121.302908,23.690941],[121.30281,23.69094]],[[121.298378,23.692426],[121.298478,23.692337],[121.298476,23.692427],[121.298378,23.692426]],[[121.302148,23.696622],[121.302248,23.696532],[121.302246,23.696623],[121.302148,23.696622]],[[121.300154,23.699218],[121.30025,23.69931],[121.300347,23.699401],[121.300151,23.699399],[121.300154,23.699218]],[[121.301708,23.700319],[121.301609,23.700408],[121.30161,23.700318],[121.301708,23.700319]],[[121.302201,23.700144],[121.302494,23.700237],[121.302492,23.700418],[121.302199,23.700324],[121.302201,23.700144]],[[121.301022,23.700311],[121.30073,23.700128],[121.300732,23.699947],[121.301029,23.69977],[121.301223,23.699952],[121.30122,23.700133],[121.301022,23.700311]],[[121.302005,23.700142],[121.301906,23.700231],[121.301907,23.700141],[121.302005,23.700142]],[[121.301812,23.699869],[121.301713,23.699958],[121.301714,23.699868],[121.301812,23.699869]],[[121.303088,23.699792],[121.302892,23.69979],[121.302893,23.6997],[121.303089,23.699702],[121.303088,23.699792]],[[121.301328,23.699412],[121.301229,23.699501],[121.30123,23.699411],[121.301328,23.699412]],[[121.302898,23.699339],[121.302704,23.699156],[121.302706,23.698975],[121.302901,23.699068],[121.303002,23.698888],[121.303198,23.698891],[121.303195,23.699071],[121.303097,23.69907],[121.303192,23.699342],[121.302898,23.699339]],[[121.301135,23.699139],[121.301036,23.699228],[121.301037,23.699138],[121.301135,23.699139]],[[121.301428,23.699232],[121.301431,23.699052],[121.301529,23.699053],[121.301526,23.699233],[121.301428,23.699232]],[[121.301332,23.699051],[121.301336,23.69878],[121.301142,23.698597],[121.301533,23.698692],[121.301531,23.698872],[121.301332,23.699051]],[[121.30192,23.699147],[121.301823,23.699056],[121.301921,23.699057],[121.30192,23.699147]],[[121.301823,23.699056],[121.301726,23.698965],[121.301824,23.698966],[121.301823,23.699056]],[[121.301825,23.698875],[121.301629,23.698873],[121.301631,23.698693],[121.301827,23.698695],[121.301825,23.698875]],[[121.303297,23.698801],[121.303299,23.698621],[121.303397,23.698622],[121.303395,23.698802],[121.303297,23.698801]],[[121.303299,23.698621],[121.303202,23.698529],[121.3033,23.69853],[121.303299,23.698621]],[[121.303006,23.698527],[121.303007,23.698437],[121.303204,23.698439],[121.303202,23.698529],[121.303006,23.698527]],[[121.303007,23.698437],[121.302911,23.698346],[121.303009,23.698347],[121.303007,23.698437]],[[121.302814,23.698254],[121.302618,23.698252],[121.302619,23.698162],[121.302815,23.698164],[121.302814,23.698254]],[[121.303504,23.697991],[121.303404,23.69808],[121.303405,23.69799],[121.303504,23.697991]],[[121.303906,23.697183],[121.303807,23.697272],[121.303808,23.697182],[121.303906,23.697183]],[[121.303712,23.697],[121.303613,23.697089],[121.303614,23.696999],[121.303712,23.697]],[[121.304401,23.696827],[121.304302,23.696916],[121.304303,23.696826],[121.304401,23.696827]],[[121.304895,23.696561],[121.304796,23.696651],[121.304797,23.69656],[121.304895,23.696561]],[[121.302055,23.696259],[121.301764,23.695985],[121.301963,23.695807],[121.302255,23.695991],[121.302055,23.696259]],[[121.304216,23.696012],[121.304116,23.696101],[121.304117,23.696011],[121.304216,23.696012]],[[121.303923,23.695919],[121.303823,23.696008],[121.303824,23.695918],[121.303923,23.695919]],[[121.302259,23.695629],[121.302553,23.695633],[121.302551,23.695813],[121.302258,23.69572],[121.302259,23.695629]],[[121.304321,23.695471],[121.304419,23.695473],[121.304421,23.695292],[121.304323,23.695291],[121.304423,23.695111],[121.304617,23.695294],[121.304813,23.695296],[121.304219,23.695741],[121.304321,23.695471]],[[121.306573,23.695677],[121.306377,23.695675],[121.30638,23.695494],[121.306576,23.695496],[121.306573,23.695677]],[[121.301182,23.695527],[121.300986,23.695525],[121.300987,23.695435],[121.301183,23.695437],[121.301182,23.695527]],[[121.299716,23.69515],[121.30001,23.695153],[121.300009,23.695244],[121.299812,23.695332],[121.299716,23.69515]],[[121.306677,23.695226],[121.306578,23.695316],[121.306579,23.695225],[121.306677,23.695226]],[[121.299525,23.694787],[121.300015,23.694792],[121.30011,23.694974],[121.299523,23.694877],[121.299525,23.694787]],[[121.301778,23.694902],[121.301679,23.694991],[121.30168,23.694901],[121.301778,23.694902]],[[121.304326,23.69502],[121.304329,23.694839],[121.304623,23.694843],[121.304522,23.695022],[121.304326,23.69502]],[[121.304621,23.695023],[121.305117,23.694577],[121.305022,23.694305],[121.305218,23.694307],[121.30532,23.694038],[121.305418,23.694039],[121.305324,23.693676],[121.305523,23.693498],[121.305719,23.6935],[121.306009,23.693774],[121.305908,23.694044],[121.305711,23.694132],[121.305708,23.694313],[121.305311,23.69467],[121.305209,23.69503],[121.304621,23.695023]],[[121.299529,23.694426],[121.29943,23.694515],[121.299431,23.694425],[121.299529,23.694426]],[[121.300117,23.694432],[121.300018,23.694521],[121.300019,23.694431],[121.300117,23.694432]],[[121.306101,23.694317],[121.306001,23.694406],[121.306002,23.694316],[121.306101,23.694317]],[[121.299335,23.694243],[121.299045,23.693969],[121.299243,23.69379],[121.299535,23.693974],[121.299335,23.694243]],[[121.306496,23.69405],[121.306399,23.693959],[121.306497,23.69396],[121.306496,23.69405]],[[121.306399,23.693959],[121.306302,23.693868],[121.3064,23.693869],[121.306399,23.693959]],[[121.300616,23.693805],[121.300615,23.693896],[121.300321,23.693892],[121.300323,23.693712],[121.300616,23.693805]],[[121.300323,23.693712],[121.300226,23.693621],[121.300129,23.693529],[121.300325,23.693531],[121.300323,23.693712]],[[121.306989,23.693875],[121.306891,23.693874],[121.306893,23.693694],[121.306991,23.693695],[121.306989,23.693875]],[[121.307185,23.693877],[121.307087,23.693876],[121.307089,23.693696],[121.307187,23.693697],[121.307185,23.693877]],[[121.300822,23.692995],[121.300624,23.693173],[121.300719,23.693445],[121.300521,23.693533],[121.300524,23.693353],[121.300039,23.692896],[121.299547,23.693071],[121.299354,23.692798],[121.299751,23.692441],[121.300137,23.692897],[121.300629,23.692812],[121.300822,23.692995]],[[121.300822,23.692995],[121.300922,23.692906],[121.300921,23.692996],[121.300822,23.692995]],[[121.305915,23.693502],[121.305721,23.69332],[121.305627,23.693048],[121.305825,23.692869],[121.306021,23.692871],[121.306309,23.693326],[121.306111,23.693504],[121.305915,23.693502]],[[121.307289,23.693427],[121.307189,23.693516],[121.307191,23.693426],[121.307289,23.693427]],[[121.299544,23.693252],[121.299445,23.693341],[121.299446,23.693251],[121.299544,23.693252]],[[121.301213,23.69309],[121.301114,23.693179],[121.301115,23.693089],[121.301213,23.69309]],[[121.307002,23.692882],[121.306805,23.69288],[121.306807,23.69279],[121.307003,23.692792],[121.307002,23.692882]],[[121.301026,23.692455],[121.301224,23.692277],[121.30142,23.692279],[121.301222,23.692458],[121.301218,23.692728],[121.30112,23.692727],[121.301026,23.692455]],[[121.301026,23.692455],[121.300929,23.692364],[121.301027,23.692365],[121.301026,23.692455]],[[121.299258,23.692617],[121.298968,23.692343],[121.299166,23.692164],[121.299458,23.692348],[121.299258,23.692617]],[[121.308486,23.691815],[121.30829,23.691813],[121.307695,23.692348],[121.307401,23.692345],[121.3073,23.692524],[121.306908,23.69252],[121.307206,23.692252],[121.3075,23.692255],[121.307699,23.691987],[121.308093,23.691901],[121.308193,23.691721],[121.308587,23.691635],[121.308486,23.691815]],[[121.308587,23.691635],[121.308785,23.691457],[121.308788,23.691186],[121.308986,23.691098],[121.308988,23.690917],[121.309283,23.69083],[121.309182,23.6911],[121.309084,23.691099],[121.309277,23.691282],[121.309178,23.691371],[121.309274,23.691552],[121.309078,23.69155],[121.309077,23.691641],[121.30898,23.691549],[121.308587,23.691635]],[[121.300635,23.692361],[121.300439,23.692359],[121.30044,23.692268],[121.300636,23.692271],[121.300635,23.692361]],[[121.304266,23.69213],[121.304168,23.692129],[121.30417,23.691948],[121.304268,23.691949],[121.304266,23.69213]],[[121.300741,23.69173],[121.300642,23.691819],[121.300542,23.691908],[121.300545,23.691728],[121.300741,23.69173]],[[121.302014,23.691834],[121.301915,23.691923],[121.301916,23.691833],[121.302014,23.691834]],[[121.30339,23.691578],[121.303003,23.691213],[121.303299,23.691036],[121.303589,23.6914],[121.30339,23.691578]],[[121.305645,23.691603],[121.305355,23.691329],[121.305553,23.691151],[121.305845,23.691334],[121.305645,23.691603]],[[121.310156,23.691562],[121.310059,23.691471],[121.310158,23.691472],[121.310156,23.691562]],[[121.310059,23.691471],[121.309963,23.691379],[121.310061,23.69138],[121.310059,23.691471]],[[121.303788,23.691131],[121.303689,23.69122],[121.30369,23.69113],[121.303788,23.691131]],[[121.304179,23.691226],[121.304082,23.691134],[121.30418,23.691136],[121.304179,23.691226]],[[121.304082,23.691134],[121.303986,23.691043],[121.304084,23.691044],[121.304082,23.691134]],[[121.306142,23.691067],[121.305851,23.690883],[121.305853,23.690702],[121.306049,23.690704],[121.306142,23.691067]],[[121.306535,23.691071],[121.306437,23.69107],[121.306439,23.690889],[121.306537,23.69089],[121.306535,23.691071]],[[121.306341,23.690888],[121.306242,23.690977],[121.306243,23.690887],[121.306341,23.690888]],[[121.304184,23.690865],[121.304086,23.690864],[121.304088,23.690683],[121.304186,23.690684],[121.304184,23.690865]],[[121.309577,23.690833],[121.309479,23.690832],[121.309482,23.690652],[121.30958,23.690653],[121.309577,23.690833]],[[121.310463,23.690572],[121.310855,23.690576],[121.310853,23.690757],[121.310462,23.690662],[121.310463,23.690572]],[[121.310951,23.690758],[121.31105,23.690669],[121.311049,23.690759],[121.310951,23.690758]],[[121.31105,23.690669],[121.31115,23.69058],[121.311148,23.69067],[121.31105,23.690669]],[[121.306249,23.690436],[121.306149,23.690525],[121.306151,23.690435],[121.306249,23.690436]],[[121.310169,23.690569],[121.310071,23.690568],[121.310073,23.690387],[121.310171,23.690388],[121.310169,23.690569]],[[121.311445,23.690493],[121.311346,23.690582],[121.311347,23.690491],[121.311445,23.690493]],[[121.309779,23.690384],[121.30968,23.690473],[121.309681,23.690383],[121.309779,23.690384]],[[121.311154,23.690218],[121.311055,23.690308],[121.311056,23.690217],[121.311154,23.690218]],[[121.310569,23.689941],[121.310764,23.690034],[121.310763,23.690124],[121.310567,23.690122],[121.310569,23.689941]],[[121.311453,23.689861],[121.311746,23.689954],[121.311744,23.690135],[121.311451,23.690041],[121.311453,23.689861]],[[121.307825,23.689821],[121.307726,23.68991],[121.307727,23.68982],[121.307825,23.689821]],[[121.310571,23.689851],[121.310473,23.68985],[121.310475,23.689669],[121.310573,23.68967],[121.310571,23.689851]],[[121.311161,23.689677],[121.311062,23.689766],[121.311063,23.689676],[121.311161,23.689677]],[[121.312045,23.689596],[121.311946,23.689685],[121.311947,23.689595],[121.312045,23.689596]],[[121.308029,23.689281],[121.308127,23.689282],[121.308124,23.689463],[121.307927,23.689551],[121.308029,23.689281]],[[121.310576,23.689399],[121.310575,23.68949],[121.310183,23.689485],[121.310184,23.689395],[121.310874,23.689132],[121.310872,23.689312],[121.310576,23.689399]],[[121.310872,23.689312],[121.310969,23.689404],[121.310871,23.689403],[121.310872,23.689312]],[[121.311658,23.68914],[121.311559,23.68923],[121.31156,23.689139],[121.311658,23.68914]],[[121.312738,23.689062],[121.312639,23.689151],[121.31264,23.689061],[121.312738,23.689062]],[[121.311072,23.688953],[121.310973,23.689043],[121.310974,23.688952],[121.311072,23.688953]],[[121.311467,23.688777],[121.311271,23.688775],[121.311272,23.688685],[121.311468,23.688687],[121.311467,23.688777]],[[121.309606,23.688576],[121.309507,23.688665],[121.309508,23.688575],[121.309606,23.688576]],[[121.311767,23.688329],[121.311668,23.688418],[121.311669,23.688328],[121.311767,23.688329]],[[121.309514,23.688124],[121.309417,23.688032],[121.309515,23.688033],[121.309514,23.688124]],[[121.309417,23.688032],[121.30932,23.687941],[121.309419,23.687942],[121.309417,23.688032]],[[121.312361,23.687884],[121.312067,23.687881],[121.312068,23.68779],[121.312362,23.687794],[121.312361,23.687884]],[[121.309225,23.687759],[121.309128,23.687668],[121.309226,23.687669],[121.309225,23.687759]],[[121.309128,23.687668],[121.309031,23.687577],[121.309129,23.687578],[121.309128,23.687668]],[[121.309031,23.687577],[121.308934,23.687485],[121.309032,23.687486],[121.309031,23.687577]],[[121.310618,23.686149],[121.310519,23.686238],[121.31052,23.686148],[121.310618,23.686149]],[[121.311013,23.685973],[121.310918,23.685701],[121.311114,23.685703],[121.311208,23.686065],[121.311013,23.685973]]],[[[121.297148,23.696567],[121.29715,23.696386],[121.297348,23.696298],[121.297253,23.696026],[121.296758,23.696382],[121.296951,23.696655],[121.297148,23.696567]]],[[[121.29389,23.698246],[121.294483,23.697892],[121.294777,23.697895],[121.294779,23.697805],[121.295172,23.697719],[121.295271,23.69763],[121.295077,23.697447],[121.295179,23.697177],[121.294887,23.696993],[121.294788,23.697082],[121.294882,23.697354],[121.294684,23.697533],[121.29449,23.69735],[121.294098,23.697346],[121.293997,23.697615],[121.2937,23.697793],[121.293506,23.69761],[121.293509,23.697429],[121.293412,23.697338],[121.293214,23.697426],[121.293022,23.697153],[121.29322,23.696975],[121.293317,23.697066],[121.293514,23.696978],[121.293708,23.697161],[121.293811,23.696801],[121.293518,23.696707],[121.293519,23.696617],[121.293127,23.696613],[121.292933,23.69643],[121.293034,23.69625],[121.292838,23.696248],[121.29254,23.696516],[121.292536,23.696787],[121.292339,23.696875],[121.292331,23.697507],[121.292718,23.697872],[121.293109,23.697967],[121.293308,23.697788],[121.2935,23.698061],[121.293698,23.697973],[121.29389,23.698246]],[[121.292729,23.69706],[121.29263,23.697149],[121.292631,23.697059],[121.292729,23.69706]]],[[[121.299585,23.697677],[121.299296,23.697313],[121.298902,23.697399],[121.298998,23.69758],[121.299194,23.697582],[121.299289,23.697854],[121.299485,23.697856],[121.299585,23.697677]]],[[[121.299683,23.697678],[121.299877,23.697861],[121.299977,23.697681],[121.299686,23.697497],[121.299585,23.697677],[121.299683,23.697678]]],[[[121.297407,23.699278],[121.297116,23.699004],[121.296918,23.699183],[121.296722,23.699181],[121.296825,23.698821],[121.296534,23.698546],[121.296239,23.698633],[121.296143,23.698452],[121.295746,23.698809],[121.295257,23.698713],[121.295059,23.698891],[121.294768,23.698617],[121.29457,23.698796],[121.294373,23.698794],[121.294278,23.698612],[121.293982,23.698699],[121.293401,23.698151],[121.293204,23.698239],[121.293202,23.698419],[121.293003,23.698598],[121.292809,23.698415],[121.292514,23.698502],[121.292708,23.698685],[121.292703,23.699046],[121.293092,23.699321],[121.293087,23.699682],[121.293281,23.699865],[121.294358,23.699967],[121.294357,23.700058],[121.294651,23.700061],[121.29465,23.700151],[121.294946,23.699974],[121.294845,23.700243],[121.29504,23.700336],[121.295238,23.700158],[121.295434,23.70016],[121.295433,23.70025],[121.295827,23.700164],[121.295634,23.699891],[121.295438,23.699889],[121.295538,23.699709],[121.295734,23.699711],[121.295733,23.699802],[121.296127,23.699716],[121.296124,23.699896],[121.295926,23.700075],[121.296023,23.700166],[121.296416,23.70008],[121.29661,23.700263],[121.296808,23.700085],[121.296811,23.699904],[121.296518,23.69981],[121.296519,23.69972],[121.296716,23.699632],[121.296909,23.699905],[121.298084,23.700008],[121.298278,23.700191],[121.298575,23.699923],[121.29848,23.699742],[121.298284,23.69974],[121.298286,23.699559],[121.298683,23.699202],[121.298877,23.699385],[121.299075,23.699206],[121.298688,23.698841],[121.298491,23.698839],[121.29839,23.699109],[121.298292,23.699108],[121.298294,23.698927],[121.298002,23.698743],[121.298202,23.698474],[121.298299,23.698566],[121.298495,23.698568],[121.298595,23.698388],[121.299084,23.698484],[121.299082,23.698665],[121.299375,23.698758],[121.299374,23.698849],[121.29957,23.698851],[121.29967,23.698671],[121.299963,23.698765],[121.300064,23.698585],[121.300259,23.698678],[121.300457,23.698499],[121.300361,23.698318],[121.300754,23.698322],[121.301348,23.697877],[121.301253,23.697605],[121.301548,23.697518],[121.301649,23.697338],[121.301845,23.697341],[121.301948,23.696981],[121.30146,23.696795],[121.301461,23.696704],[121.301265,23.696702],[121.301264,23.696792],[121.301167,23.696701],[121.301068,23.69679],[121.300677,23.696696],[121.300576,23.696875],[121.300771,23.696968],[121.300866,23.69724],[121.300766,23.697329],[121.300473,23.697235],[121.300275,23.697414],[121.299887,23.697048],[121.299891,23.696777],[121.299697,23.696595],[121.2995,23.696683],[121.299306,23.6965],[121.299206,23.69668],[121.299595,23.696955],[121.299493,23.697224],[121.299981,23.69741],[121.300171,23.697864],[121.299974,23.697952],[121.299872,23.698222],[121.299679,23.698039],[121.299482,23.698037],[121.299087,23.698304],[121.298796,23.698029],[121.2986,23.698027],[121.298599,23.698118],[121.298306,23.698024],[121.298205,23.698204],[121.298009,23.698201],[121.297817,23.697928],[121.297421,23.698195],[121.297229,23.697922],[121.296936,23.697828],[121.296736,23.698097],[121.297705,23.699011],[121.297407,23.699278]],[[121.297604,23.69919],[121.297701,23.699282],[121.297603,23.699281],[121.297604,23.69919]],[[121.295339,23.699978],[121.295239,23.700067],[121.295241,23.699977],[121.295339,23.699978]],[[121.293581,23.699417],[121.293777,23.699419],[121.293873,23.699601],[121.293677,23.699599],[121.293581,23.699417]],[[121.295836,23.699442],[121.295736,23.699621],[121.295539,23.699619],[121.295541,23.699529],[121.295246,23.699526],[121.295248,23.699435],[121.295836,23.699442]],[[121.295248,23.699435],[121.295151,23.699344],[121.295249,23.699345],[121.295248,23.699435]],[[121.294661,23.699338],[121.294858,23.69925],[121.295052,23.699433],[121.294854,23.699521],[121.294661,23.699338]],[[121.296131,23.699355],[121.29623,23.699265],[121.296427,23.699268],[121.296325,23.699537],[121.296131,23.699355]],[[121.297798,23.699373],[121.297995,23.699285],[121.297992,23.699556],[121.297894,23.699555],[121.297798,23.699373]],[[121.293289,23.699233],[121.293291,23.699052],[121.293389,23.699054],[121.293387,23.699234],[121.293289,23.699233]],[[121.293291,23.699052],[121.293195,23.698961],[121.293293,23.698962],[121.293291,23.699052]],[[121.293685,23.698967],[121.293586,23.699056],[121.293587,23.698965],[121.293685,23.698967]],[[121.295745,23.698899],[121.295646,23.698988],[121.295647,23.698898],[121.295745,23.698899]],[[121.297903,23.698832],[121.297804,23.698922],[121.297805,23.698831],[121.297903,23.698832]],[[121.300164,23.698406],[121.300065,23.698495],[121.300066,23.698405],[121.300164,23.698406]],[[121.301154,23.697694],[121.301055,23.697783],[121.301056,23.697693],[121.301154,23.697694]]],[[[121.293182,23.699954],[121.292891,23.69968],[121.292877,23.700764],[121.293458,23.701312],[121.294046,23.701318],[121.294044,23.701499],[121.294338,23.701502],[121.294339,23.701412],[121.294436,23.701503],[121.295809,23.701518],[121.295909,23.701339],[121.296302,23.701343],[121.296599,23.701076],[121.2966,23.700985],[121.296404,23.700983],[121.296504,23.700894],[121.296408,23.700712],[121.296211,23.7008],[121.296212,23.70071],[121.295625,23.700613],[121.295529,23.700432],[121.295235,23.700428],[121.295234,23.700519],[121.29484,23.700605],[121.294841,23.700514],[121.294547,23.700511],[121.294257,23.700237],[121.293765,23.700322],[121.29367,23.70014],[121.293373,23.700318],[121.293374,23.700227],[121.293178,23.700225],[121.293182,23.699954]],[[121.294339,23.701412],[121.294243,23.70132],[121.294341,23.701322],[121.294339,23.701412]],[[121.296404,23.700983],[121.296305,23.701072],[121.296306,23.700982],[121.296404,23.700983]],[[121.295625,23.700613],[121.295525,23.700702],[121.295527,23.700612],[121.295625,23.700613]],[[121.293471,23.700319],[121.293568,23.70041],[121.29347,23.700409],[121.293471,23.700319]]],[[[121.297193,23.700631],[121.297391,23.700542],[121.297295,23.700361],[121.297001,23.700358],[121.296802,23.700536],[121.296607,23.700444],[121.296508,23.700533],[121.296603,23.700805],[121.296701,23.700806],[121.2966,23.700985],[121.296796,23.700987],[121.296799,23.700807],[121.297191,23.700811],[121.297193,23.700631]]]]}},{"type":"Feature","properties":{"kind":"water","month":"2026-02","area_ha":11.79},"geometry":{"type":"MultiPolygon","coordinates":[[[[121.28291,23.69054],[121.282517,23.690626],[121.282806,23.69099],[121.283002,23.690992],[121.28291,23.69054]]],[[[121.284644,23.692907],[121.284542,23.693267],[121.284833,23.693451],[121.284838,23.69309],[121.284644,23.692907]]],[[[121.285122,23.693905],[121.28493,23.693542],[121.284734,23.69354],[121.284829,23.693812],[121.284927,23.693813],[121.284825,23.694083],[121.285021,23.694085],[121.285023,23.693904],[121.285122,23.693905]]],[[[121.298347,23.694864],[121.298349,23.694684],[121.298251,23.694682],[121.298152,23.694772],[121.298146,23.695223],[121.298537,23.695318],[121.298542,23.694957],[121.298347,23.694864]]],[[[121.29873,23.695591],[121.298731,23.6955],[121.298535,23.695498],[121.298534,23.695589],[121.29873,23.695591]]],[[[121.298733,23.69532],[121.298827,23.695682],[121.29902,23.695865],[121.299216,23.695867],[121.299219,23.695686],[121.299317,23.695687],[121.299225,23.695235],[121.299127,23.695234],[121.299123,23.695505],[121.298929,23.695322],[121.298733,23.69532]],[[121.299123,23.695505],[121.29922,23.695596],[121.299122,23.695595],[121.299123,23.695505]]],[[[121.291636,23.698131],[121.291936,23.697683],[121.291448,23.697497],[121.291451,23.697316],[121.291353,23.697315],[121.291454,23.697046],[121.291063,23.696951],[121.290579,23.696494],[121.290583,23.696223],[121.290781,23.696045],[121.289995,23.696127],[121.289903,23.695674],[121.289414,23.695578],[121.289415,23.695488],[121.288827,23.695482],[121.288625,23.695931],[121.288429,23.695929],[121.288329,23.696108],[121.28784,23.696012],[121.287837,23.696193],[121.287937,23.696104],[121.288033,23.696195],[121.288524,23.696201],[121.288526,23.69602],[121.288821,23.695933],[121.288917,23.696115],[121.288721,23.696112],[121.28872,23.696203],[121.289014,23.696206],[121.289013,23.696296],[121.28931,23.696029],[121.289302,23.696661],[121.289497,23.696753],[121.289495,23.696934],[121.28969,23.697026],[121.28988,23.69748],[121.290655,23.698211],[121.291047,23.698215],[121.291046,23.698305],[121.291437,23.6984],[121.291438,23.69831],[121.291732,23.698313],[121.291734,23.698132],[121.291636,23.698131]],[[121.288922,23.695753],[121.288822,23.695843],[121.288824,23.695752],[121.288922,23.695753]],[[121.288922,23.695753],[121.289021,23.695664],[121.28902,23.695755],[121.288922,23.695753]]],[[[121.299395,23.697223],[121.299391,23.697494],[121.299585,23.697677],[121.299589,23.697406],[121.299785,23.697408],[121.299786,23.697318],[121.299395,23.697223]]],[[[121.299981,23.69741],[121.299785,23.697408],[121.299782,23.697589],[121.299979,23.697591],[121.299981,23.69741]]],[[[121.299979,23.697591],[121.300075,23.697682],[121.300077,23.697592],[121.299979,23.697591]]],[[[121.299681,23.697859],[121.299683,23.697678],[121.299585,23.697677],[121.29958,23.698038],[121.299971,23.698133],[121.299974,23.697952],[121.299681,23.697859]]],[[[121.299775,23.698131],[121.299872,23.698222],[121.299873,23.698132],[121.299775,23.698131]]],[[[121.292314,23.698771],[121.292219,23.698589],[121.29212,23.698678],[121.291729,23.698584],[121.292213,23.699041],[121.292311,23.699042],[121.292313,23.698861],[121.292215,23.69886],[121.292314,23.698771]]],[[[121.296507,23.700623],[121.296607,23.700444],[121.296802,23.700536],[121.297001,23.700358],[121.297491,23.700363],[121.297591,23.700183],[121.297886,23.700187],[121.298084,23.700008],[121.297594,23.700003],[121.297595,23.699913],[121.2973,23.7],[121.297301,23.699909],[121.296812,23.699814],[121.296808,23.700085],[121.296313,23.70044],[121.295824,23.700345],[121.29563,23.700162],[121.295531,23.700251],[121.295238,23.700158],[121.295236,23.700338],[121.295139,23.700247],[121.294746,23.700333],[121.294651,23.700061],[121.293868,23.699962],[121.293869,23.699872],[121.29377,23.699961],[121.293281,23.699865],[121.293087,23.699682],[121.293092,23.699321],[121.292704,23.698956],[121.292508,23.698954],[121.292506,23.699134],[121.292798,23.699318],[121.292794,23.699589],[121.293182,23.699954],[121.293178,23.700225],[121.29367,23.70014],[121.293863,23.700323],[121.293866,23.700142],[121.293962,23.700234],[121.29416,23.700146],[121.294255,23.700327],[121.294453,23.700239],[121.29445,23.70042],[121.294841,23.700514],[121.29484,23.700605],[121.295036,23.700607],[121.295235,23.700428],[121.295529,23.700432],[121.295918,23.700707],[121.296212,23.70071],[121.296211,23.7008],[121.296408,23.700712],[121.296502,23.700984],[121.2966,23.700985],[121.296605,23.700624],[121.296507,23.700623]]],[[[121.294061,23.700235],[121.294157,23.700326],[121.294159,23.700236],[121.294061,23.700235]]],[[[121.313143,23.688073],[121.313046,23.687982],[121.313045,23.688072],[121.313143,23.688073]]],[[[121.313143,23.688073],[121.313532,23.688348],[121.313537,23.687897],[121.313339,23.688075],[121.313143,23.688073]]],[[[121.309283,23.69083],[121.308988,23.690917],[121.308986,23.691098],[121.309182,23.6911],[121.309184,23.690919],[121.309282,23.69092],[121.309283,23.69083]]],[[[121.308986,23.691098],[121.308886,23.691187],[121.308985,23.691188],[121.308986,23.691098]]],[[[121.309276,23.691372],[121.309181,23.69119],[121.308985,23.691188],[121.30908,23.69137],[121.309276,23.691372]]],[[[121.308687,23.691456],[121.308685,23.691636],[121.308783,23.691637],[121.308983,23.691278],[121.308788,23.691186],[121.308785,23.691457],[121.308687,23.691456]]],[[[121.308191,23.691902],[121.308587,23.691635],[121.30839,23.691633],[121.308389,23.691723],[121.308193,23.691721],[121.308191,23.691902]]],[[[121.3076,23.692076],[121.3075,23.692255],[121.307206,23.692252],[121.306908,23.69252],[121.3073,23.692524],[121.307401,23.692345],[121.307695,23.692348],[121.308191,23.691902],[121.307897,23.691899],[121.307896,23.691989],[121.3076,23.692076]]],[[[121.305311,23.69467],[121.305509,23.694581],[121.305417,23.694129],[121.305218,23.694307],[121.305022,23.694305],[121.305117,23.694577],[121.305019,23.694576],[121.305017,23.694666],[121.304919,23.694665],[121.304918,23.694756],[121.30482,23.694755],[121.304819,23.694845],[121.304721,23.694844],[121.30472,23.694934],[121.304622,23.694933],[121.304621,23.695023],[121.305209,23.69503],[121.305311,23.69467]]],[[[121.304522,23.695022],[121.304623,23.694843],[121.304329,23.694839],[121.304326,23.69502],[121.304522,23.695022]]],[[[121.302651,23.695634],[121.302747,23.695815],[121.302845,23.695816],[121.302848,23.695636],[121.302651,23.695634]]],[[[121.303627,23.696006],[121.303726,23.695916],[121.303628,23.695915],[121.303627,23.696006]]],[[[121.302934,23.69654],[121.303031,23.696631],[121.303032,23.696541],[121.302934,23.69654]]],[[[121.30333,23.696273],[121.303426,23.696365],[121.303722,23.696278],[121.303724,23.696097],[121.303528,23.696095],[121.30353,23.695914],[121.303828,23.695647],[121.304024,23.695649],[121.304026,23.695468],[121.304124,23.695469],[121.304029,23.695288],[121.303632,23.695644],[121.302946,23.695637],[121.302742,23.696177],[121.302447,23.696264],[121.302445,23.696444],[121.302543,23.696445],[121.302439,23.696896],[121.302144,23.696983],[121.302049,23.696711],[121.301951,23.69671],[121.301852,23.696799],[121.301944,23.697251],[121.301649,23.697338],[121.301547,23.697608],[121.30145,23.697517],[121.301253,23.697605],[121.301348,23.697877],[121.300951,23.698234],[121.300361,23.698318],[121.30036,23.698408],[121.300556,23.69841],[121.300554,23.698591],[121.30026,23.698587],[121.300259,23.698678],[121.299964,23.698674],[121.299963,23.698765],[121.29967,23.698671],[121.299569,23.698941],[121.299471,23.69894],[121.299566,23.699122],[121.299368,23.6993],[121.298976,23.699296],[121.298975,23.699386],[121.299561,23.699573],[121.299662,23.699303],[121.299858,23.699305],[121.299959,23.699126],[121.300253,23.699129],[121.30055,23.698861],[121.300745,23.698954],[121.300849,23.698504],[121.301246,23.698147],[121.301344,23.698148],[121.301342,23.698328],[121.301636,23.698332],[121.301543,23.697969],[121.30203,23.698155],[121.30184,23.697702],[121.302036,23.697704],[121.302139,23.697344],[121.302335,23.697346],[121.302437,23.697076],[121.302633,23.697078],[121.302539,23.696716],[121.302735,23.696718],[121.302738,23.696538],[121.302934,23.69654],[121.30294,23.696088],[121.303138,23.69591],[121.303334,23.695912],[121.303331,23.696183],[121.303134,23.696271],[121.303032,23.696541],[121.303228,23.696543],[121.30333,23.696273]]]]}}]}