{"type":"FeatureCollection","features":[{"type":"Feature","properties":{"kind":"bare_slide","month":"2026-09","area_ha":437.7},"geometry":{"type":"MultiPolygon","coordinates":[[[[121.283662,23.715561],[121.283958,23.715384],[121.283963,23.715022],[121.284356,23.714937],[121.284066,23.714662],[121.284069,23.714392],[121.284167,23.714393],[121.28427,23.714033],[121.284467,23.713945],[121.284373,23.713673],[121.284174,23.713851],[121.283781,23.713937],[121.282987,23.71465],[121.282979,23.715282],[121.283076,23.715374],[121.283273,23.715286],[121.283465,23.715559],[121.283662,23.715561]]],[[[121.284333,23.716742],[121.284632,23.716384],[121.284437,23.716292],[121.284238,23.71647],[121.284236,23.716651],[121.284042,23.716468],[121.283846,23.716466],[121.283646,23.716735],[121.283353,23.716641],[121.283352,23.716731],[121.283058,23.716728],[121.283057,23.716818],[121.282861,23.716816],[121.282667,23.716633],[121.282565,23.716903],[121.28276,23.716996],[121.282855,23.717268],[121.283051,23.71727],[121.282949,23.71754],[121.282752,23.717628],[121.282946,23.71781],[121.28284,23.718351],[121.282449,23.718256],[121.282348,23.718526],[121.282055,23.718433],[121.281954,23.718612],[121.281758,23.71861],[121.28146,23.718878],[121.281556,23.719059],[121.281752,23.719061],[121.281553,23.71933],[121.281844,23.719514],[121.281946,23.719244],[121.282044,23.719245],[121.282238,23.719428],[121.282136,23.719698],[121.282331,23.71979],[121.282434,23.71943],[121.282628,23.719613],[121.282825,23.719525],[121.282635,23.719071],[121.282831,23.719073],[121.28283,23.719164],[121.283027,23.719076],[121.282736,23.718801],[121.282933,23.718804],[121.283033,23.718624],[121.283424,23.718719],[121.283325,23.718808],[121.283421,23.71899],[121.283619,23.718811],[121.283815,23.718813],[121.28391,23.719085],[121.283416,23.719351],[121.28351,23.719623],[121.283899,23.719898],[121.283897,23.720078],[121.283699,23.720167],[121.283794,23.720439],[121.284092,23.720171],[121.284387,23.720084],[121.284291,23.719902],[121.284095,23.7199],[121.284097,23.71972],[121.284296,23.719541],[121.284687,23.719636],[121.284886,23.719457],[121.284888,23.719277],[121.28479,23.719276],[121.28489,23.719096],[121.284502,23.718821],[121.284504,23.71864],[121.28431,23.718458],[121.284114,23.718456],[121.283916,23.718634],[121.283528,23.718268],[121.283233,23.718355],[121.283235,23.718175],[121.283432,23.718087],[121.283437,23.717726],[121.283636,23.717547],[121.284127,23.717462],[121.284524,23.717106],[121.28433,23.716923],[121.284333,23.716742]],[[121.284095,23.7199],[121.283996,23.719989],[121.283997,23.719899],[121.284095,23.7199]],[[121.283235,23.718175],[121.283138,23.718083],[121.283236,23.718085],[121.283235,23.718175]],[[121.28433,23.716923],[121.284231,23.717012],[121.284232,23.716922],[121.28433,23.716923]],[[121.283718,23.718722],[121.283621,23.718631],[121.283719,23.718632],[121.283718,23.718722]]],[[[121.287339,23.719304],[121.287049,23.71903],[121.286851,23.719118],[121.287141,23.719482],[121.287339,23.719304]]],[[[121.283315,23.71953],[121.283217,23.719529],[121.28322,23.719349],[121.283516,23.719171],[121.283421,23.71899],[121.283224,23.718987],[121.282827,23.719344],[121.283117,23.719709],[121.283315,23.71953]]],[[[121.280083,23.719223],[121.279887,23.719221],[121.279888,23.719131],[121.279494,23.719217],[121.279398,23.719126],[121.279297,23.719305],[121.279394,23.719396],[121.279591,23.719308],[121.279688,23.7194],[121.279587,23.719669],[121.279979,23.719674],[121.279977,23.719854],[121.280271,23.719858],[121.280275,23.719496],[121.280373,23.719498],[121.28037,23.719768],[121.280663,23.719862],[121.280661,23.720043],[121.280854,23.720225],[121.280856,23.720135],[121.281151,23.720048],[121.28106,23.719505],[121.281255,23.719598],[121.281555,23.719149],[121.281262,23.719056],[121.281166,23.718874],[121.280774,23.71887],[121.280377,23.719227],[121.28028,23.719135],[121.280084,23.719133],[121.280083,23.719223]],[[121.281262,23.719056],[121.281163,23.719145],[121.281164,23.719055],[121.281262,23.719056]],[[121.280377,23.719227],[121.280474,23.719318],[121.280376,23.719317],[121.280377,23.719227]],[[121.280666,23.719591],[121.28057,23.7195],[121.280668,23.719501],[121.280666,23.719591]]],[[[121.287335,23.719665],[121.28714,23.719573],[121.287039,23.719752],[121.287234,23.719845],[121.287335,23.719665]]],[[[121.285659,23.720279],[121.285464,23.720186],[121.285364,23.720366],[121.285559,23.720458],[121.285659,23.720279]]],[[[121.284756,23.721894],[121.284659,23.721803],[121.284855,23.721805],[121.284955,23.721625],[121.284761,23.721443],[121.284565,23.72144],[121.28457,23.721079],[121.284765,23.721172],[121.28486,23.721444],[121.285057,23.721356],[121.285158,23.721086],[121.285257,23.721087],[121.28535,23.721449],[121.285646,23.721272],[121.285259,23.720906],[121.285262,23.720635],[121.285164,23.720634],[121.28527,23.720094],[121.285173,23.720002],[121.284975,23.72009],[121.28507,23.720362],[121.284874,23.72036],[121.284876,23.72018],[121.284583,23.720086],[121.284582,23.720176],[121.284386,23.720174],[121.284285,23.720354],[121.28399,23.720441],[121.284184,23.720623],[121.284181,23.720804],[121.284474,23.720898],[121.284077,23.721254],[121.284075,23.721435],[121.284368,23.721528],[121.284363,23.72189],[121.284557,23.722072],[121.284756,23.721894]],[[121.284869,23.720721],[121.285064,23.720814],[121.285062,23.720994],[121.284867,23.720902],[121.284869,23.720721]],[[121.284675,23.720539],[121.284673,23.720719],[121.284477,23.720717],[121.284478,23.720627],[121.284675,23.720539]]],[[[121.284253,23.722791],[121.283866,23.722426],[121.283869,23.722155],[121.284166,23.721978],[121.284168,23.721797],[121.283973,23.721705],[121.283976,23.721524],[121.283782,23.721341],[121.283584,23.72152],[121.283387,23.721518],[121.283489,23.721248],[121.283197,23.721064],[121.283296,23.720975],[121.283299,23.720794],[121.283104,23.720702],[121.283204,23.720522],[121.282817,23.720157],[121.282819,23.719976],[121.283018,23.719798],[121.282726,23.719614],[121.282328,23.720061],[121.282521,23.720244],[121.282718,23.720246],[121.282519,23.720424],[121.282515,23.720695],[121.282907,23.72079],[121.282801,23.72133],[121.283097,23.721243],[121.283291,23.721426],[121.283187,23.721877],[121.283383,23.721879],[121.283379,23.72215],[121.283574,23.722242],[121.283572,23.722423],[121.283768,23.722425],[121.283765,23.722605],[121.283962,23.722608],[121.283959,23.722788],[121.284253,23.722791]]],[[[121.309841,23.700859],[121.310135,23.700863],[121.310236,23.700593],[121.310138,23.700592],[121.310142,23.700321],[121.309559,23.699863],[121.30946,23.699952],[121.309454,23.700404],[121.309648,23.700586],[121.309644,23.700857],[121.309546,23.700856],[121.309639,23.701309],[121.309836,23.701221],[121.309841,23.700859]]],[[[121.297058,23.726184],[121.296961,23.726092],[121.297159,23.725914],[121.297064,23.725732],[121.296767,23.72591],[121.296862,23.726182],[121.296665,23.726179],[121.296475,23.725726],[121.296281,23.725543],[121.296084,23.725631],[121.296081,23.725902],[121.295982,23.725901],[121.29598,23.726082],[121.296175,23.726174],[121.296074,23.726444],[121.296465,23.726538],[121.296462,23.726719],[121.29656,23.72672],[121.29666,23.726631],[121.296564,23.726449],[121.296761,23.726361],[121.296759,23.726542],[121.296857,23.726543],[121.296755,23.726812],[121.296852,23.726904],[121.297048,23.726906],[121.297248,23.726637],[121.298227,23.726738],[121.298329,23.726469],[121.298135,23.726286],[121.298331,23.726288],[121.298525,23.726471],[121.298424,23.726741],[121.298817,23.726655],[121.298815,23.726835],[121.299107,23.727019],[121.299206,23.72693],[121.299212,23.726478],[121.299409,23.72639],[121.299118,23.726116],[121.299413,23.726119],[121.299508,23.726301],[121.299804,23.726214],[121.299802,23.726304],[121.30039,23.726401],[121.300583,23.726584],[121.300878,23.726587],[121.300879,23.726497],[121.301468,23.726413],[121.301572,23.725962],[121.301768,23.725965],[121.301766,23.726145],[121.301864,23.726146],[121.301759,23.726687],[121.301953,23.72687],[121.302149,23.726872],[121.302251,23.726602],[121.302349,23.726603],[121.302353,23.726242],[121.302551,23.726154],[121.302454,23.726062],[121.302456,23.725882],[121.302554,23.725883],[121.302463,23.72534],[121.30286,23.724983],[121.302865,23.724622],[121.303162,23.724355],[121.303454,23.724538],[121.303452,23.724719],[121.303841,23.724994],[121.303837,23.725265],[121.30413,23.725358],[121.304128,23.725539],[121.304516,23.725904],[121.304615,23.725815],[121.304521,23.725453],[121.304816,23.725456],[121.304916,23.725277],[121.304819,23.725185],[121.304426,23.725271],[121.304331,23.724999],[121.304038,23.724906],[121.30365,23.72454],[121.303654,23.72427],[121.30346,23.724087],[121.303166,23.724084],[121.303168,23.723903],[121.303463,23.723906],[121.303564,23.723637],[121.304059,23.723281],[121.304061,23.7231],[121.303576,23.722734],[121.304166,23.72256],[121.304457,23.722834],[121.304849,23.722838],[121.304851,23.722748],[121.305046,23.72284],[121.305146,23.722661],[121.304758,23.722295],[121.30456,23.722474],[121.304463,23.722382],[121.30407,23.722468],[121.303876,23.722285],[121.30368,23.722283],[121.303678,23.722374],[121.303287,23.722279],[121.303095,23.722006],[121.302996,23.722095],[121.302604,23.722001],[121.302616,23.721098],[121.302518,23.721097],[121.302624,23.720466],[121.302526,23.720465],[121.302534,23.719833],[121.302436,23.719832],[121.302644,23.718931],[121.303036,23.718935],[121.303137,23.718756],[121.303628,23.718671],[121.303827,23.718492],[121.303829,23.718312],[121.304124,23.718225],[121.304225,23.718045],[121.304617,23.71805],[121.304616,23.71814],[121.304812,23.718142],[121.30461,23.718591],[121.304901,23.718865],[121.304896,23.719226],[121.305189,23.71932],[121.305388,23.719142],[121.30539,23.718961],[121.305099,23.718687],[121.305105,23.718235],[121.305204,23.718146],[121.305011,23.717964],[121.305402,23.718058],[121.305506,23.717608],[121.3057,23.7177],[121.305698,23.717881],[121.305988,23.718245],[121.305982,23.718697],[121.306176,23.718879],[121.30647,23.718883],[121.306668,23.718704],[121.306576,23.718252],[121.306871,23.718165],[121.306776,23.717983],[121.306483,23.717889],[121.306583,23.71771],[121.306779,23.717712],[121.306777,23.717893],[121.306972,23.717985],[121.307269,23.717717],[121.307858,23.717724],[121.307955,23.717815],[121.308153,23.717637],[121.307959,23.717454],[121.30786,23.717543],[121.307567,23.71745],[121.307375,23.717177],[121.307079,23.717264],[121.306983,23.717082],[121.306689,23.717079],[121.306495,23.716896],[121.306396,23.716985],[121.306005,23.716891],[121.306011,23.716439],[121.306109,23.71644],[121.306312,23.715901],[121.306804,23.715816],[121.307003,23.715547],[121.307299,23.71546],[121.307301,23.71528],[121.307499,23.715101],[121.307503,23.71483],[121.307212,23.714556],[121.307215,23.714376],[121.307313,23.714377],[121.307316,23.714106],[121.30761,23.714109],[121.307611,23.714019],[121.307808,23.714021],[121.308203,23.713754],[121.308206,23.713574],[121.307817,23.713299],[121.308313,23.712853],[121.308318,23.712491],[121.308416,23.712493],[121.308518,23.712132],[121.30901,23.712048],[121.309011,23.711957],[121.309403,23.711962],[121.309603,23.711693],[121.309799,23.711695],[121.309997,23.711517],[121.31,23.711336],[121.309805,23.711244],[121.309808,23.710973],[121.309127,23.710604],[121.309134,23.710062],[121.309431,23.709795],[121.309337,23.709523],[121.309239,23.709522],[121.309242,23.709251],[121.30934,23.709252],[121.309246,23.70898],[121.309344,23.708981],[121.309347,23.70871],[121.309642,23.708623],[121.309645,23.708443],[121.309548,23.708351],[121.309056,23.708436],[121.308961,23.708254],[121.308667,23.708251],[121.30877,23.707801],[121.308672,23.7078],[121.30858,23.707347],[121.308976,23.707081],[121.308881,23.706809],[121.309079,23.706721],[121.309081,23.70654],[121.308886,23.706448],[121.308885,23.706538],[121.308589,23.706625],[121.308591,23.706535],[121.3082,23.70644],[121.308106,23.706078],[121.308404,23.70581],[121.308407,23.705539],[121.308114,23.705446],[121.308217,23.705086],[121.308022,23.704993],[121.307922,23.705173],[121.307726,23.705171],[121.307727,23.70508],[121.307239,23.704895],[121.307241,23.704714],[121.307534,23.704807],[121.307635,23.704628],[121.307831,23.70463],[121.307829,23.70472],[121.308027,23.704632],[121.307931,23.704451],[121.307734,23.704539],[121.307736,23.704358],[121.307933,23.70427],[121.307939,23.703819],[121.307647,23.703635],[121.307652,23.703274],[121.307848,23.703276],[121.307948,23.703096],[121.307269,23.702547],[121.30727,23.702457],[121.307466,23.702459],[121.307562,23.702641],[121.307857,23.702554],[121.307861,23.702283],[121.307666,23.70219],[121.307669,23.701919],[121.307967,23.701652],[121.307874,23.701289],[121.308072,23.701111],[121.308077,23.70075],[121.307979,23.700749],[121.307985,23.700297],[121.307888,23.700206],[121.307495,23.700202],[121.307401,23.69993],[121.307203,23.700108],[121.30681,23.700104],[121.306811,23.700014],[121.306615,23.700012],[121.306618,23.699831],[121.306814,23.699833],[121.306813,23.699923],[121.30701,23.699835],[121.307013,23.699564],[121.307212,23.699386],[121.307017,23.699294],[121.306922,23.699022],[121.307319,23.698665],[121.307613,23.698668],[121.307804,23.699122],[121.307902,23.699123],[121.307801,23.699302],[121.307605,23.6993],[121.307606,23.69921],[121.307409,23.699298],[121.307505,23.699479],[121.307701,23.699482],[121.307699,23.699662],[121.307502,23.69966],[121.307407,23.699478],[121.30721,23.699567],[121.307207,23.699747],[121.3075,23.699841],[121.307499,23.699931],[121.307695,23.699933],[121.307993,23.699665],[121.307995,23.699485],[121.308093,23.699486],[121.308,23.699124],[121.308294,23.699127],[121.308293,23.699217],[121.30849,23.699129],[121.308393,23.699038],[121.308399,23.698586],[121.308204,23.698494],[121.308207,23.698223],[121.308013,23.698131],[121.308311,23.697773],[121.308214,23.697681],[121.307919,23.697768],[121.307735,23.696863],[121.307442,23.69677],[121.307443,23.69668],[121.307149,23.696676],[121.307155,23.696225],[121.307349,23.696317],[121.307444,23.696589],[121.30764,23.696591],[121.307742,23.696322],[121.308038,23.696144],[121.308047,23.695422],[121.307854,23.695239],[121.307858,23.694878],[121.307568,23.694604],[121.307574,23.694153],[121.307377,23.69415],[121.306981,23.694507],[121.306968,23.6955],[121.307163,23.695593],[121.306964,23.695771],[121.306955,23.696494],[121.306856,23.696583],[121.306267,23.696576],[121.306167,23.696756],[121.305481,23.696748],[121.304191,23.697908],[121.304185,23.69836],[121.303988,23.698448],[121.303982,23.698899],[121.303785,23.698987],[121.303781,23.699258],[121.303683,23.699257],[121.30377,23.700161],[121.303375,23.700337],[121.303579,23.699707],[121.302985,23.700152],[121.302972,23.701146],[121.302675,23.701413],[121.302086,23.701407],[121.301986,23.701586],[121.300123,23.701566],[121.299925,23.701744],[121.299537,23.701379],[121.298655,23.701369],[121.298657,23.701188],[121.297971,23.701181],[121.298068,23.701272],[121.297967,23.701452],[121.298162,23.701544],[121.29816,23.701725],[121.297861,23.702083],[121.297644,23.703706],[121.29745,23.703523],[121.297454,23.703252],[121.297552,23.703253],[121.297559,23.702711],[121.297657,23.702713],[121.297661,23.702351],[121.297759,23.702352],[121.297663,23.702261],[121.297766,23.701811],[121.297375,23.701716],[121.297182,23.701533],[121.297081,23.701713],[121.296885,23.701711],[121.296588,23.701978],[121.296095,23.702154],[121.296093,23.702334],[121.296191,23.702335],[121.296089,23.702605],[121.296187,23.702606],[121.296282,23.702878],[121.296478,23.70288],[121.296475,23.703061],[121.296178,23.703328],[121.296275,23.70342],[121.296171,23.70387],[121.295877,23.703867],[121.295675,23.704316],[121.29538,23.704313],[121.295382,23.704223],[121.294988,23.704309],[121.294794,23.704126],[121.294597,23.704214],[121.294683,23.705118],[121.294486,23.705206],[121.294482,23.705567],[121.29458,23.705568],[121.294674,23.70584],[121.294871,23.705752],[121.295065,23.705935],[121.294966,23.706024],[121.295062,23.706206],[121.294863,23.706384],[121.294669,23.706201],[121.294473,23.706199],[121.294472,23.706289],[121.294081,23.706195],[121.293981,23.706374],[121.293884,23.706283],[121.293588,23.70637],[121.293585,23.706641],[121.293683,23.706642],[121.293778,23.706914],[121.293975,23.706826],[121.29388,23.706554],[121.294272,23.706558],[121.29427,23.706739],[121.294368,23.70674],[121.294267,23.70701],[121.294755,23.707196],[121.294652,23.707556],[121.294257,23.707732],[121.294254,23.708003],[121.294449,23.708095],[121.294647,23.707917],[121.294645,23.708097],[121.294348,23.708275],[121.294242,23.708906],[121.294044,23.709084],[121.293749,23.709081],[121.293551,23.709259],[121.293549,23.70944],[121.293054,23.709795],[121.293148,23.710067],[121.292849,23.710425],[121.292943,23.710788],[121.29265,23.710694],[121.292548,23.710964],[121.292352,23.710962],[121.292153,23.71114],[121.292151,23.711321],[121.291855,23.711498],[121.291852,23.711678],[121.291455,23.712035],[121.291453,23.712216],[121.291158,23.712303],[121.291056,23.712573],[121.290165,23.713195],[121.290062,23.713555],[121.289866,23.713553],[121.289766,23.713732],[121.28957,23.71373],[121.289272,23.713998],[121.289169,23.714358],[121.288973,23.714356],[121.288775,23.714534],[121.288772,23.714715],[121.288183,23.714798],[121.288084,23.714888],[121.288178,23.715159],[121.28788,23.715427],[121.287591,23.715063],[121.287004,23.714966],[121.287007,23.714695],[121.287105,23.714696],[121.287012,23.714334],[121.28711,23.714335],[121.287212,23.714065],[121.286919,23.713972],[121.28672,23.71415],[121.286815,23.714422],[121.286424,23.714327],[121.286028,23.714594],[121.286124,23.714776],[121.286417,23.714869],[121.286215,23.715318],[121.286019,23.715316],[121.285918,23.715496],[121.285525,23.715582],[121.285325,23.71585],[121.284635,23.716114],[121.285023,23.716479],[121.285018,23.71684],[121.285116,23.716841],[121.285015,23.717021],[121.285112,23.717112],[121.28531,23.717024],[121.285307,23.717205],[121.28511,23.717293],[121.285304,23.717475],[121.285298,23.717927],[121.285591,23.71802],[121.285692,23.717751],[121.285791,23.717752],[121.285685,23.718292],[121.285977,23.718476],[121.285876,23.718746],[121.286267,23.718841],[121.286262,23.719202],[121.28597,23.719018],[121.285869,23.719288],[121.286159,23.719562],[121.286059,23.719741],[121.286352,23.719835],[121.286351,23.719925],[121.285958,23.719921],[121.285962,23.71965],[121.285864,23.719649],[121.285866,23.719468],[121.285577,23.719104],[121.285477,23.719193],[121.285184,23.719099],[121.285083,23.719369],[121.284985,23.719368],[121.285274,23.719733],[121.285571,23.719555],[121.285567,23.719826],[121.285858,23.7201],[121.285856,23.720281],[121.285658,23.720369],[121.285754,23.720551],[121.28595,23.720553],[121.286149,23.720374],[121.286147,23.720465],[121.28654,23.720469],[121.286537,23.72065],[121.28644,23.720558],[121.286243,23.720646],[121.286338,23.720918],[121.287318,23.720929],[121.28742,23.720659],[121.287714,23.720663],[121.287713,23.720753],[121.28791,23.720665],[121.287816,23.720393],[121.287718,23.720392],[121.287719,23.720301],[121.287915,23.720304],[121.288109,23.720486],[121.288106,23.720667],[121.288301,23.720759],[121.288405,23.720309],[121.288211,23.720126],[121.287819,23.720122],[121.28782,23.720032],[121.288116,23.719945],[121.288119,23.719674],[121.288217,23.719675],[121.288311,23.720037],[121.288504,23.72022],[121.288501,23.720491],[121.288794,23.720584],[121.28889,23.720766],[121.289674,23.720775],[121.289675,23.720684],[121.290459,23.720783],[121.29046,23.720693],[121.290853,23.720607],[121.290655,23.720785],[121.29075,23.720967],[121.291143,23.720971],[121.291238,23.721153],[121.291729,23.721158],[121.291728,23.721249],[121.291922,23.721341],[121.29192,23.721522],[121.291822,23.721521],[121.291917,23.721793],[121.291624,23.721699],[121.291227,23.722056],[121.291321,23.722328],[121.290925,23.722594],[121.290923,23.722775],[121.29102,23.722866],[121.291511,23.722781],[121.291704,23.723054],[121.2919,23.723057],[121.2921,23.722788],[121.292296,23.72279],[121.29249,23.722973],[121.292583,23.723335],[121.292681,23.723336],[121.292676,23.723697],[121.292774,23.723698],[121.29296,23.724513],[121.292863,23.724422],[121.292568,23.724509],[121.29257,23.724328],[121.292767,23.72424],[121.292673,23.723968],[121.292477,23.723966],[121.292376,23.724145],[121.292279,23.724054],[121.292082,23.724142],[121.29208,23.724323],[121.292275,23.724415],[121.292268,23.724957],[121.292366,23.724958],[121.292267,23.725047],[121.292363,23.725139],[121.292259,23.725589],[121.292356,23.72568],[121.29216,23.725678],[121.291862,23.725946],[121.29166,23.726395],[121.293525,23.726325],[121.293527,23.726145],[121.29392,23.726149],[121.293922,23.725969],[121.29451,23.725975],[121.294513,23.725794],[121.294905,23.725799],[121.294903,23.725979],[121.295491,23.725986],[121.295489,23.726166],[121.295685,23.726169],[121.295596,23.725445],[121.295402,23.725262],[121.295009,23.725348],[121.294913,23.725167],[121.294619,23.725164],[121.294621,23.724983],[121.295012,23.725078],[121.29531,23.72481],[121.295116,23.724627],[121.295119,23.724447],[121.295317,23.724268],[121.295511,23.724451],[121.295408,23.724811],[121.295602,23.724994],[121.295899,23.724816],[121.295896,23.724997],[121.296286,23.725182],[121.296388,23.724912],[121.296585,23.724824],[121.296681,23.725006],[121.296877,23.725008],[121.297071,23.725191],[121.297163,23.725643],[121.297261,23.725644],[121.297256,23.726005],[121.297354,23.726006],[121.297254,23.726186],[121.297058,23.726184]],[[121.309805,23.711244],[121.309706,23.711333],[121.309707,23.711242],[121.309805,23.711244]],[[121.308114,23.705446],[121.308015,23.705535],[121.308016,23.705445],[121.308114,23.705446]],[[121.306924,23.698931],[121.306823,23.699111],[121.306627,23.699109],[121.306628,23.699018],[121.306235,23.699104],[121.306036,23.699283],[121.306034,23.699463],[121.305741,23.69937],[121.305645,23.699188],[121.305351,23.699185],[121.30535,23.699275],[121.305155,23.699183],[121.305157,23.699002],[121.305355,23.698914],[121.305261,23.698552],[121.305457,23.698554],[121.305559,23.698284],[121.305851,23.698468],[121.30575,23.698648],[121.305944,23.69883],[121.306141,23.698742],[121.306335,23.698925],[121.306336,23.698835],[121.306828,23.69875],[121.306825,23.69893],[121.306924,23.698931]],[[121.304485,23.697911],[121.304484,23.698002],[121.304581,23.698093],[121.304288,23.697999],[121.304289,23.697909],[121.304485,23.697911]],[[121.295066,23.705844],[121.295265,23.705666],[121.295461,23.705668],[121.29575,23.706033],[121.295259,23.706117],[121.295066,23.705844]],[[121.287684,23.715425],[121.287975,23.715699],[121.287678,23.715876],[121.287486,23.715603],[121.287684,23.715425]],[[121.285304,23.717475],[121.285403,23.717386],[121.285402,23.717477],[121.285304,23.717475]],[[121.285978,23.718386],[121.286174,23.718388],[121.286172,23.718569],[121.286074,23.718568],[121.285978,23.718386]],[[121.28616,23.719471],[121.286356,23.719474],[121.286355,23.719564],[121.286159,23.719562],[121.28616,23.719471]],[[121.285473,23.719554],[121.285278,23.719462],[121.28528,23.719281],[121.285475,23.719374],[121.285473,23.719554]],[[121.288794,23.720584],[121.288893,23.720495],[121.288892,23.720585],[121.288794,23.720584]],[[121.291826,23.72125],[121.291925,23.721161],[121.291924,23.721251],[121.291826,23.72125]],[[121.291517,23.72233],[121.291515,23.722511],[121.291417,23.72251],[121.291321,23.722328],[121.291517,23.72233]],[[121.291123,23.722506],[121.29122,23.722598],[121.291121,23.722597],[121.291123,23.722506]],[[121.291511,23.722781],[121.291611,23.722692],[121.291609,23.722783],[121.291511,23.722781]],[[121.292376,23.724145],[121.292473,23.724237],[121.292375,23.724236],[121.292376,23.724145]],[[121.293922,23.725969],[121.293825,23.725877],[121.293923,23.725878],[121.293922,23.725969]],[[121.293825,23.725877],[121.293728,23.725786],[121.293826,23.725787],[121.293825,23.725877]],[[121.295116,23.724627],[121.295017,23.724716],[121.295018,23.724626],[121.295116,23.724627]],[[121.297549,23.726099],[121.297548,23.726189],[121.297352,23.726187],[121.297353,23.726097],[121.297549,23.726099]],[[121.297645,23.72628],[121.29794,23.726193],[121.298035,23.726465],[121.297644,23.726371],[121.297645,23.72628]],[[121.292352,23.726041],[121.29225,23.726311],[121.292054,23.726309],[121.292056,23.726129],[121.292352,23.726041]],[[121.297055,23.726364],[121.297057,23.726274],[121.297253,23.726276],[121.297251,23.726366],[121.297055,23.726364]],[[121.298627,23.726201],[121.298634,23.725659],[121.298732,23.72566],[121.298919,23.726385],[121.298627,23.726201]],[[121.301177,23.726229],[121.300884,23.726135],[121.300985,23.725866],[121.301083,23.725867],[121.301177,23.726229]],[[121.300887,23.725865],[121.30079,23.725773],[121.300892,23.725503],[121.300504,23.725138],[121.300703,23.72496],[121.300706,23.724689],[121.301,23.724692],[121.300999,23.724782],[121.301196,23.724694],[121.301191,23.725146],[121.300993,23.725234],[121.301187,23.725416],[121.301184,23.725687],[121.300887,23.725865]],[[121.297756,23.725288],[121.298049,23.725382],[121.298045,23.725653],[121.29824,23.725745],[121.298236,23.726106],[121.297845,23.726012],[121.297946,23.725742],[121.297752,23.725559],[121.297458,23.725556],[121.297462,23.725285],[121.297559,23.725377],[121.297755,23.725379],[121.297756,23.725288]],[[121.297364,23.725284],[121.297173,23.72483],[121.297075,23.724829],[121.297078,23.724649],[121.29737,23.724833],[121.297366,23.725103],[121.297464,23.725105],[121.297462,23.725285],[121.297364,23.725284]],[[121.29698,23.724648],[121.296885,23.724376],[121.296982,23.724467],[121.297179,23.724379],[121.297177,23.72456],[121.29698,23.724648]],[[121.302258,23.72606],[121.30226,23.72588],[121.302358,23.725881],[121.302356,23.726061],[121.302258,23.72606]],[[121.295297,23.725803],[121.2951,23.725891],[121.295004,23.72571],[121.2953,23.725623],[121.295297,23.725803]],[[121.295004,23.72571],[121.294907,23.725618],[121.295005,23.725619],[121.295004,23.72571]],[[121.292944,23.725777],[121.292847,23.725686],[121.292945,23.725687],[121.292944,23.725777]],[[121.293734,23.725334],[121.293639,23.725062],[121.293934,23.725066],[121.294029,23.725247],[121.294324,23.725251],[121.294419,23.725432],[121.294615,23.725434],[121.294808,23.725707],[121.294612,23.725705],[121.294516,23.725524],[121.29422,23.725701],[121.294125,23.725429],[121.293831,23.725426],[121.293533,23.725693],[121.293537,23.725422],[121.293734,23.725334]],[[121.292849,23.725505],[121.292752,23.725414],[121.29285,23.725415],[121.292849,23.725505]],[[121.301485,23.725149],[121.301494,23.724427],[121.301792,23.724159],[121.302184,23.724163],[121.302185,23.724073],[121.302478,23.724166],[121.30237,23.724978],[121.301881,23.724882],[121.301682,23.725061],[121.301775,23.725423],[121.301579,23.725421],[121.301578,23.725511],[121.30148,23.72551],[121.301482,23.725329],[121.301581,23.72533],[121.301583,23.72515],[121.301485,23.725149]],[[121.292557,23.725321],[121.29246,23.72523],[121.292558,23.725231],[121.292557,23.725321]],[[121.300405,23.725227],[121.300308,23.725136],[121.300406,23.725137],[121.300405,23.725227]],[[121.292561,23.725051],[121.292464,23.724959],[121.292562,23.72496],[121.292561,23.725051]],[[121.29766,23.725107],[121.297664,23.724836],[121.297762,23.724837],[121.297758,23.725108],[121.29766,23.725107]],[[121.294327,23.72498],[121.29423,23.724888],[121.294328,23.724889],[121.294327,23.72498]],[[121.294036,23.724706],[121.29394,23.724614],[121.294038,23.724615],[121.294036,23.724706]],[[121.295705,23.724634],[121.295802,23.724725],[121.295704,23.724724],[121.295705,23.724634]],[[121.295803,23.724635],[121.295902,23.724546],[121.295901,23.724636],[121.295803,23.724635]],[[121.296506,23.723378],[121.296403,23.723738],[121.296501,23.723739],[121.296495,23.724191],[121.296593,23.724192],[121.296684,23.724735],[121.296488,23.724733],[121.296489,23.724642],[121.296194,23.724729],[121.296196,23.724549],[121.296002,23.724366],[121.296006,23.724095],[121.295908,23.724094],[121.29602,23.723012],[121.295922,23.723011],[121.295831,23.722468],[121.295929,23.722469],[121.296024,23.722741],[121.296221,23.722653],[121.296219,23.722833],[121.29651,23.723017],[121.296411,23.723106],[121.296408,23.723377],[121.296506,23.723378]],[[121.296512,23.722927],[121.296805,23.72302],[121.296897,23.723473],[121.296701,23.723471],[121.296705,23.72311],[121.296512,23.722927]],[[121.297868,23.724206],[121.297763,23.724747],[121.297665,23.724746],[121.297673,23.724114],[121.297868,23.724206]],[[121.294822,23.724624],[121.294725,23.724533],[121.294823,23.724534],[121.294822,23.724624]],[[121.293254,23.724516],[121.293257,23.724336],[121.293355,23.724337],[121.293352,23.724517],[121.293254,23.724516]],[[121.295709,23.724273],[121.295807,23.724274],[121.295805,23.724454],[121.295707,23.724453],[121.295709,23.724273]],[[121.295709,23.724273],[121.295613,23.724181],[121.295711,23.724182],[121.295709,23.724273]],[[121.298356,23.724392],[121.298358,23.724211],[121.298456,23.724213],[121.298454,23.724393],[121.298356,23.724392]],[[121.293857,23.723439],[121.293955,23.723441],[121.293944,23.724253],[121.293846,23.724252],[121.293857,23.723439]],[[121.293857,23.723439],[121.293663,23.723257],[121.293368,23.723344],[121.29337,23.723163],[121.293176,23.72298],[121.292979,23.723069],[121.293083,23.722618],[121.292985,23.722617],[121.29289,23.722345],[121.292693,23.722433],[121.292696,23.722162],[121.292891,23.722255],[121.292991,23.722166],[121.292895,23.721984],[121.293288,23.721898],[121.293191,23.721807],[121.29339,23.721628],[121.293295,23.721356],[121.293492,23.721359],[121.29369,23.72118],[121.293788,23.721181],[121.293786,23.721362],[121.29349,23.721449],[121.293482,23.722081],[121.293089,23.722167],[121.293084,23.722528],[121.293279,23.72262],[121.293179,23.7228],[121.293468,23.723164],[121.293763,23.723077],[121.293761,23.723258],[121.293859,23.723259],[121.293857,23.723439]],[[121.292895,23.721984],[121.292798,23.721893],[121.292896,23.721894],[121.292895,23.721984]],[[121.293193,23.721716],[121.293096,23.721625],[121.293194,23.721626],[121.293193,23.721716]],[[121.293295,23.721356],[121.293198,23.721265],[121.293297,23.721266],[121.293295,23.721356]],[[121.294731,23.724081],[121.294729,23.724262],[121.294631,23.724261],[121.294633,23.72408],[121.294731,23.724081]],[[121.294735,23.72381],[121.294833,23.723811],[121.29484,23.72327],[121.294743,23.723178],[121.295136,23.723092],[121.294938,23.723271],[121.295035,23.723362],[121.295032,23.723543],[121.294934,23.723542],[121.295029,23.723814],[121.294832,23.723902],[121.294829,23.724082],[121.294731,23.724081],[121.294735,23.72381]],[[121.297082,23.724288],[121.297085,23.724107],[121.297183,23.724108],[121.29718,23.724289],[121.297082,23.724288]],[[121.296789,23.724194],[121.296793,23.723923],[121.296891,23.723924],[121.296887,23.724195],[121.296789,23.724194]],[[121.299339,23.724222],[121.29934,23.724132],[121.299536,23.724134],[121.299535,23.724224],[121.299339,23.724222]],[[121.301105,23.724151],[121.301304,23.723973],[121.301398,23.724245],[121.301202,23.724243],[121.301105,23.724151]],[[121.29444,23.723807],[121.294437,23.724078],[121.294339,23.724077],[121.294244,23.723805],[121.29444,23.723807]],[[121.293163,23.723974],[121.293066,23.723882],[121.293164,23.723883],[121.293163,23.723974]],[[121.297681,23.723482],[121.297782,23.723302],[121.297977,23.723395],[121.29787,23.724025],[121.297772,23.724024],[121.297779,23.723483],[121.297681,23.723482]],[[121.298075,23.723396],[121.29827,23.723488],[121.298264,23.723939],[121.298361,23.724031],[121.298165,23.724029],[121.29817,23.723577],[121.298072,23.723576],[121.298075,23.723396]],[[121.297185,23.723928],[121.297187,23.723747],[121.297286,23.723748],[121.297283,23.723929],[121.297185,23.723928]],[[121.301697,23.723887],[121.301794,23.723978],[121.301696,23.723977],[121.301697,23.723887]],[[121.301795,23.723888],[121.301895,23.723799],[121.301893,23.723889],[121.301795,23.723888]],[[121.296794,23.723833],[121.296796,23.723652],[121.296894,23.723654],[121.296892,23.723834],[121.296794,23.723833]],[[121.293461,23.723706],[121.29356,23.723617],[121.293559,23.723707],[121.293461,23.723706]],[[121.293462,23.723616],[121.293365,23.723524],[121.293463,23.723525],[121.293462,23.723616]],[[121.297287,23.723658],[121.297289,23.723477],[121.297387,23.723478],[121.297385,23.723659],[121.297287,23.723658]],[[121.294249,23.723444],[121.294348,23.723355],[121.294347,23.723445],[121.294249,23.723444]],[[121.294152,23.723352],[121.294056,23.723171],[121.294254,23.723083],[121.294158,23.722901],[121.294355,23.722813],[121.29445,23.723085],[121.294152,23.723352]],[[121.301714,23.722623],[121.30221,23.722177],[121.302406,23.722179],[121.302597,23.722542],[121.302795,23.722454],[121.302896,23.722184],[121.303091,23.722277],[121.303089,23.722457],[121.302892,23.722546],[121.302984,23.722998],[121.302496,23.722812],[121.3019,23.723347],[121.301707,23.723165],[121.301714,23.722623]],[[121.297884,23.722942],[121.297882,23.723123],[121.297686,23.72312],[121.297689,23.72285],[121.297884,23.722942]],[[121.293575,23.722443],[121.293774,23.722265],[121.293766,23.722897],[121.29357,23.722894],[121.293669,23.722805],[121.293674,23.722444],[121.293575,23.722443]],[[121.291904,23.722786],[121.291807,23.722694],[121.291905,23.722695],[121.291904,23.722786]],[[121.294944,23.722819],[121.295044,23.72264],[121.295339,23.722553],[121.295238,23.722823],[121.294944,23.722819]],[[121.295438,23.722554],[121.295146,23.72237],[121.295148,23.722189],[121.29544,23.722373],[121.295438,23.722554]],[[121.296513,23.722837],[121.296515,23.722656],[121.296613,23.722657],[121.296611,23.722838],[121.296513,23.722837]],[[121.292689,23.722704],[121.292789,23.722615],[121.292787,23.722705],[121.292689,23.722704]],[[121.292691,23.722614],[121.292594,23.722523],[121.292692,23.722524],[121.292691,23.722614]],[[121.2972,23.722754],[121.297203,23.722573],[121.297301,23.722574],[121.297298,23.722755],[121.2972,23.722754]],[[121.297593,23.722758],[121.297496,23.722667],[121.297594,23.722668],[121.297593,23.722758]],[[121.294262,23.722451],[121.294359,23.722542],[121.294261,23.722541],[121.294262,23.722451]],[[121.294458,23.722453],[121.294264,23.72227],[121.294463,23.722092],[121.294557,23.722364],[121.294458,23.722453]],[[121.294365,23.722091],[121.294268,23.721999],[121.294366,23.722],[121.294365,23.722091]],[[121.29652,23.722295],[121.296715,23.722387],[121.296712,23.722568],[121.296517,23.722475],[121.29652,23.722295]],[[121.292302,23.722339],[121.292304,23.722158],[121.292402,23.722159],[121.2924,23.72234],[121.292302,23.722339]],[[121.294753,23.722366],[121.294755,23.722275],[121.294951,23.722278],[121.29495,23.722368],[121.294753,23.722366]],[[121.292009,23.722245],[121.291912,23.722154],[121.29201,23.722155],[121.292009,23.722245]],[[121.295644,23.721743],[121.295839,23.721836],[121.295931,23.722288],[121.295735,23.722286],[121.29574,23.721925],[121.295642,23.721924],[121.295644,23.721743]],[[121.293971,23.722177],[121.293874,23.722085],[121.293972,23.722086],[121.293971,23.722177]],[[121.296325,23.722202],[121.296327,23.722022],[121.296425,23.722023],[121.296423,23.722204],[121.296325,23.722202]],[[121.291915,23.721883],[121.291913,23.722063],[121.291815,23.722062],[121.291719,23.721881],[121.291915,23.721883]],[[121.292507,23.721619],[121.292504,23.721889],[121.292307,23.721978],[121.292309,23.721797],[121.292507,23.721619]],[[121.294758,23.722005],[121.294759,23.721914],[121.295053,23.721918],[121.295052,23.722008],[121.294758,23.722005]],[[121.296328,23.721932],[121.296331,23.721751],[121.296429,23.721752],[121.296426,23.721933],[121.296328,23.721932]],[[121.297701,23.721947],[121.297704,23.721766],[121.297802,23.721767],[121.297799,23.721948],[121.297701,23.721947]],[[121.294467,23.72173],[121.29447,23.72155],[121.294666,23.721552],[121.294664,23.721733],[121.294467,23.72173]],[[121.295449,23.721651],[121.295453,23.72138],[121.295551,23.721381],[121.295547,23.721652],[121.295449,23.721651]],[[121.296628,23.721483],[121.296822,23.721666],[121.296626,23.721664],[121.296628,23.721483]],[[121.294276,23.721367],[121.294274,23.721548],[121.293981,23.721454],[121.293982,23.721364],[121.294276,23.721367]],[[121.294378,23.721097],[121.294577,23.720829],[121.294773,23.720831],[121.294571,23.72128],[121.294378,23.721097]],[[121.293597,23.720818],[121.293694,23.720909],[121.293399,23.720906],[121.293502,23.720546],[121.293698,23.720548],[121.293599,23.720637],[121.293597,23.720818]],[[121.293698,23.720548],[121.293797,23.720459],[121.293702,23.720277],[121.293899,23.720189],[121.293901,23.720009],[121.294095,23.720191],[121.294392,23.720014],[121.294289,23.720374],[121.294094,23.720282],[121.293992,23.720551],[121.293698,23.720548]],[[121.293999,23.72001],[121.294099,23.71992],[121.294098,23.720011],[121.293999,23.72001]],[[121.294184,23.720915],[121.294087,23.720823],[121.294185,23.720824],[121.294184,23.720915]],[[121.289483,23.720411],[121.289383,23.7205],[121.289288,23.720319],[121.289092,23.720317],[121.289389,23.720049],[121.288998,23.719954],[121.289101,23.719594],[121.288808,23.719501],[121.288809,23.719411],[121.289008,23.719232],[121.289395,23.719598],[121.289694,23.71924],[121.289502,23.718967],[121.289797,23.71888],[121.28989,23.719242],[121.289693,23.71933],[121.28959,23.71969],[121.289393,23.719778],[121.28978,23.720144],[121.289778,23.720324],[121.28968,23.720323],[121.289775,23.720595],[121.289483,23.720411]],[[121.294383,23.720646],[121.294287,23.720555],[121.294385,23.720556],[121.294383,23.720646]],[[121.295662,23.720389],[121.295759,23.720481],[121.295661,23.720479],[121.295662,23.720389]],[[121.29576,23.72039],[121.295859,23.720301],[121.295858,23.720391],[121.29576,23.72039]],[[121.296349,23.720306],[121.296347,23.720487],[121.296249,23.720486],[121.296251,23.720305],[121.296349,23.720306]],[[121.296349,23.720306],[121.296449,23.720217],[121.296448,23.720308],[121.296349,23.720306]],[[121.293308,23.720363],[121.293311,23.720183],[121.293605,23.720186],[121.293602,23.720366],[121.293308,23.720363]],[[121.287831,23.719219],[121.287534,23.719396],[121.287628,23.719759],[121.287234,23.719845],[121.286837,23.720201],[121.286942,23.719661],[121.286651,23.719477],[121.28685,23.719208],[121.286366,23.718751],[121.286369,23.718481],[121.286466,23.718572],[121.286566,23.718483],[121.286957,23.718577],[121.287058,23.718308],[121.286765,23.718214],[121.286766,23.718124],[121.286667,23.718213],[121.286276,23.718118],[121.286176,23.718298],[121.28598,23.718296],[121.286081,23.718026],[121.286377,23.717939],[121.286184,23.717666],[121.286483,23.717308],[121.286775,23.717492],[121.286869,23.717764],[121.287066,23.717676],[121.286978,23.716952],[121.286783,23.71686],[121.286583,23.717128],[121.286291,23.716945],[121.286395,23.716494],[121.286105,23.71622],[121.286303,23.716042],[121.286691,23.716407],[121.287087,23.716141],[121.287377,23.716415],[121.287673,23.716328],[121.287668,23.716689],[121.28757,23.716688],[121.287562,23.71732],[121.287658,23.717411],[121.28756,23.71741],[121.287558,23.717591],[121.287656,23.717592],[121.28765,23.718043],[121.287748,23.718044],[121.287647,23.718314],[121.287745,23.718315],[121.287738,23.718857],[121.287836,23.718858],[121.287736,23.718947],[121.287831,23.719219]],[[121.286651,23.719477],[121.286551,23.719566],[121.286553,23.719476],[121.286651,23.719477]],[[121.286655,23.719116],[121.286556,23.719205],[121.286557,23.719115],[121.286655,23.719116]],[[121.288125,23.719222],[121.28812,23.719583],[121.288022,23.719582],[121.288025,23.719402],[121.287831,23.719219],[121.288125,23.719222]],[[121.288608,23.719769],[121.288803,23.719862],[121.288799,23.720223],[121.288605,23.72004],[121.288608,23.719769]],[[121.293113,23.720271],[121.293016,23.720179],[121.293115,23.72018],[121.293113,23.720271]],[[121.295176,23.720023],[121.295174,23.720203],[121.294977,23.720291],[121.294979,23.720111],[121.295176,23.720023]],[[121.294784,23.720018],[121.294487,23.720196],[121.29449,23.720015],[121.294588,23.720016],[121.294493,23.719744],[121.294593,23.719655],[121.294691,23.719656],[121.294784,23.720018]],[[121.294494,23.719654],[121.2944,23.719382],[121.294597,23.719294],[121.294593,23.719655],[121.294494,23.719654]],[[121.294597,23.719294],[121.294696,23.719205],[121.294695,23.719295],[121.294597,23.719294]],[[121.294696,23.719205],[121.294797,23.719025],[121.294993,23.719027],[121.294893,23.719207],[121.294696,23.719205]],[[121.294993,23.719027],[121.295191,23.718849],[121.295194,23.718668],[121.29539,23.718671],[121.295388,23.718851],[121.295189,23.719029],[121.294993,23.719027]],[[121.301654,23.719642],[121.30195,23.719555],[121.301946,23.719826],[121.301848,23.719825],[121.301745,23.720185],[121.301548,23.720273],[121.301554,23.719822],[121.301652,23.719823],[121.301654,23.719642]],[[121.296553,23.719767],[121.296451,23.720037],[121.296353,23.720036],[121.296258,23.719764],[121.296553,23.719767]],[[121.293513,23.719733],[121.293514,23.719643],[121.293906,23.719647],[121.293608,23.719915],[121.293118,23.71991],[121.293119,23.719819],[121.293513,23.719733]],[[121.295277,23.719843],[121.29518,23.719752],[121.295278,23.719753],[121.295277,23.719843]],[[121.295963,23.719851],[121.295866,23.719759],[121.295964,23.71976],[121.295963,23.719851]],[[121.288514,23.719498],[121.288515,23.719407],[121.288711,23.719409],[121.28871,23.7195],[121.288514,23.719498]],[[121.295284,23.719301],[121.295477,23.719484],[121.295675,23.719396],[121.295672,23.719577],[121.295378,23.719573],[121.295281,23.719482],[121.295284,23.719301]],[[121.296069,23.71922],[121.296268,23.719041],[121.296464,23.719044],[121.296365,23.719133],[121.296459,23.719405],[121.296066,23.719491],[121.296069,23.71922]],[[121.296557,23.719406],[121.29656,23.719225],[121.296658,23.719226],[121.296655,23.719407],[121.296557,23.719406]],[[121.288716,23.719048],[121.288521,23.718956],[121.28842,23.719135],[121.288224,23.719133],[121.288129,23.718951],[121.288423,23.718955],[121.288621,23.718776],[121.288718,23.718868],[121.288716,23.719048]],[[121.288625,23.718505],[121.288921,23.718328],[121.288924,23.718148],[121.288826,23.718147],[121.288927,23.717877],[121.288634,23.717783],[121.288637,23.717603],[121.288734,23.717694],[121.289029,23.717607],[121.289024,23.717968],[121.289121,23.718059],[121.289318,23.717971],[121.289511,23.718244],[121.289312,23.718423],[121.288919,23.718509],[121.288719,23.718777],[121.288621,23.718776],[121.288625,23.718505]],[[121.289403,23.718966],[121.289402,23.719056],[121.289206,23.719054],[121.289207,23.718963],[121.288912,23.71905],[121.288914,23.71887],[121.289403,23.718966]],[[121.295678,23.719125],[121.295681,23.718945],[121.295779,23.718946],[121.295776,23.719126],[121.295678,23.719125]],[[121.289504,23.718786],[121.289407,23.718695],[121.289505,23.718696],[121.289504,23.718786]],[[121.296368,23.718862],[121.296371,23.718681],[121.296469,23.718682],[121.296466,23.718863],[121.296368,23.718862]],[[121.289999,23.71843],[121.289997,23.718611],[121.289702,23.718608],[121.289706,23.718337],[121.289999,23.71843]],[[121.290389,23.718615],[121.290292,23.718524],[121.29039,23.718525],[121.290389,23.718615]],[[121.29108,23.718262],[121.291078,23.718442],[121.29088,23.71853],[121.290883,23.71835],[121.29108,23.718262]],[[121.295588,23.718492],[121.295591,23.718312],[121.295689,23.718313],[121.295686,23.718493],[121.295588,23.718492]],[[121.29618,23.718228],[121.296375,23.71832],[121.296373,23.718501],[121.296178,23.718408],[121.29618,23.718228]],[[121.296767,23.718324],[121.296667,23.718504],[121.296569,23.718503],[121.296571,23.718322],[121.296767,23.718324]],[[121.295004,23.718215],[121.295001,23.718395],[121.294805,23.718393],[121.294806,23.718303],[121.295004,23.718215]],[[121.287942,23.718227],[121.287845,23.718136],[121.287943,23.718137],[121.287942,23.718227]],[[121.288236,23.71823],[121.288237,23.71814],[121.288433,23.718142],[121.288432,23.718232],[121.288236,23.71823]],[[121.290102,23.71807],[121.290009,23.717618],[121.289911,23.717617],[121.290013,23.717347],[121.289915,23.717346],[121.289917,23.717165],[121.290306,23.717441],[121.290304,23.717621],[121.290105,23.717799],[121.290398,23.717893],[121.290395,23.718164],[121.290001,23.71825],[121.290004,23.718069],[121.290102,23.71807]],[[121.296867,23.718235],[121.296869,23.718055],[121.296967,23.718056],[121.296965,23.718236],[121.296867,23.718235]],[[121.288044,23.717957],[121.287947,23.717866],[121.288045,23.717867],[121.288044,23.717957]],[[121.295991,23.717684],[121.296187,23.717686],[121.296186,23.717776],[121.29579,23.718043],[121.295793,23.717862],[121.295991,23.717684]],[[121.295793,23.717862],[121.295696,23.717771],[121.295794,23.717772],[121.295793,23.717862]],[[121.297164,23.717968],[121.297261,23.718059],[121.297163,23.718058],[121.297164,23.717968]],[[121.297262,23.717969],[121.297362,23.71788],[121.297361,23.71797],[121.297262,23.717969]],[[121.289516,23.717883],[121.289419,23.717792],[121.289517,23.717793],[121.289516,23.717883]],[[121.291087,23.71772],[121.291288,23.717361],[121.291386,23.717362],[121.291282,23.717812],[121.291087,23.71772]],[[121.294126,23.717844],[121.294029,23.717753],[121.294127,23.717754],[121.294126,23.717844]],[[121.295401,23.717858],[121.295204,23.717856],[121.295207,23.717675],[121.295305,23.717676],[121.295401,23.717858]],[[121.295207,23.717675],[121.29511,23.717584],[121.295208,23.717585],[121.295207,23.717675]],[[121.285698,23.717299],[121.285701,23.717119],[121.285799,23.71712],[121.285792,23.717661],[121.285598,23.717479],[121.2856,23.717298],[121.285698,23.717299]],[[121.297461,23.71779],[121.297364,23.717699],[121.297462,23.7177],[121.297461,23.71779]],[[121.306094,23.717614],[121.306093,23.717705],[121.306289,23.717707],[121.306385,23.717888],[121.305992,23.717884],[121.305898,23.717612],[121.306094,23.717614]],[[121.289329,23.717159],[121.289428,23.71707],[121.289523,23.717342],[121.289229,23.717338],[121.289035,23.717156],[121.288932,23.717516],[121.288541,23.717421],[121.289037,23.716975],[121.289329,23.717159]],[[121.289233,23.716977],[121.289038,23.716885],[121.288943,23.716703],[121.289139,23.716705],[121.289233,23.716977]],[[121.294425,23.717486],[121.294521,23.717577],[121.294423,23.717576],[121.294425,23.717486]],[[121.294525,23.717306],[121.294623,23.717308],[121.294921,23.71704],[121.294918,23.717221],[121.294621,23.717488],[121.294523,23.717487],[121.294525,23.717306]],[[121.288347,23.717238],[121.288345,23.717419],[121.288247,23.717418],[121.288151,23.717236],[121.288347,23.717238]],[[121.290503,23.717352],[121.290406,23.717261],[121.290505,23.717262],[121.290503,23.717352]],[[121.286288,23.717215],[121.286191,23.717124],[121.286289,23.717125],[121.286288,23.717215]],[[121.290604,23.717173],[121.290701,23.717264],[121.290603,23.717263],[121.290604,23.717173]],[[121.290702,23.717174],[121.290801,23.717085],[121.2909,23.716996],[121.290898,23.717176],[121.290702,23.717174]],[[121.290704,23.716993],[121.290608,23.716812],[121.291004,23.716545],[121.291002,23.716726],[121.290704,23.716993]],[[121.290607,23.716902],[121.290508,23.716991],[121.290509,23.716901],[121.290607,23.716902]],[[121.290508,23.716991],[121.290409,23.71708],[121.29041,23.71699],[121.290508,23.716991]],[[121.291583,23.717274],[121.291486,23.717183],[121.291584,23.717184],[121.291583,23.717274]],[[121.296192,23.717325],[121.296095,23.717233],[121.296193,23.717235],[121.296192,23.717325]],[[121.288446,23.717149],[121.288546,23.71706],[121.288544,23.71715],[121.288446,23.717149]],[[121.288448,23.717059],[121.288351,23.716967],[121.288449,23.716968],[121.288448,23.717059]],[[121.295313,23.717044],[121.295311,23.717225],[121.295115,23.717223],[121.295117,23.717042],[121.295313,23.717044]],[[121.295313,23.717044],[121.295412,23.716955],[121.295411,23.717045],[121.295313,23.717044]],[[121.288742,23.717062],[121.288645,23.716971],[121.288743,23.716972],[121.288742,23.717062]],[[121.285213,23.716933],[121.285214,23.716842],[121.28541,23.716845],[121.285409,23.716935],[121.285213,23.716933]],[[121.289531,23.71671],[121.289529,23.71689],[121.289331,23.716978],[121.289334,23.716798],[121.289531,23.71671]],[[121.290118,23.716806],[121.290116,23.716987],[121.289823,23.716893],[121.289824,23.716803],[121.290118,23.716806]],[[121.288647,23.71679],[121.288651,23.716519],[121.288749,23.71652],[121.288745,23.716791],[121.288647,23.71679]],[[121.295511,23.716866],[121.295415,23.716774],[121.295513,23.716776],[121.295511,23.716866]],[[121.291688,23.716733],[121.291591,23.716642],[121.291689,23.716643],[121.291688,23.716733]],[[121.299925,23.716824],[121.299828,23.716733],[121.299927,23.716734],[121.299925,23.716824]],[[121.288355,23.716606],[121.28816,23.716514],[121.288163,23.716333],[121.288358,23.716426],[121.288355,23.716606]],[[121.288163,23.716333],[121.288066,23.716242],[121.288164,23.716243],[121.288163,23.716333]],[[121.288066,23.716242],[121.287969,23.71615],[121.288067,23.716152],[121.288066,23.716242]],[[121.285417,23.716303],[121.28552,23.715943],[121.285618,23.715944],[121.285611,23.716486],[121.28522,23.716391],[121.285221,23.716301],[121.285417,23.716303]],[[121.289141,23.716525],[121.289142,23.716434],[121.289338,23.716437],[121.289337,23.716527],[121.289141,23.716525]],[[121.290026,23.716354],[121.290122,23.716535],[121.289828,23.716532],[121.289829,23.716442],[121.290026,23.716354]],[[121.298653,23.71663],[121.298655,23.716449],[121.298753,23.71645],[121.298751,23.716631],[121.298653,23.71663]],[[121.289534,23.716439],[121.289537,23.716258],[121.289635,23.716259],[121.289633,23.71644],[121.289534,23.716439]],[[121.29581,23.716508],[121.296109,23.71615],[121.296305,23.716152],[121.296303,23.716333],[121.29581,23.716508]],[[121.288653,23.716339],[121.288556,23.716247],[121.288654,23.716248],[121.288653,23.716339]],[[121.295619,23.716145],[121.295517,23.716414],[121.295321,23.716412],[121.295324,23.716232],[121.295619,23.716145]],[[121.296893,23.716249],[121.296602,23.715975],[121.296897,23.715888],[121.296998,23.715708],[121.297194,23.715711],[121.29769,23.715264],[121.297587,23.715625],[121.297391,23.715622],[121.297291,23.715802],[121.296995,23.715889],[121.296989,23.71634],[121.296596,23.716426],[121.296597,23.716336],[121.296893,23.716249]],[[121.298165,23.716444],[121.298068,23.716352],[121.298166,23.716353],[121.298165,23.716444]],[[121.288948,23.716252],[121.288852,23.71616],[121.28895,23.716161],[121.288948,23.716252]],[[121.289929,23.716262],[121.290028,23.716173],[121.290027,23.716264],[121.289929,23.716262]],[[121.28993,23.716172],[121.289833,23.716081],[121.289931,23.716082],[121.28993,23.716172]],[[121.295224,23.716321],[121.295127,23.71623],[121.295226,23.716231],[121.295224,23.716321]],[[121.297676,23.716348],[121.297579,23.716257],[121.297677,23.716258],[121.297676,23.716348]],[[121.292285,23.716108],[121.292382,23.716199],[121.292284,23.716198],[121.292285,23.716108]],[[121.292383,23.716109],[121.292482,23.71602],[121.292481,23.71611],[121.292383,23.716109]],[[121.293166,23.716208],[121.293069,23.716117],[121.293167,23.716118],[121.293166,23.716208]],[[121.302877,23.716134],[121.30307,23.716317],[121.302874,23.716315],[121.302877,23.716134]],[[121.287284,23.716053],[121.287187,23.715961],[121.287285,23.715962],[121.287284,23.716053]],[[121.289739,23.715809],[121.289539,23.716078],[121.289246,23.715984],[121.289446,23.715715],[121.289739,23.715809]],[[121.289446,23.715715],[121.289349,23.715624],[121.289447,23.715625],[121.289446,23.715715]],[[121.289349,23.715624],[121.289252,23.715533],[121.28935,23.715534],[121.289349,23.715624]],[[121.294638,23.716134],[121.294541,23.716042],[121.294639,23.716044],[121.294638,23.716134]],[[121.293367,23.715849],[121.293464,23.71594],[121.293366,23.715939],[121.293367,23.715849]],[[121.293465,23.71585],[121.293564,23.715761],[121.293664,23.715672],[121.293661,23.715852],[121.293465,23.71585]],[[121.293668,23.71531],[121.293766,23.715312],[121.29377,23.715041],[121.293968,23.714862],[121.293762,23.715673],[121.293664,23.715672],[121.293668,23.71531]],[[121.297484,23.715985],[121.297388,23.715893],[121.297486,23.715894],[121.297484,23.715985]],[[121.297977,23.715809],[121.297975,23.71599],[121.297779,23.715988],[121.29778,23.715898],[121.297977,23.715809]],[[121.293075,23.715665],[121.293073,23.715846],[121.292877,23.715844],[121.292878,23.715753],[121.293075,23.715665]],[[121.288563,23.715706],[121.288565,23.715615],[121.288761,23.715617],[121.288759,23.715708],[121.288563,23.715706]],[[121.286505,23.715592],[121.286408,23.715501],[121.286506,23.715502],[121.286505,23.715592]],[[121.288957,23.71562],[121.28886,23.715528],[121.288958,23.715529],[121.288957,23.71562]],[[121.294742,23.715683],[121.294645,23.715592],[121.294743,23.715593],[121.294742,23.715683]],[[121.298174,23.715721],[121.298077,23.71563],[121.298176,23.715631],[121.298174,23.715721]],[[121.28896,23.715349],[121.288961,23.715258],[121.288865,23.715167],[121.289158,23.715261],[121.289156,23.715351],[121.28896,23.715349]],[[121.289061,23.715169],[121.28916,23.71508],[121.289159,23.71517],[121.289061,23.715169]],[[121.28916,23.71508],[121.289259,23.714991],[121.289258,23.715081],[121.28916,23.71508]],[[121.292883,23.715392],[121.292786,23.715301],[121.292884,23.715302],[121.292883,23.715392]],[[121.288572,23.715074],[121.288667,23.715255],[121.288276,23.715161],[121.288277,23.71507],[121.288572,23.715074]],[[121.289452,23.715264],[121.289355,23.715173],[121.289453,23.715174],[121.289452,23.715264]],[[121.289455,23.714993],[121.289356,23.715082],[121.289358,23.714902],[121.289751,23.714906],[121.289749,23.714996],[121.289946,23.714998],[121.289943,23.715179],[121.289455,23.714993]],[[121.29318,23.715124],[121.293277,23.715216],[121.293179,23.715215],[121.29318,23.715124]],[[121.293278,23.715126],[121.293378,23.715036],[121.293376,23.715127],[121.293278,23.715126]],[[121.295238,23.715237],[121.295142,23.715146],[121.29524,23.715147],[121.295238,23.715237]],[[121.291318,23.715014],[121.291222,23.714922],[121.29132,23.714923],[121.291318,23.715014]],[[121.295633,23.715061],[121.295536,23.71497],[121.295634,23.714971],[121.295633,23.715061]],[[121.295928,23.714974],[121.295831,23.714883],[121.29593,23.714884],[121.295928,23.714974]],[[121.306617,23.715092],[121.30652,23.715],[121.306618,23.715001],[121.306617,23.715092]],[[121.290144,23.71482],[121.290047,23.714729],[121.290145,23.71473],[121.290144,23.71482]],[[121.293478,23.714857],[121.293381,23.714765],[121.293479,23.714767],[121.293478,23.714857]],[[121.295341,23.714877],[121.295244,23.714786],[121.295342,23.714787],[121.295341,23.714877]],[[121.296029,23.714795],[121.296126,23.714886],[121.296028,23.714885],[121.296029,23.714795]],[[121.296128,23.714705],[121.296324,23.714708],[121.296323,23.714798],[121.296127,23.714796],[121.296128,23.714705]],[[121.296324,23.714708],[121.296423,23.714618],[121.296422,23.714709],[121.296324,23.714708]],[[121.296423,23.714618],[121.296523,23.714529],[121.296521,23.71462],[121.296423,23.714618]],[[121.294558,23.714778],[121.294561,23.714508],[121.294659,23.714509],[121.294656,23.71478],[121.294558,23.714778]],[[121.304168,23.714884],[121.304071,23.714793],[121.304169,23.714794],[121.304168,23.714884]],[[121.29554,23.714699],[121.295541,23.714609],[121.295737,23.714611],[121.295736,23.714701],[121.29554,23.714699]],[[121.299169,23.714649],[121.299072,23.714557],[121.29917,23.714558],[121.299169,23.714649]],[[121.293483,23.714496],[121.293386,23.714404],[121.293484,23.714405],[121.293483,23.714496]],[[121.296622,23.71444],[121.296719,23.714531],[121.296621,23.71453],[121.296622,23.71444]],[[121.296818,23.714442],[121.296623,23.71435],[121.296624,23.714259],[121.29682,23.714262],[121.296818,23.714442]],[[121.296624,23.714259],[121.296527,23.714168],[121.296625,23.714169],[121.296624,23.714259]],[[121.293879,23.714229],[121.293876,23.71441],[121.29368,23.714408],[121.293681,23.714317],[121.293879,23.714229]],[[121.294958,23.714151],[121.294956,23.714331],[121.294858,23.71433],[121.29486,23.71415],[121.294958,23.714151]],[[121.294958,23.714151],[121.295058,23.714062],[121.295056,23.714152],[121.294958,23.714151]],[[121.294369,23.714235],[121.294468,23.714145],[121.294467,23.714236],[121.294369,23.714235]],[[121.294272,23.714143],[121.294274,23.713963],[121.294372,23.713964],[121.29437,23.714144],[121.294272,23.714143]],[[121.29035,23.7141],[121.290253,23.714009],[121.290351,23.71401],[121.29035,23.7141]],[[121.293489,23.714044],[121.293392,23.713953],[121.29349,23.713954],[121.293489,23.714044]],[[121.296922,23.713992],[121.297019,23.714083],[121.296921,23.714082],[121.296922,23.713992]],[[121.297022,23.713812],[121.29712,23.713813],[121.297118,23.713994],[121.29702,23.713993],[121.297022,23.713812]],[[121.299764,23.714113],[121.299667,23.714022],[121.299766,23.714023],[121.299764,23.714113]],[[121.304863,23.714169],[121.304767,23.714078],[121.304865,23.714079],[121.304863,23.714169]],[[121.295651,23.713707],[121.295648,23.713888],[121.295353,23.713975],[121.295454,23.713705],[121.295651,23.713707]],[[121.298786,23.713922],[121.298689,23.713831],[121.298787,23.713832],[121.298786,23.713922]],[[121.292708,23.713765],[121.29271,23.713584],[121.293003,23.713678],[121.293002,23.713768],[121.292708,23.713765]],[[121.292906,23.713586],[121.293005,23.713497],[121.293004,23.713587],[121.292906,23.713586]],[[121.291434,23.71366],[121.291337,23.713569],[121.291435,23.71357],[121.291434,23.71366]],[[121.299573,23.71375],[121.299476,23.713659],[121.299574,23.71366],[121.299573,23.71375]],[[121.295848,23.713619],[121.29585,23.713438],[121.295948,23.713439],[121.295946,23.71362],[121.295848,23.713619]],[[121.305065,23.71372],[121.305363,23.713452],[121.305459,23.713634],[121.305065,23.71372]],[[121.305753,23.713637],[121.305949,23.713639],[121.305948,23.71373],[121.305752,23.713728],[121.305753,23.713637]],[[121.305753,23.713637],[121.305656,23.713546],[121.305754,23.713547],[121.305753,23.713637]],[[121.292613,23.713493],[121.292516,23.713401],[121.292614,23.713403],[121.292613,23.713493]],[[121.295458,23.713434],[121.295555,23.713525],[121.295457,23.713524],[121.295458,23.713434]],[[121.295556,23.713435],[121.295655,23.713346],[121.295654,23.713436],[121.295556,23.713435]],[[121.299871,23.713482],[121.29997,23.713393],[121.299969,23.713484],[121.299871,23.713482]],[[121.299872,23.713392],[121.299775,23.713301],[121.299873,23.713302],[121.299872,23.713392]],[[121.295067,23.713339],[121.29497,23.713248],[121.295068,23.713249],[121.295067,23.713339]],[[121.304971,23.713448],[121.304973,23.713268],[121.305071,23.713269],[121.305069,23.713449],[121.304971,23.713448]],[[121.306052,23.713279],[121.30615,23.71328],[121.306148,23.713461],[121.306049,23.71346],[121.306052,23.713279]],[[121.306052,23.713279],[121.305955,23.713188],[121.306053,23.713189],[121.306052,23.713279]],[[121.295656,23.713256],[121.295659,23.713075],[121.295757,23.713076],[121.295755,23.713257],[121.295656,23.713256]],[[121.29909,23.713203],[121.299092,23.713022],[121.29919,23.713023],[121.299188,23.713204],[121.29909,23.713203]],[[121.294091,23.712967],[121.293994,23.712876],[121.294092,23.712877],[121.294091,23.712967]],[[121.305466,23.713092],[121.305369,23.713001],[121.305467,23.713002],[121.305466,23.713092]],[[121.295857,23.712897],[121.295863,23.712445],[121.295961,23.712446],[121.295955,23.712898],[121.295857,23.712897]],[[121.299387,23.712935],[121.29929,23.712844],[121.299389,23.712845],[121.299387,23.712935]],[[121.293897,23.712785],[121.2938,23.712693],[121.293898,23.712694],[121.293897,23.712785]],[[121.300467,23.712857],[121.30047,23.712676],[121.300568,23.712677],[121.300565,23.712858],[121.300467,23.712857]],[[121.295469,23.712621],[121.295471,23.712441],[121.295569,23.712442],[121.295567,23.712622],[121.295469,23.712621]],[[121.300571,23.712407],[121.300674,23.712047],[121.301063,23.712322],[121.300863,23.71259],[121.300571,23.712407]],[[121.293708,23.712241],[121.293611,23.712149],[121.293709,23.71215],[121.293708,23.712241]],[[121.293514,23.712058],[121.293418,23.711967],[121.293516,23.711968],[121.293514,23.712058]],[[121.296459,23.71191],[121.296362,23.711818],[121.29646,23.71182],[121.296459,23.71191]],[[121.301461,23.711875],[121.301364,23.711783],[121.301462,23.711784],[121.301461,23.711875]],[[121.296071,23.711544],[121.295971,23.711724],[121.295873,23.711723],[121.295875,23.711542],[121.296071,23.711544]],[[121.296559,23.71173],[121.296462,23.711639],[121.29656,23.71164],[121.296559,23.71173]],[[121.307444,23.71176],[121.307446,23.711669],[121.307642,23.711671],[121.307641,23.711762],[121.307444,23.71176]],[[121.298525,23.711391],[121.298527,23.71121],[121.298625,23.711211],[121.298623,23.711392],[121.298525,23.711391]],[[121.305,23.711191],[121.304903,23.7111],[121.305001,23.711101],[121.305,23.711191]],[[121.30412,23.711001],[121.304023,23.710909],[121.304121,23.71091],[121.30412,23.711001]],[[121.305789,23.710838],[121.305692,23.710747],[121.30579,23.710748],[121.305789,23.710838]],[[121.306773,23.710578],[121.306871,23.710579],[121.306869,23.71076],[121.30648,23.710485],[121.306483,23.710304],[121.306679,23.710306],[121.306773,23.710578]],[[121.306483,23.710304],[121.306386,23.710213],[121.306484,23.710214],[121.306483,23.710304]],[[121.300104,23.710595],[121.300007,23.710504],[121.300105,23.710505],[121.300104,23.710595]],[[121.308146,23.710593],[121.308049,23.710502],[121.308147,23.710503],[121.308146,23.710593]],[[121.298342,23.710395],[121.298052,23.710031],[121.298251,23.709853],[121.298737,23.710129],[121.298538,23.710398],[121.298342,23.710395]],[[121.305207,23.710381],[121.305209,23.7102],[121.305307,23.710201],[121.305305,23.710382],[121.305207,23.710381]],[[121.307952,23.710411],[121.307757,23.710318],[121.307758,23.710228],[121.307955,23.71023],[121.307952,23.710411]],[[121.307758,23.710228],[121.307662,23.710137],[121.30776,23.710138],[121.307758,23.710228]],[[121.307563,23.710135],[121.307471,23.709683],[121.307276,23.709591],[121.307279,23.70941],[121.307376,23.709501],[121.307573,23.709413],[121.307567,23.709865],[121.307665,23.709866],[121.307662,23.710137],[121.307563,23.710135]],[[121.307279,23.70941],[121.307182,23.709319],[121.30728,23.70932],[121.307279,23.70941]],[[121.293637,23.710163],[121.29354,23.710072],[121.293638,23.710073],[121.293637,23.710163]],[[121.30119,23.710066],[121.301192,23.709885],[121.30129,23.709886],[121.301288,23.710067],[121.30119,23.710066]],[[121.303446,23.71],[121.303349,23.709909],[121.303447,23.70991],[121.303446,23.71]],[[121.3062,23.709398],[121.306201,23.709308],[121.306397,23.70931],[121.306396,23.7094],[121.3062,23.709398]],[[121.299342,23.708871],[121.29944,23.708872],[121.299435,23.709234],[121.299337,23.709233],[121.299342,23.708871]],[[121.299342,23.708871],[121.299245,23.70878],[121.299343,23.708781],[121.299342,23.708871]],[[121.299733,23.708966],[121.299831,23.708967],[121.299829,23.709148],[121.299731,23.709147],[121.299733,23.708966]],[[121.299733,23.708966],[121.299636,23.708875],[121.299734,23.708876],[121.299733,23.708966]],[[121.302476,23.709177],[121.302379,23.709085],[121.302477,23.709086],[121.302476,23.709177]],[[121.306598,23.708951],[121.306792,23.709134],[121.306596,23.709132],[121.306598,23.708951]],[[121.306009,23.709035],[121.305912,23.708943],[121.30601,23.708945],[121.306009,23.709035]],[[121.307087,23.709047],[121.30699,23.708955],[121.307088,23.708956],[121.307087,23.709047]],[[121.302872,23.70891],[121.302775,23.708819],[121.302873,23.70882],[121.302872,23.70891]],[[121.299637,23.708784],[121.29954,23.708693],[121.299638,23.708694],[121.299637,23.708784]],[[121.30356,23.708827],[121.303463,23.708736],[121.303561,23.708737],[121.30356,23.708827]],[[121.305424,23.708758],[121.305327,23.708666],[121.305425,23.708667],[121.305424,23.708758]],[[121.298169,23.708588],[121.298072,23.708496],[121.29817,23.708497],[121.298169,23.708588]],[[121.305719,23.70867],[121.30572,23.70858],[121.305916,23.708582],[121.305915,23.708673],[121.305719,23.70867]],[[121.303075,23.708371],[121.303173,23.708372],[121.303171,23.708552],[121.303073,23.708551],[121.303075,23.708371]],[[121.303075,23.708371],[121.302978,23.708279],[121.303076,23.70828],[121.303075,23.708371]],[[121.306214,23.708315],[121.30631,23.708496],[121.305919,23.708402],[121.30592,23.708311],[121.306214,23.708315]],[[121.302879,23.708368],[121.302683,23.708366],[121.302685,23.708186],[121.302783,23.708187],[121.302879,23.708368]],[[121.302685,23.708186],[121.302588,23.708094],[121.302686,23.708095],[121.302685,23.708186]],[[121.302195,23.70818],[121.302294,23.708091],[121.302293,23.708181],[121.302195,23.70818]],[[121.302196,23.70809],[121.302099,23.707999],[121.302197,23.708],[121.302196,23.70809]],[[121.302201,23.707729],[121.302397,23.707731],[121.302396,23.707821],[121.3022,23.707819],[121.302201,23.707729]],[[121.302201,23.707729],[121.302104,23.707638],[121.302202,23.707639],[121.302201,23.707729]],[[121.301026,23.707535],[121.300737,23.707171],[121.301134,23.706814],[121.301037,23.706723],[121.301137,23.706543],[121.300942,23.706451],[121.300946,23.70618],[121.301144,23.706002],[121.301338,23.706184],[121.301535,23.706096],[121.301533,23.706277],[121.301335,23.706455],[121.30143,23.706637],[121.301626,23.706639],[121.301527,23.706728],[121.301624,23.70682],[121.30152,23.70727],[121.301223,23.707538],[121.301026,23.707535]],[[121.297696,23.707228],[121.297892,23.70723],[121.29789,23.707411],[121.297499,23.707316],[121.297502,23.707045],[121.297696,23.707228]],[[121.297502,23.707045],[121.297211,23.706861],[121.297117,23.706499],[121.297505,23.706865],[121.297502,23.707045]],[[121.299658,23.707159],[121.299756,23.70716],[121.299656,23.70734],[121.299363,23.707246],[121.299472,23.706435],[121.29957,23.706436],[121.299658,23.707159]],[[121.299374,23.706434],[121.299376,23.706253],[121.299474,23.706254],[121.299472,23.706435],[121.299374,23.706434]],[[121.299267,23.707065],[121.299265,23.707245],[121.299167,23.707244],[121.299071,23.707062],[121.299267,23.707065]],[[121.305249,23.70713],[121.30535,23.70686],[121.305155,23.706768],[121.305158,23.706587],[121.305454,23.70641],[121.305937,23.706957],[121.305639,23.707315],[121.305442,23.707313],[121.305249,23.70713]],[[121.299076,23.706701],[121.299174,23.706702],[121.29917,23.706973],[121.299072,23.706972],[121.299076,23.706701]],[[121.298978,23.7067],[121.298981,23.706429],[121.299079,23.70643],[121.299076,23.706701],[121.298978,23.7067]],[[121.297704,23.706596],[121.297606,23.706595],[121.297511,23.706413],[121.297805,23.706416],[121.2978,23.706778],[121.297702,23.706776],[121.297704,23.706596]],[[121.297511,23.706413],[121.297414,23.706322],[121.297512,23.706323],[121.297511,23.706413]],[[121.296923,23.706316],[121.296823,23.706496],[121.296725,23.706495],[121.296727,23.706314],[121.296923,23.706316]],[[121.297021,23.706318],[121.297118,23.706409],[121.29702,23.706408],[121.297021,23.706318]],[[121.29712,23.706319],[121.297219,23.706229],[121.297218,23.70632],[121.29712,23.706319]],[[121.296433,23.706311],[121.296336,23.70622],[121.296434,23.706221],[121.296433,23.706311]],[[121.297319,23.70605],[121.297125,23.705867],[121.29713,23.705506],[121.297423,23.7056],[121.297324,23.705689],[121.29742,23.70587],[121.297813,23.705784],[121.297713,23.705964],[121.297907,23.706056],[121.297905,23.706237],[121.297319,23.70605]],[[121.301538,23.705916],[121.301441,23.705824],[121.301539,23.705825],[121.301538,23.705916]],[[121.298107,23.705788],[121.298108,23.705697],[121.298304,23.7057],[121.298303,23.70579],[121.298107,23.705788]],[[121.301736,23.705737],[121.301639,23.705646],[121.301737,23.705647],[121.301736,23.705737]],[[121.29517,23.705394],[121.295173,23.705214],[121.295271,23.705215],[121.295561,23.705489],[121.295364,23.705577],[121.29517,23.705394]],[[121.297919,23.705153],[121.298111,23.705517],[121.297818,23.705423],[121.297821,23.705152],[121.297919,23.705153]],[[121.297821,23.705152],[121.297724,23.705061],[121.297822,23.705062],[121.297821,23.705152]],[[121.301841,23.705197],[121.301938,23.705288],[121.30184,23.705287],[121.301841,23.705197]],[[121.302037,23.705199],[121.301746,23.705015],[121.301653,23.704562],[121.301951,23.704295],[121.302147,23.704297],[121.302435,23.704752],[121.302238,23.70484],[121.302236,23.70502],[121.302037,23.705199]],[[121.296941,23.704962],[121.297141,23.704693],[121.297432,23.704877],[121.297233,23.705146],[121.296941,23.704962]],[[121.295178,23.704762],[121.294981,23.70485],[121.294985,23.704579],[121.295181,23.704582],[121.295178,23.704762]],[[121.298119,23.704885],[121.298121,23.704704],[121.298219,23.704705],[121.298217,23.704886],[121.298119,23.704885]],[[121.298322,23.704345],[121.29832,23.704526],[121.298122,23.704614],[121.298127,23.704253],[121.298322,23.704345]],[[121.300283,23.704367],[121.30038,23.704458],[121.300282,23.704457],[121.300283,23.704367]],[[121.300381,23.704368],[121.300579,23.704189],[121.300674,23.704461],[121.300381,23.704368]],[[121.305675,23.704516],[121.305578,23.704425],[121.305676,23.704426],[121.305675,23.704516]],[[121.297735,23.704248],[121.297638,23.704157],[121.297736,23.704158],[121.297735,23.704248]],[[121.300679,23.7041],[121.300582,23.704009],[121.30068,23.70401],[121.300679,23.7041]],[[121.29715,23.703971],[121.297152,23.703791],[121.297348,23.703793],[121.297346,23.703973],[121.29715,23.703971]],[[121.298328,23.703894],[121.298231,23.703802],[121.298329,23.703804],[121.298328,23.703894]],[[121.305488,23.703792],[121.305391,23.7037],[121.305489,23.703701],[121.305488,23.703792]],[[121.297943,23.703348],[121.29804,23.703439],[121.297941,23.703438],[121.297943,23.703348]],[[121.298043,23.703168],[121.298141,23.703169],[121.298139,23.70335],[121.298041,23.703349],[121.298043,23.703168]],[[121.299026,23.702998],[121.299125,23.702909],[121.299032,23.702547],[121.298934,23.702546],[121.299034,23.702366],[121.298643,23.702272],[121.298841,23.702093],[121.299035,23.702276],[121.299231,23.702278],[121.299424,23.702551],[121.299719,23.702464],[121.299913,23.702647],[121.299318,23.703182],[121.299026,23.702998]],[[121.298733,23.702905],[121.298536,23.702993],[121.29854,23.702632],[121.298736,23.702634],[121.298733,23.702905]],[[121.298254,23.701997],[121.298252,23.702177],[121.298446,23.70236],[121.298344,23.70263],[121.29815,23.702447],[121.298156,23.701996],[121.298254,23.701997]],[[121.297072,23.702435],[121.296975,23.702344],[121.297073,23.702345],[121.297072,23.702435]],[[121.297367,23.702348],[121.29727,23.702257],[121.297368,23.702258],[121.297367,23.702348]],[[121.299722,23.702284],[121.299431,23.70201],[121.299235,23.702007],[121.298944,23.701733],[121.299436,23.701648],[121.299531,23.70183],[121.299729,23.701742],[121.299922,23.701925],[121.29992,23.702105],[121.299722,23.702284]],[[121.306684,23.70227],[121.306784,23.702181],[121.306782,23.702271],[121.306684,23.70227]],[[121.306489,23.702177],[121.306492,23.701997],[121.30659,23.701998],[121.306685,23.702179],[121.306489,23.702177]],[[121.298551,23.701819],[121.298454,23.701728],[121.298552,23.701729],[121.298551,23.701819]],[[121.307574,23.701738],[121.307477,23.701646],[121.307575,23.701647],[121.307574,23.701738]],[[121.303656,23.701334],[121.303659,23.701153],[121.303757,23.701154],[121.303754,23.701335],[121.303656,23.701334]],[[121.3069,23.700737],[121.306999,23.700648],[121.306998,23.700738],[121.3069,23.700737]],[[121.306803,23.700646],[121.306708,23.700464],[121.307002,23.700467],[121.307001,23.700558],[121.306803,23.700646]],[[121.306708,23.700464],[121.306611,23.700373],[121.306709,23.700374],[121.306708,23.700464]],[[121.307003,23.700377],[121.307199,23.700379],[121.307198,23.700469],[121.307002,23.700467],[121.307003,23.700377]],[[121.307394,23.700472],[121.307395,23.700381],[121.307688,23.700475],[121.307686,23.700655],[121.307197,23.70056],[121.307198,23.700469],[121.307394,23.700472]],[[121.306512,23.700462],[121.306415,23.700371],[121.306513,23.700372],[121.306512,23.700462]],[[121.303868,23.700162],[121.30387,23.699981],[121.303968,23.699983],[121.303966,23.700163],[121.303868,23.700162]],[[121.306519,23.69992],[121.306422,23.699829],[121.30652,23.69983],[121.306519,23.69992]],[[121.304866,23.698818],[121.304769,23.698727],[121.304867,23.698728],[121.304866,23.698818]]],[[[121.306176,23.718879],[121.305682,23.719145],[121.305581,23.719324],[121.305775,23.719507],[121.306071,23.71942],[121.306165,23.719692],[121.306263,23.719693],[121.306268,23.719332],[121.306466,23.719153],[121.306176,23.718879]]],[[[121.295405,23.725082],[121.29521,23.724989],[121.295109,23.725169],[121.295304,23.725261],[121.295405,23.725082]]],[[[121.30609,23.72547],[121.306287,23.725472],[121.306585,23.725114],[121.306194,23.72502],[121.306196,23.72493],[121.305705,23.724924],[121.305605,23.725104],[121.305309,23.725191],[121.305696,23.725646],[121.305892,23.725649],[121.30609,23.72547]]],[[[121.296285,23.725272],[121.295894,23.725178],[121.295798,23.724996],[121.295601,23.725084],[121.295987,23.72554],[121.296183,23.725542],[121.296285,23.725272]]],[[[121.30596,23.727997],[121.305767,23.727724],[121.305474,23.727631],[121.305478,23.72736],[121.305283,23.727267],[121.305188,23.726995],[121.304992,23.726993],[121.304798,23.726811],[121.304601,23.726899],[121.304891,23.727173],[121.304984,23.727625],[121.305082,23.727626],[121.305176,23.727898],[121.305372,23.7279],[121.305566,23.728083],[121.30586,23.728086],[121.30596,23.727997]]],[[[121.303311,23.728058],[121.303215,23.727877],[121.302726,23.727781],[121.302727,23.727691],[121.30243,23.727868],[121.302237,23.727685],[121.302436,23.727417],[121.302143,23.727323],[121.302144,23.727233],[121.301947,23.727321],[121.302042,23.727593],[121.301648,23.727679],[121.301841,23.727952],[121.302135,23.727955],[121.302134,23.728045],[121.302527,23.72796],[121.302623,23.728141],[121.303211,23.728148],[121.303311,23.728058]]]]}},{"type":"Feature","properties":{"kind":"bare_dam","month":"2026-09","area_ha":137.52},"geometry":{"type":"MultiPolygon","coordinates":[[[[121.297517,23.690791],[121.29791,23.690706],[121.297912,23.690615],[121.298107,23.690708],[121.298206,23.690618],[121.298111,23.690347],[121.29831,23.690168],[121.298506,23.69017],[121.298505,23.690261],[121.298898,23.690175],[121.299197,23.689817],[121.299488,23.69],[121.29949,23.68991],[121.299882,23.689914],[121.299883,23.689824],[121.300176,23.689918],[121.300276,23.689738],[121.298708,23.689721],[121.298607,23.6899],[121.298215,23.689896],[121.297522,23.69043],[121.297517,23.690791]]],[[[121.301438,23.690925],[121.301735,23.690657],[121.30154,23.690565],[121.301341,23.690833],[121.301438,23.690925]]],[[[121.299568,23.691446],[121.299567,23.691536],[121.299763,23.691539],[121.299962,23.69127],[121.299769,23.691087],[121.299473,23.691174],[121.299087,23.690718],[121.298891,23.690716],[121.298692,23.690895],[121.29869,23.691075],[121.298885,23.691168],[121.298883,23.691348],[121.299076,23.691531],[121.299568,23.691446]]],[[[121.300449,23.691546],[121.300158,23.691272],[121.299862,23.691449],[121.299958,23.691631],[121.300449,23.691546]]],[[[121.298329,23.696218],[121.29823,23.696308],[121.298327,23.696399],[121.29832,23.696941],[121.298613,23.697034],[121.298805,23.697307],[121.299003,23.697219],[121.299105,23.696859],[121.299398,23.696953],[121.299101,23.69722],[121.299098,23.697401],[121.299584,23.697767],[121.299484,23.697947],[121.299677,23.698129],[121.298992,23.698032],[121.298896,23.69785],[121.2987,23.697848],[121.2986,23.698027],[121.298208,23.698023],[121.298014,23.69784],[121.298013,23.697931],[121.297719,23.697927],[121.29742,23.698285],[121.297129,23.698011],[121.296832,23.698279],[121.296539,23.698185],[121.296438,23.698365],[121.296242,23.698363],[121.296146,23.698181],[121.296047,23.69827],[121.295851,23.698268],[121.295852,23.698178],[121.295558,23.698174],[121.295557,23.698265],[121.295166,23.69817],[121.295067,23.698259],[121.29497,23.698168],[121.294571,23.698705],[121.293987,23.698338],[121.293989,23.698157],[121.294188,23.697979],[121.294481,23.698072],[121.294581,23.697893],[121.294972,23.697987],[121.295073,23.697808],[121.295366,23.697901],[121.295367,23.697811],[121.295661,23.697814],[121.295662,23.697724],[121.296053,23.697819],[121.296149,23.698],[121.296248,23.697911],[121.296639,23.698006],[121.296838,23.697827],[121.296841,23.697556],[121.296744,23.697465],[121.296253,23.69755],[121.295962,23.697276],[121.296064,23.697006],[121.295966,23.697005],[121.295773,23.696732],[121.295479,23.696729],[121.295286,23.696456],[121.29509,23.696454],[121.294802,23.695999],[121.294606,23.695997],[121.294605,23.696087],[121.293722,23.696077],[121.293524,23.696256],[121.292838,23.696248],[121.29254,23.696516],[121.292536,23.696787],[121.292339,23.696875],[121.292327,23.697778],[121.292522,23.69787],[121.29252,23.698051],[121.292422,23.69805],[121.292519,23.698141],[121.292513,23.698592],[121.292708,23.698685],[121.292702,23.699136],[121.292897,23.699229],[121.292877,23.700764],[121.293458,23.701312],[121.293948,23.701317],[121.294044,23.701499],[121.295809,23.701518],[121.295909,23.701339],[121.296302,23.701343],[121.296599,23.701076],[121.296504,23.700894],[121.295818,23.700796],[121.295723,23.700614],[121.295525,23.700702],[121.295431,23.700431],[121.295235,23.700428],[121.294839,23.700695],[121.294355,23.700238],[121.293962,23.700234],[121.293964,23.700143],[121.293571,23.700139],[121.293573,23.700049],[121.293375,23.700137],[121.293281,23.699865],[121.294064,23.699964],[121.29416,23.700146],[121.294553,23.70006],[121.294552,23.70015],[121.295237,23.700248],[121.295337,23.700068],[121.295827,23.700164],[121.295927,23.699985],[121.295733,23.699802],[121.296125,23.699806],[121.296222,23.699897],[121.296122,23.700077],[121.29622,23.700078],[121.296314,23.70035],[121.296512,23.700262],[121.296515,23.699991],[121.296711,23.699993],[121.29671,23.700083],[121.297496,23.700002],[121.297893,23.699645],[121.297896,23.699374],[121.298093,23.699286],[121.2979,23.699103],[121.297903,23.698832],[121.297611,23.698649],[121.297811,23.69838],[121.298392,23.698928],[121.298291,23.699198],[121.298584,23.699291],[121.298481,23.699651],[121.297986,23.700007],[121.297882,23.700458],[121.298176,23.700461],[121.29818,23.70019],[121.298278,23.700191],[121.298274,23.700462],[121.298568,23.700465],[121.29857,23.700375],[121.298766,23.700377],[121.298764,23.700467],[121.299255,23.700473],[121.299354,23.700383],[121.299451,23.700475],[121.299552,23.700205],[121.299259,23.700111],[121.299361,23.699842],[121.299167,23.699659],[121.299363,23.699661],[121.299556,23.699934],[121.299752,23.699936],[121.299746,23.700388],[121.299844,23.700389],[121.299744,23.700568],[121.299841,23.70066],[121.301998,23.700683],[121.301999,23.700593],[121.302194,23.700685],[121.302294,23.700506],[121.302686,23.70051],[121.303579,23.699707],[121.303391,23.699073],[121.303588,23.699075],[121.303584,23.699346],[121.303781,23.699258],[121.303785,23.698987],[121.303982,23.698899],[121.303988,23.698448],[121.304185,23.69836],[121.304192,23.697818],[121.304388,23.69782],[121.305481,23.696748],[121.306167,23.696756],[121.306267,23.696576],[121.306856,23.696583],[121.306955,23.696494],[121.306964,23.695771],[121.307162,23.695683],[121.306968,23.6955],[121.306983,23.694327],[121.307775,23.693703],[121.307778,23.693523],[121.308368,23.693349],[121.30837,23.693258],[121.308075,23.693255],[121.307882,23.693072],[121.307885,23.692801],[121.308081,23.692804],[121.308082,23.692713],[121.308375,23.692807],[121.308376,23.692717],[121.308966,23.692633],[121.309265,23.692275],[121.309461,23.692277],[121.30946,23.692367],[121.309559,23.692278],[121.309755,23.69228],[121.309754,23.69237],[121.310146,23.692375],[121.310147,23.692284],[121.310734,23.692381],[121.311528,23.691667],[121.311641,23.690495],[121.311838,23.690407],[121.311842,23.690136],[121.312337,23.68978],[121.312342,23.689328],[121.31254,23.68924],[121.312249,23.688966],[121.312251,23.688786],[121.312936,23.688883],[121.313037,23.688704],[121.313233,23.688706],[121.313232,23.688796],[121.313527,23.688709],[121.31353,23.688438],[121.313335,23.688346],[121.313338,23.688165],[121.313144,23.687983],[121.31285,23.687979],[121.312657,23.687706],[121.312461,23.687704],[121.312563,23.687435],[121.312271,23.687251],[121.312273,23.68707],[121.312469,23.687072],[121.312668,23.686894],[121.312665,23.687074],[121.312955,23.687439],[121.313444,23.687534],[121.313344,23.687714],[121.313442,23.687715],[121.313438,23.687986],[121.313536,23.687987],[121.313735,23.687809],[121.31374,23.687357],[121.313254,23.687081],[121.313452,23.686902],[121.313454,23.686722],[121.31297,23.686265],[121.312481,23.686169],[121.312484,23.685899],[121.312291,23.685716],[121.312095,23.685714],[121.311896,23.685892],[121.311799,23.685801],[121.3117,23.68589],[121.311309,23.685795],[121.311111,23.685974],[121.311213,23.685614],[121.311115,23.685613],[121.311021,23.685341],[121.310825,23.685339],[121.310527,23.685606],[121.310525,23.685787],[121.31072,23.685879],[121.310716,23.68615],[121.310911,23.686243],[121.310908,23.686513],[121.311006,23.686515],[121.311002,23.686785],[121.310804,23.686964],[121.31051,23.686961],[121.310415,23.686689],[121.310122,23.686595],[121.309924,23.686774],[121.309922,23.686954],[121.309723,23.687133],[121.30933,23.687219],[121.309329,23.687309],[121.309135,23.687126],[121.308742,23.687212],[121.30874,23.687303],[121.308644,23.687211],[121.307858,23.687293],[121.307759,23.687382],[121.307856,23.687473],[121.30785,23.687925],[121.307654,23.687923],[121.307455,23.688101],[121.307452,23.688372],[121.307355,23.688281],[121.306962,23.688367],[121.306769,23.688094],[121.306278,23.688179],[121.306177,23.688358],[121.306372,23.688451],[121.30637,23.688631],[121.306174,23.688629],[121.306176,23.688448],[121.305883,23.688355],[121.305783,23.688534],[121.305489,23.688531],[121.305191,23.688799],[121.305188,23.68907],[121.30401,23.689147],[121.303812,23.689325],[121.303517,23.689322],[121.303516,23.689413],[121.303221,23.6895],[121.303119,23.689769],[121.302726,23.689855],[121.302429,23.690123],[121.301839,23.690207],[121.301645,23.690024],[121.30096,23.689926],[121.300761,23.690195],[121.300565,23.690193],[121.300566,23.690103],[121.300367,23.690281],[121.300172,23.690189],[121.300073,23.690278],[121.300169,23.690459],[121.300365,23.690462],[121.300364,23.690552],[121.300953,23.690468],[121.301146,23.690741],[121.301441,23.690654],[121.301249,23.690381],[121.30213,23.690481],[121.302227,23.690572],[121.302125,23.690842],[121.30232,23.690935],[121.302316,23.691205],[121.302801,23.691662],[121.3027,23.691842],[121.30221,23.691836],[121.301823,23.691471],[121.301722,23.69165],[121.301036,23.691643],[121.300936,23.691822],[121.30074,23.69182],[121.299946,23.692534],[121.300235,23.692898],[121.300433,23.69281],[121.300626,23.692993],[121.300624,23.693173],[121.300428,23.693171],[121.300427,23.693262],[121.300039,23.692896],[121.299744,23.692983],[121.299644,23.693163],[121.299448,23.69316],[121.299255,23.692887],[121.299751,23.692441],[121.299753,23.692261],[121.299462,23.692077],[121.299362,23.692166],[121.299458,23.692348],[121.299162,23.692525],[121.298968,23.692343],[121.299166,23.692164],[121.299169,23.691984],[121.298685,23.691436],[121.298293,23.691432],[121.298294,23.691342],[121.297901,23.691428],[121.297802,23.691517],[121.297899,23.691608],[121.297795,23.692059],[121.298181,23.692514],[121.298478,23.692337],[121.298375,23.692697],[121.29857,23.69279],[121.298565,23.693151],[121.298856,23.693425],[121.297768,23.694135],[121.297864,23.694317],[121.297567,23.694494],[121.297365,23.694944],[121.297756,23.695038],[121.297949,23.695311],[121.298342,23.695225],[121.298633,23.695499],[121.29883,23.695411],[121.298737,23.695049],[121.298932,23.695141],[121.298928,23.695412],[121.299026,23.695413],[121.299121,23.695685],[121.298728,23.695681],[121.29873,23.695591],[121.298437,23.695497],[121.298336,23.695677],[121.298629,23.69577],[121.298627,23.695951],[121.298529,23.69595],[121.298622,23.696312],[121.298329,23.696218]],[[121.296515,23.699991],[121.296418,23.6999],[121.296516,23.699901],[121.296515,23.699991]],[[121.298585,23.699201],[121.298881,23.699024],[121.298591,23.69875],[121.298594,23.698479],[121.298496,23.698478],[121.298696,23.698209],[121.299084,23.698484],[121.299179,23.698756],[121.299376,23.698668],[121.299569,23.698941],[121.299765,23.698943],[121.299864,23.698854],[121.29977,23.698582],[121.300162,23.698586],[121.300263,23.698317],[121.300557,23.69832],[121.300758,23.697961],[121.300954,23.697963],[121.30135,23.697696],[121.301254,23.697515],[121.301548,23.697518],[121.301649,23.697338],[121.302041,23.697343],[121.302143,23.697073],[121.302436,23.697166],[121.302538,23.696806],[121.302734,23.696809],[121.302733,23.696899],[121.30293,23.696811],[121.302928,23.696991],[121.302732,23.696989],[121.302335,23.697346],[121.302431,23.697528],[121.302725,23.697531],[121.302724,23.697621],[121.301941,23.697522],[121.301544,23.697879],[121.301538,23.698331],[121.301439,23.69842],[121.301146,23.698326],[121.300947,23.698505],[121.300945,23.698685],[121.300749,23.698683],[121.30045,23.699041],[121.300156,23.699038],[121.300056,23.699217],[121.299663,23.699213],[121.299562,23.699483],[121.299465,23.699391],[121.29868,23.699383],[121.298585,23.699201]],[[121.29977,23.698582],[121.299673,23.698491],[121.299771,23.698492],[121.29977,23.698582]],[[121.299673,23.698491],[121.299576,23.698399],[121.299674,23.6984],[121.299673,23.698491]],[[121.301649,23.697338],[121.301552,23.697247],[121.30165,23.697248],[121.301649,23.697338]],[[121.300648,23.698863],[121.300745,23.698954],[121.300647,23.698953],[121.300648,23.698863]],[[121.299259,23.700111],[121.29916,23.700201],[121.299161,23.70011],[121.299259,23.700111]],[[121.299161,23.70011],[121.299064,23.700019],[121.299163,23.70002],[121.299161,23.70011]],[[121.301999,23.700593],[121.301707,23.700409],[121.301809,23.700139],[121.3021,23.700323],[121.301999,23.700593]],[[121.302102,23.700233],[121.302396,23.700236],[121.302393,23.700417],[121.302197,23.700415],[121.302102,23.700233]],[[121.304087,23.698358],[121.30399,23.698267],[121.304088,23.698268],[121.304087,23.698358]],[[121.313037,23.688704],[121.31294,23.688613],[121.313038,23.688614],[121.313037,23.688704]],[[121.31246,23.687795],[121.312068,23.68779],[121.312069,23.6877],[121.312461,23.687704],[121.31246,23.687795]],[[121.312067,23.687881],[121.311771,23.687968],[121.31177,23.688058],[121.311479,23.687874],[121.31128,23.688053],[121.311282,23.687872],[121.311481,23.687694],[121.311677,23.687696],[121.311676,23.687786],[121.311971,23.687699],[121.312067,23.687881]],[[121.298478,23.692337],[121.298577,23.692248],[121.298576,23.692338],[121.298478,23.692337]],[[121.297864,23.694317],[121.297961,23.694408],[121.297862,23.694407],[121.297864,23.694317]],[[121.298622,23.696312],[121.299013,23.696406],[121.299011,23.696587],[121.298817,23.696404],[121.298621,23.696402],[121.298622,23.696312]],[[121.294833,23.701146],[121.294539,23.701143],[121.294541,23.700963],[121.294836,23.700966],[121.294833,23.701146]],[[121.301411,23.700587],[121.301314,23.700495],[121.301412,23.700496],[121.301411,23.700587]],[[121.301314,23.700495],[121.301217,23.700404],[121.301315,23.700405],[121.301314,23.700495]],[[121.30004,23.700391],[121.299941,23.70048],[121.299942,23.70039],[121.30004,23.700391]],[[121.301812,23.699869],[121.301713,23.699958],[121.301714,23.699868],[121.301812,23.699869]],[[121.294362,23.699696],[121.294166,23.699694],[121.294167,23.699604],[121.294363,23.699606],[121.294362,23.699696]],[[121.294462,23.699517],[121.294756,23.69952],[121.294755,23.69961],[121.294558,23.699699],[121.294462,23.699517]],[[121.301423,23.699593],[121.301225,23.699772],[121.30103,23.699679],[121.301032,23.699499],[121.30123,23.699411],[121.301037,23.699138],[121.301332,23.699051],[121.301335,23.69887],[121.301141,23.698687],[121.301438,23.69851],[121.301534,23.698601],[121.301532,23.698782],[121.301434,23.698781],[121.301527,23.699143],[121.30133,23.699231],[121.301423,23.699593]],[[121.301522,23.699595],[121.30152,23.699685],[121.301422,23.699684],[121.301423,23.699593],[121.301522,23.699595]],[[121.293873,23.699601],[121.293677,23.699599],[121.293678,23.699508],[121.293874,23.69951],[121.293873,23.699601]],[[121.29564,23.69944],[121.295541,23.699529],[121.295542,23.699438],[121.29564,23.69944]],[[121.301918,23.699238],[121.301628,23.698964],[121.301824,23.698966],[121.302122,23.698698],[121.302318,23.6987],[121.302511,23.698883],[121.303002,23.698888],[121.303101,23.698799],[121.303097,23.69907],[121.303292,23.699162],[121.303192,23.699342],[121.302898,23.699339],[121.302704,23.699156],[121.302605,23.699245],[121.302699,23.699517],[121.30221,23.699421],[121.30211,23.699601],[121.301818,23.699417],[121.301918,23.699238]],[[121.301817,23.699507],[121.301621,23.699505],[121.301623,23.699325],[121.301721,23.699326],[121.301817,23.699507]],[[121.30094,23.699046],[121.300841,23.699136],[121.300842,23.699045],[121.30094,23.699046]],[[121.303201,23.69862],[121.302911,23.698346],[121.302714,23.698343],[121.302619,23.698162],[121.30301,23.698256],[121.303494,23.698713],[121.303492,23.698894],[121.303296,23.698892],[121.303201,23.69862]],[[121.302809,23.698615],[121.302515,23.698612],[121.302516,23.698522],[121.30281,23.698525],[121.302809,23.698615]],[[121.303695,23.698354],[121.303596,23.698443],[121.303497,23.698533],[121.303499,23.698352],[121.303695,23.698354]],[[121.302423,23.69816],[121.302323,23.698249],[121.302325,23.698159],[121.302423,23.69816]],[[121.303501,23.698171],[121.303404,23.69808],[121.303502,23.698081],[121.303501,23.698171]],[[121.303012,23.698076],[121.303014,23.697895],[121.303311,23.697718],[121.303404,23.69808],[121.303012,23.698076]],[[121.303604,23.697811],[121.303506,23.69781],[121.303606,23.697631],[121.303508,23.69763],[121.303415,23.697268],[121.303122,23.697174],[121.303124,23.696993],[121.303611,23.69727],[121.303796,23.698084],[121.303602,23.697992],[121.303604,23.697811]],[[121.293998,23.697525],[121.293707,23.697251],[121.293904,23.697163],[121.293908,23.696892],[121.294106,23.696714],[121.29469,23.697081],[121.29449,23.69735],[121.294197,23.697256],[121.293998,23.697525]],[[121.304001,23.697455],[121.303902,23.697544],[121.303903,23.697453],[121.304001,23.697455]],[[121.300276,23.697323],[121.300177,23.697413],[121.300178,23.697322],[121.300276,23.697323]],[[121.30302,23.697444],[121.303021,23.697353],[121.303218,23.697356],[121.303216,23.697446],[121.30302,23.697444]],[[121.303021,23.697353],[121.302925,23.697262],[121.303023,23.697263],[121.303021,23.697353]],[[121.304589,23.697461],[121.304492,23.69737],[121.30459,23.697371],[121.304589,23.697461]],[[121.304492,23.69737],[121.304395,23.697278],[121.304493,23.697279],[121.304492,23.69737]],[[121.304002,23.697364],[121.303905,23.697273],[121.304003,23.697274],[121.304002,23.697364]],[[121.303905,23.697273],[121.303516,23.696998],[121.303519,23.696817],[121.303714,23.69691],[121.303814,23.69673],[121.30401,23.696732],[121.304106,23.696914],[121.30381,23.697001],[121.303907,23.697092],[121.303905,23.697273]],[[121.301062,23.697242],[121.300964,23.697241],[121.300967,23.69697],[121.301065,23.696971],[121.301062,23.697242]],[[121.29518,23.697087],[121.294889,23.696813],[121.295088,23.696634],[121.29538,23.696818],[121.29518,23.697087]],[[121.300576,23.696875],[121.300477,23.696964],[121.300478,23.696874],[121.300576,23.696875]],[[121.305185,23.696835],[121.305086,23.696925],[121.305087,23.696834],[121.305185,23.696835]],[[121.299989,23.696778],[121.300187,23.6966],[121.300287,23.696511],[121.300185,23.696781],[121.299989,23.696778]],[[121.300874,23.696608],[121.300775,23.696697],[121.300776,23.696606],[121.300874,23.696608]],[[121.303226,23.696724],[121.303129,23.696632],[121.303227,23.696633],[121.303226,23.696724]],[[121.302933,23.69663],[121.302838,23.696358],[121.303033,23.696451],[121.303134,23.696271],[121.302841,23.696178],[121.302842,23.696087],[121.303137,23.696],[121.303142,23.695639],[121.303337,23.695732],[121.303733,23.695375],[121.304127,23.695289],[121.304228,23.695019],[121.304325,23.69511],[121.304524,23.694932],[121.304817,23.695025],[121.304519,23.695293],[121.304324,23.695201],[121.304026,23.695468],[121.304123,23.69556],[121.304022,23.695829],[121.303529,23.696005],[121.303621,23.696457],[121.30333,23.696273],[121.303131,23.696452],[121.303129,23.696632],[121.302933,23.69663]],[[121.304224,23.69538],[121.304321,23.695471],[121.304223,23.69547],[121.304224,23.69538]],[[121.304605,23.696197],[121.304507,23.696196],[121.30451,23.696015],[121.304608,23.696016],[121.304605,23.696197]],[[121.304312,23.696103],[121.304116,23.696101],[121.304117,23.696011],[121.304314,23.696013],[121.304312,23.696103]],[[121.300491,23.695881],[121.300393,23.69588],[121.300395,23.695699],[121.300493,23.6957],[121.300491,23.695881]],[[121.301182,23.695527],[121.300986,23.695525],[121.300987,23.695435],[121.301183,23.695437],[121.301182,23.695527]],[[121.30638,23.695494],[121.30628,23.695583],[121.306281,23.695493],[121.30638,23.695494]],[[121.302655,23.695363],[121.302556,23.695452],[121.302557,23.695362],[121.302655,23.695363]],[[121.304812,23.695387],[121.304713,23.695476],[121.304714,23.695385],[121.304812,23.695387]],[[121.29991,23.695333],[121.299812,23.695332],[121.299814,23.695151],[121.299912,23.695152],[121.29991,23.695333]],[[121.30246,23.69527],[121.302264,23.695268],[121.302265,23.695178],[121.302461,23.69518],[121.30246,23.69527]],[[121.305697,23.695216],[121.305597,23.695305],[121.305599,23.695215],[121.305697,23.695216]],[[121.298343,23.695135],[121.298245,23.695134],[121.298248,23.694953],[121.298346,23.694954],[121.298343,23.695135]],[[121.299038,23.69451],[121.299227,23.695054],[121.298934,23.694961],[121.29894,23.694509],[121.299038,23.69451]],[[121.299038,23.69451],[121.299137,23.694421],[121.299136,23.694512],[121.299038,23.69451]],[[121.297955,23.69486],[121.297857,23.694859],[121.297859,23.694678],[121.297957,23.694679],[121.297955,23.69486]],[[121.299526,23.694696],[121.299624,23.694698],[121.299719,23.694879],[121.299523,23.694877],[121.299526,23.694696]],[[121.299721,23.694789],[121.29982,23.6947],[121.299819,23.69479],[121.299721,23.694789]],[[121.300015,23.694792],[121.300014,23.694882],[121.299818,23.69488],[121.299819,23.69479],[121.300015,23.694792]],[[121.298152,23.694772],[121.29835,23.694593],[121.298348,23.694774],[121.298152,23.694772]],[[121.299333,23.694423],[121.299529,23.694426],[121.299625,23.694607],[121.299429,23.694605],[121.299333,23.694423]],[[121.305215,23.694578],[121.305115,23.694667],[121.305117,23.694577],[121.305215,23.694578]],[[121.298551,23.694234],[121.298845,23.694237],[121.298843,23.694418],[121.298451,23.694414],[121.298551,23.694234]],[[121.306297,23.694319],[121.306197,23.694408],[121.306199,23.694318],[121.306297,23.694319]],[[121.298948,23.693877],[121.299244,23.6937],[121.299631,23.694156],[121.299141,23.69415],[121.299142,23.69406],[121.298946,23.694058],[121.298948,23.693877]],[[121.305317,23.694218],[121.305417,23.694129],[121.305415,23.694219],[121.305317,23.694218]],[[121.305418,23.694039],[121.305516,23.69404],[121.305518,23.693859],[121.305715,23.693771],[121.30571,23.694222],[121.305513,23.69422],[121.305418,23.694039]],[[121.301006,23.69399],[121.300907,23.69408],[121.300908,23.693989],[121.301006,23.69399]],[[121.303359,23.694016],[121.303068,23.693742],[121.303268,23.693473],[121.303851,23.693841],[121.303652,23.69411],[121.303359,23.694016]],[[121.3065,23.69378],[121.306692,23.694053],[121.306593,23.694142],[121.306202,23.694047],[121.306204,23.693867],[121.3065,23.69378]],[[121.306204,23.693867],[121.306108,23.693775],[121.306206,23.693776],[121.306204,23.693867]],[[121.299634,23.693885],[121.299344,23.693611],[121.299543,23.693342],[121.299739,23.693344],[121.30003,23.693618],[121.29983,23.693887],[121.299634,23.693885]],[[121.300615,23.693896],[121.300321,23.693892],[121.300322,23.693802],[121.300616,23.693805],[121.300615,23.693896]],[[121.300227,23.69353],[121.300128,23.693619],[121.300129,23.693529],[121.300227,23.69353]],[[121.300717,23.693536],[121.300618,23.693625],[121.300619,23.693535],[121.300717,23.693536]],[[121.29915,23.693428],[121.298957,23.693155],[121.299155,23.693067],[121.299347,23.69334],[121.29915,23.693428]],[[121.307387,23.693428],[121.307288,23.693517],[121.307289,23.693427],[121.307387,23.693428]],[[121.300922,23.692906],[121.300822,23.692995],[121.300824,23.692905],[121.300922,23.692906]],[[121.306512,23.692786],[121.306413,23.692876],[121.306414,23.692785],[121.306512,23.692786]],[[121.301419,23.692369],[121.301223,23.692367],[121.301225,23.692187],[121.301421,23.692189],[121.301419,23.692369]],[[121.305146,23.69232],[121.305049,23.692229],[121.305147,23.69223],[121.305146,23.69232]],[[121.304755,23.692225],[121.304756,23.692135],[121.30505,23.692138],[121.305049,23.692229],[121.304755,23.692225]],[[121.307305,23.692163],[121.307206,23.692252],[121.307207,23.692162],[121.307305,23.692163]],[[121.306815,23.692158],[121.307013,23.691979],[121.307112,23.69189],[121.307011,23.69216],[121.306815,23.692158]],[[121.307599,23.692166],[121.307501,23.692165],[121.307503,23.691985],[121.307601,23.691986],[121.307599,23.692166]],[[121.308388,23.691814],[121.308094,23.69181],[121.307994,23.69199],[121.307798,23.691988],[121.307704,23.691626],[121.308295,23.691451],[121.308488,23.691634],[121.308388,23.691814]],[[121.308488,23.691634],[121.308786,23.691367],[121.30869,23.691185],[121.308888,23.691097],[121.30909,23.690647],[121.309387,23.69038],[121.309484,23.690471],[121.309779,23.690384],[121.309777,23.690565],[121.309679,23.690564],[121.309774,23.690835],[121.309381,23.690831],[121.309083,23.691189],[121.30908,23.69137],[121.309274,23.691552],[121.309078,23.69155],[121.308982,23.691369],[121.308685,23.691636],[121.308488,23.691634]],[[121.304955,23.691866],[121.305055,23.691777],[121.305154,23.691688],[121.305152,23.691869],[121.304955,23.691866]],[[121.305252,23.691689],[121.305057,23.691597],[121.305058,23.691506],[121.305254,23.691508],[121.305252,23.691689]],[[121.307407,23.691893],[121.307506,23.691804],[121.307505,23.691894],[121.307407,23.691893]],[[121.307506,23.691804],[121.307605,23.691715],[121.307604,23.691805],[121.307506,23.691804]],[[121.3031,23.691304],[121.302806,23.691301],[121.302807,23.691211],[121.303101,23.691214],[121.3031,23.691304]],[[121.303691,23.69104],[121.303595,23.690949],[121.303693,23.69095],[121.303691,23.69104]],[[121.303595,23.690949],[121.303498,23.690857],[121.303596,23.690858],[121.303595,23.690949]],[[121.305756,23.690611],[121.305952,23.690613],[121.30595,23.690794],[121.305852,23.690793],[121.305756,23.690611]],[[121.310072,23.690478],[121.309973,23.690567],[121.309974,23.690476],[121.310072,23.690478]],[[121.310663,23.690303],[121.310859,23.690306],[121.310858,23.690396],[121.310562,23.690483],[121.310663,23.690303]],[[121.309593,23.68966],[121.309989,23.689303],[121.309984,23.689754],[121.310275,23.689938],[121.310075,23.690297],[121.309687,23.689932],[121.309391,23.690109],[121.309394,23.689838],[121.309296,23.689837],[121.309398,23.689567],[121.309593,23.68966]],[[121.309693,23.68948],[121.309596,23.689389],[121.309694,23.68939],[121.309693,23.68948]],[[121.311153,23.690309],[121.310957,23.690307],[121.310958,23.690216],[121.311154,23.690218],[121.311153,23.690309]],[[121.305962,23.689891],[121.305862,23.68998],[121.305863,23.68989],[121.305962,23.689891]],[[121.310667,23.689942],[121.310568,23.690031],[121.310569,23.689941],[121.310667,23.689942]],[[121.31155,23.689952],[121.311451,23.690041],[121.311452,23.689951],[121.31155,23.689952]],[[121.306657,23.689176],[121.306558,23.689265],[121.306559,23.689175],[121.306657,23.689176]],[[121.30852,23.689196],[121.308422,23.689195],[121.308424,23.689015],[121.308522,23.689016],[121.30852,23.689196]],[[121.310882,23.6885],[121.311076,23.688683],[121.310879,23.688771],[121.310882,23.6885]],[[121.310882,23.6885],[121.310785,23.688408],[121.310883,23.68841],[121.310882,23.6885]],[[121.310587,23.688587],[121.310488,23.688676],[121.310489,23.688586],[121.310587,23.688587]],[[121.311083,23.688141],[121.310984,23.68823],[121.310985,23.68814],[121.311083,23.688141]],[[121.309524,23.687401],[121.309718,23.687494],[121.309716,23.687674],[121.30952,23.687672],[121.309524,23.687401]],[[121.308738,23.687483],[121.308639,23.687572],[121.30864,23.687482],[121.308738,23.687483]],[[121.311582,23.687424],[121.311483,23.687513],[121.311484,23.687423],[121.311582,23.687424]],[[121.312475,23.686621],[121.312279,23.686619],[121.31228,23.686528],[121.312476,23.686531],[121.312475,23.686621]]],[[[121.29587,23.696823],[121.296266,23.696557],[121.296559,23.69665],[121.296659,23.696471],[121.297048,23.696746],[121.297345,23.696478],[121.29725,23.696297],[121.297447,23.696209],[121.297253,23.696026],[121.297255,23.695845],[121.297452,23.695848],[121.297552,23.695668],[121.29726,23.695484],[121.297259,23.695575],[121.296571,23.695657],[121.29657,23.695748],[121.295884,23.69574],[121.295586,23.696008],[121.295683,23.696099],[121.295583,23.696278],[121.295777,23.696461],[121.295773,23.696732],[121.29587,23.696823]]],[[[121.296896,23.700898],[121.296897,23.700808],[121.297191,23.700811],[121.297291,23.700632],[121.297586,23.700635],[121.297686,23.700455],[121.297491,23.700363],[121.297293,23.700541],[121.297197,23.70036],[121.297001,23.700358],[121.297,23.700448],[121.296409,23.700622],[121.296603,23.700805],[121.2966,23.700985],[121.296896,23.700898]]]]}},{"type":"Feature","properties":{"kind":"water","month":"2026-09","area_ha":12.59},"geometry":{"type":"MultiPolygon","coordinates":[[[[121.282714,23.690538],[121.282419,23.690625],[121.282418,23.690715],[121.282712,23.690718],[121.282709,23.690899],[121.282807,23.6909],[121.282908,23.69072],[121.282714,23.690538]]],[[[121.283007,23.690631],[121.283005,23.690812],[121.282806,23.69099],[121.283097,23.691264],[121.283293,23.691266],[121.283296,23.690996],[121.283007,23.690631]],[[121.283004,23.690902],[121.2831,23.690993],[121.283002,23.690992],[121.283004,23.690902]]],[[[121.283292,23.691357],[121.283391,23.691268],[121.283293,23.691266],[121.283292,23.691357]]],[[[121.283873,23.691905],[121.283389,23.691448],[121.283287,23.691718],[121.283873,23.691905]]],[[[121.284068,23.691997],[121.283971,23.691906],[121.283873,23.691905],[121.283871,23.692086],[121.284065,23.692178],[121.284068,23.691997]]],[[[121.284645,23.692817],[121.284547,23.692815],[121.284551,23.692545],[121.284356,23.692452],[121.284256,23.692632],[121.284451,23.692724],[121.284543,23.693177],[121.28474,23.693089],[121.284645,23.692817]]],[[[121.298932,23.695141],[121.298737,23.695049],[121.298734,23.69523],[121.298832,23.695231],[121.298728,23.695681],[121.299121,23.695685],[121.299026,23.695413],[121.298928,23.695412],[121.298932,23.695141]]],[[[121.298632,23.69559],[121.298634,23.695409],[121.298341,23.695316],[121.29834,23.695406],[121.298632,23.69559]]],[[[121.297253,23.696026],[121.297449,23.696028],[121.297452,23.695848],[121.297255,23.695845],[121.297253,23.696026]]],[[[121.297546,23.696119],[121.29725,23.696297],[121.297345,23.696478],[121.297641,23.696391],[121.297833,23.696664],[121.298323,23.69667],[121.298236,23.695856],[121.298041,23.695764],[121.298045,23.695493],[121.298241,23.695495],[121.298237,23.695766],[121.298431,23.695949],[121.298627,23.695951],[121.298629,23.69577],[121.298336,23.695677],[121.298244,23.695224],[121.298146,23.695223],[121.298144,23.695404],[121.29785,23.6954],[121.297453,23.695757],[121.297546,23.696119]],[[121.297847,23.695581],[121.297844,23.695852],[121.297648,23.69585],[121.297749,23.69558],[121.297847,23.695581]],[[121.297545,23.69621],[121.297642,23.696301],[121.297544,23.6963],[121.297545,23.69621]]],[[[121.289108,23.696478],[121.289011,23.696387],[121.28901,23.696477],[121.289108,23.696478]]],[[[121.291459,23.696684],[121.291263,23.696682],[121.291257,23.697134],[121.291354,23.697225],[121.291452,23.697226],[121.291457,23.696865],[121.291653,23.696867],[121.291459,23.696684]]],[[[121.290948,23.698304],[121.291534,23.698491],[121.291538,23.69813],[121.291737,23.697952],[121.291542,23.697859],[121.291641,23.69777],[121.291547,23.697498],[121.290959,23.697401],[121.291063,23.696951],[121.290768,23.697038],[121.29077,23.696857],[121.291066,23.69677],[121.290872,23.696588],[121.290875,23.696317],[121.290682,23.696134],[121.290486,23.696132],[121.290484,23.696222],[121.29019,23.696219],[121.290188,23.6964],[121.289501,23.696482],[121.289498,23.696663],[121.2894,23.696662],[121.289309,23.696119],[121.289212,23.696028],[121.288819,23.696114],[121.288815,23.696384],[121.289011,23.696387],[121.289014,23.696206],[121.289209,23.696298],[121.289301,23.696751],[121.289497,23.696753],[121.289495,23.696934],[121.289691,23.696936],[121.289688,23.697116],[121.29027,23.697665],[121.290267,23.697845],[121.290463,23.697847],[121.29046,23.698118],[121.290753,23.698212],[121.290749,23.698483],[121.290948,23.698304]],[[121.290956,23.697672],[121.290958,23.697492],[121.291251,23.697585],[121.29125,23.697675],[121.290956,23.697672]],[[121.290861,23.6974],[121.290859,23.697581],[121.290761,23.69758],[121.290763,23.697399],[121.290861,23.6974]]],[[[121.299673,23.698491],[121.299576,23.698399],[121.299575,23.69849],[121.299673,23.698491]]],[[[121.299564,23.699302],[121.299663,23.699213],[121.299565,23.699212],[121.299564,23.699302]]],[[[121.296515,23.699991],[121.296418,23.6999],[121.296417,23.69999],[121.296515,23.699991]]],[[[121.29946,23.699752],[121.299167,23.699659],[121.299361,23.699842],[121.299357,23.700113],[121.29965,23.700206],[121.299647,23.700477],[121.299452,23.700384],[121.29945,23.700565],[121.299743,23.700659],[121.299752,23.699936],[121.299556,23.699934],[121.29946,23.699752]]],[[[121.296307,23.700892],[121.2966,23.700985],[121.296603,23.700805],[121.296409,23.700622],[121.296802,23.700536],[121.297001,23.700358],[121.297197,23.70036],[121.297293,23.700541],[121.297391,23.700542],[121.297393,23.700362],[121.297589,23.700364],[121.297588,23.700454],[121.297785,23.700366],[121.297783,23.700547],[121.297881,23.700548],[121.297886,23.700187],[121.298184,23.699829],[121.297695,23.699733],[121.297496,23.700002],[121.297104,23.699997],[121.297102,23.700088],[121.29671,23.700083],[121.296711,23.699993],[121.296515,23.699991],[121.296413,23.700351],[121.295824,23.700345],[121.295534,23.70007],[121.295337,23.700068],[121.295237,23.700248],[121.294943,23.700245],[121.294944,23.700154],[121.294552,23.70015],[121.294553,23.70006],[121.29416,23.700146],[121.294064,23.699964],[121.293281,23.699865],[121.293375,23.700137],[121.293573,23.700049],[121.293571,23.700139],[121.294355,23.700238],[121.294645,23.700512],[121.294841,23.700514],[121.294839,23.700695],[121.295037,23.700517],[121.295431,23.700431],[121.29543,23.700521],[121.295626,23.700523],[121.295818,23.700796],[121.296309,23.700801],[121.296307,23.700892]],[[121.296609,23.700353],[121.296705,23.700445],[121.296607,23.700444],[121.296609,23.700353]],[[121.297594,23.700003],[121.297691,23.700094],[121.297593,23.700093],[121.297594,23.700003]]],[[[121.295527,23.700612],[121.295623,23.700704],[121.295625,23.700613],[121.295527,23.700612]]],[[[121.304122,23.69565],[121.304025,23.695559],[121.304127,23.695289],[121.303931,23.695287],[121.30393,23.695377],[121.303733,23.695375],[121.303731,23.695555],[121.303437,23.695552],[121.303337,23.695732],[121.303824,23.695918],[121.304122,23.69565]],[[121.30363,23.695825],[121.303729,23.695736],[121.303728,23.695826],[121.30363,23.695825]],[[121.303729,23.695736],[121.303828,23.695647],[121.303927,23.695557],[121.303925,23.695738],[121.303729,23.695736]]],[[[121.303035,23.69627],[121.303328,23.696364],[121.303331,23.696183],[121.303527,23.696185],[121.303532,23.695824],[121.303335,23.695822],[121.30324,23.69564],[121.303142,23.695639],[121.303035,23.69627]]],[[[121.303812,23.696911],[121.303519,23.696817],[121.303516,23.696998],[121.303905,23.697273],[121.303812,23.696911]]],[[[121.302434,23.697257],[121.302532,23.697258],[121.302633,23.697078],[121.302437,23.697076],[121.302434,23.697257]]],[[[121.301649,23.697338],[121.301552,23.697247],[121.301551,23.697337],[121.301649,23.697338]]],[[[121.304002,23.697364],[121.303905,23.697273],[121.303904,23.697363],[121.304002,23.697364]]],[[[121.303611,23.69727],[121.303319,23.697086],[121.303317,23.697266],[121.303606,23.697631],[121.303506,23.69781],[121.303796,23.698084],[121.303611,23.69727]]],[[[121.303114,23.697806],[121.303012,23.698076],[121.303404,23.69808],[121.303311,23.697718],[121.303114,23.697806]]],[[[121.303403,23.69817],[121.303502,23.698081],[121.303404,23.69808],[121.303403,23.69817]]],[[[121.299765,23.698943],[121.299667,23.698942],[121.299764,23.699033],[121.299663,23.699213],[121.300056,23.699217],[121.300059,23.698946],[121.30045,23.699041],[121.300554,23.698591],[121.300945,23.698685],[121.301048,23.698325],[121.301538,23.698331],[121.301544,23.697879],[121.301941,23.697522],[121.302137,23.697524],[121.302136,23.697615],[121.302724,23.697621],[121.302725,23.697531],[121.302333,23.697527],[121.302434,23.697257],[121.302238,23.697255],[121.302339,23.697075],[121.302143,23.697073],[121.302041,23.697343],[121.301649,23.697338],[121.301646,23.697519],[121.301745,23.69752],[121.301644,23.6977],[121.301546,23.697699],[121.301548,23.697518],[121.301254,23.697515],[121.301448,23.697697],[121.301446,23.697878],[121.301349,23.697787],[121.300955,23.697873],[121.301148,23.698146],[121.300853,23.698233],[121.300856,23.697962],[121.300758,23.697961],[121.300655,23.698321],[121.300263,23.698317],[121.300162,23.698586],[121.29977,23.698582],[121.299866,23.698673],[121.299765,23.698943]],[[121.300652,23.698592],[121.300751,23.698502],[121.30075,23.698593],[121.300652,23.698592]]],[[[121.303494,23.698713],[121.30301,23.698256],[121.302619,23.698162],[121.302714,23.698343],[121.302911,23.698346],[121.303298,23.698711],[121.303296,23.698892],[121.303492,23.698894],[121.303494,23.698713]]],[[[121.299771,23.698492],[121.299673,23.698491],[121.299672,23.698581],[121.29977,23.698582],[121.299771,23.698492]]],[[[121.302318,23.6987],[121.302122,23.698698],[121.30212,23.698788],[121.302316,23.698791],[121.302318,23.6987]]],[[[121.301331,23.699141],[121.301527,23.699143],[121.301433,23.698871],[121.301335,23.69887],[121.301331,23.699141]]],[[[121.302602,23.699426],[121.302699,23.699517],[121.302702,23.699337],[121.302507,23.699244],[121.302509,23.699064],[121.302802,23.699157],[121.302898,23.699339],[121.303192,23.699342],[121.303101,23.698799],[121.303002,23.698888],[121.302316,23.698791],[121.302411,23.699062],[121.30212,23.698788],[121.301924,23.698786],[121.302019,23.699058],[121.302311,23.699242],[121.302308,23.699423],[121.302602,23.699426]],[[121.302803,23.699067],[121.302999,23.699069],[121.302998,23.699159],[121.302802,23.699157],[121.302803,23.699067]],[[121.302998,23.699159],[121.303095,23.699251],[121.302997,23.69925],[121.302998,23.699159]]],[[[121.302012,23.6996],[121.302209,23.699512],[121.302116,23.69915],[121.301918,23.699238],[121.302012,23.6996]]],[[[121.301037,23.699138],[121.30123,23.699411],[121.301032,23.699499],[121.30103,23.699679],[121.301225,23.699772],[121.301331,23.699141],[121.301037,23.699138]]],[[[121.301425,23.699503],[121.301325,23.699592],[121.301423,23.699593],[121.301425,23.699503]]],[[[121.301422,23.699684],[121.301522,23.699595],[121.301423,23.699593],[121.301422,23.699684]]],[[[121.312068,23.68779],[121.31246,23.687795],[121.312461,23.687704],[121.312069,23.6877],[121.312068,23.68779]]],[[[121.313144,23.687983],[121.31353,23.688438],[121.313442,23.687715],[121.313146,23.687802],[121.313053,23.68744],[121.312761,23.687256],[121.312759,23.687437],[121.312461,23.687704],[121.312951,23.68771],[121.312753,23.687888],[121.313144,23.687983]],[[121.313144,23.687983],[121.313243,23.687893],[121.313242,23.687984],[121.313144,23.687983]]],[[[121.311282,23.687872],[121.31128,23.688053],[121.311378,23.688054],[121.311479,23.687874],[121.311675,23.687876],[121.311677,23.687696],[121.311481,23.687694],[121.311282,23.687872]]],[[[121.311873,23.687698],[121.311871,23.687878],[121.311675,23.687876],[121.311672,23.688057],[121.311968,23.68797],[121.311971,23.687699],[121.311873,23.687698]]],[[[121.309693,23.68948],[121.309596,23.689389],[121.309595,23.689479],[121.309693,23.68948]]],[[[121.310275,23.689938],[121.309984,23.689754],[121.309989,23.689303],[121.309891,23.689302],[121.30989,23.689392],[121.309792,23.689391],[121.309791,23.689481],[121.309693,23.68948],[121.309593,23.68966],[121.309398,23.689567],[121.309395,23.689748],[121.309297,23.689747],[121.309391,23.690109],[121.309689,23.689751],[121.309686,23.690022],[121.309977,23.690296],[121.310174,23.690208],[121.310275,23.689938]],[[121.309789,23.689662],[121.309885,23.689753],[121.309787,23.689752],[121.309789,23.689662]]],[[[121.309287,23.690559],[121.309483,23.690561],[121.309485,23.690381],[121.309387,23.69038],[121.309287,23.690559]]],[[[121.309779,23.690384],[121.309681,23.690383],[121.309679,23.690564],[121.309777,23.690565],[121.309779,23.690384]]],[[[121.309679,23.690564],[121.309483,23.690561],[121.309479,23.690832],[121.309774,23.690835],[121.309679,23.690564]]],[[[121.309184,23.690919],[121.30938,23.690922],[121.309286,23.69065],[121.30909,23.690647],[121.309086,23.690918],[121.30889,23.690916],[121.308888,23.691097],[121.30879,23.691096],[121.308884,23.691368],[121.30908,23.69137],[121.309184,23.690919]]],[[[121.30869,23.691185],[121.308787,23.691276],[121.308788,23.691186],[121.30869,23.691185]]],[[[121.308883,23.691458],[121.308786,23.691367],[121.308785,23.691457],[121.308883,23.691458]]],[[[121.308685,23.691636],[121.308785,23.691457],[121.308589,23.691455],[121.308488,23.691634],[121.308685,23.691636]]],[[[121.308388,23.691814],[121.308295,23.691451],[121.307901,23.691537],[121.3079,23.691628],[121.307704,23.691626],[121.307702,23.691806],[121.307898,23.691808],[121.307899,23.691718],[121.308388,23.691814]]],[[[121.305518,23.693859],[121.305417,23.694129],[121.30571,23.694222],[121.305715,23.693771],[121.305518,23.693859]]],[[[121.305415,23.694219],[121.305318,23.694128],[121.305317,23.694218],[121.305415,23.694219]]],[[[121.304521,23.695112],[121.304815,23.695116],[121.304817,23.695025],[121.304524,23.694932],[121.304521,23.695112]]],[[[121.304325,23.69511],[121.304228,23.695019],[121.304226,23.6952],[121.304519,23.695293],[121.304521,23.695112],[121.304325,23.69511]]],[[[121.304128,23.695198],[121.304225,23.69529],[121.304226,23.6952],[121.304128,23.695198]]]]}}]}