{"type":"FeatureCollection","features":[{"type":"Feature","properties":{"kind":"bare_slide","month":"2026-08","area_ha":428.07},"geometry":{"type":"MultiPolygon","coordinates":[[[[121.288106,23.720667],[121.2883,23.72085],[121.288594,23.720853],[121.288591,23.721124],[121.288493,23.721123],[121.288587,23.721395],[121.288885,23.721127],[121.289278,23.721041],[121.28938,23.720771],[121.289576,23.720773],[121.289767,23.721137],[121.289964,23.721139],[121.289965,23.721049],[121.29016,23.721141],[121.290359,23.720872],[121.290554,23.720965],[121.290655,23.720785],[121.290362,23.720692],[121.290266,23.72051],[121.29007,23.720508],[121.290268,23.72033],[121.290464,23.720332],[121.290462,23.720512],[121.290949,23.720789],[121.290947,23.720969],[121.29075,23.720967],[121.290649,23.721237],[121.290844,23.721329],[121.290839,23.72169],[121.291034,23.721783],[121.291032,23.721963],[121.290735,23.722141],[121.290639,23.721959],[121.290151,23.721773],[121.289854,23.722041],[121.289661,23.721768],[121.289465,23.721766],[121.289362,23.722126],[121.288867,23.722481],[121.288865,23.722662],[121.289059,23.722845],[121.289353,23.722848],[121.289738,23.723394],[121.290135,23.723037],[121.290429,23.72304],[121.290817,23.723406],[121.290917,23.723226],[121.290625,23.723043],[121.290825,23.722774],[121.291021,23.722776],[121.291117,23.722958],[121.291608,23.722873],[121.291899,23.723147],[121.291991,23.723599],[121.292089,23.723601],[121.291984,23.724141],[121.291587,23.724498],[121.291391,23.724496],[121.290995,23.724762],[121.29148,23.725219],[121.291676,23.725221],[121.291874,23.725043],[121.291978,23.724593],[121.292276,23.724325],[121.292567,23.724599],[121.292862,23.724512],[121.293056,23.724695],[121.293052,23.724966],[121.292854,23.725144],[121.292562,23.72496],[121.292264,23.725228],[121.292457,23.725501],[121.292753,23.725324],[121.293043,23.725688],[121.293339,23.725511],[121.293245,23.725239],[121.293443,23.72506],[121.294029,23.725247],[121.294132,23.724887],[121.294331,23.724709],[121.294527,23.724711],[121.294721,23.724894],[121.294709,23.725797],[121.294905,23.725799],[121.294903,23.725979],[121.295295,23.725984],[121.295203,23.725531],[121.295105,23.72553],[121.295109,23.725169],[121.295308,23.724991],[121.295602,23.724994],[121.295893,23.725268],[121.296583,23.725005],[121.296776,23.725187],[121.296773,23.725458],[121.295784,23.726079],[121.295879,23.726351],[121.296075,23.726353],[121.296274,23.726085],[121.296567,23.726178],[121.297164,23.725553],[121.297261,23.725644],[121.297458,23.725556],[121.297071,23.725191],[121.297073,23.72501],[121.29737,23.724833],[121.297372,23.724652],[121.297275,23.724561],[121.29698,23.724648],[121.296689,23.724374],[121.296696,23.723832],[121.297093,23.723475],[121.297582,23.723571],[121.297581,23.723661],[121.29827,23.723488],[121.298365,23.72367],[121.298661,23.723583],[121.298951,23.723857],[121.298948,23.724128],[121.298751,23.724216],[121.298844,23.724578],[121.298746,23.724577],[121.298444,23.725206],[121.298637,23.725388],[121.298833,23.725391],[121.299033,23.725122],[121.299328,23.725035],[121.299522,23.725218],[121.29952,23.725398],[121.299812,23.725582],[121.299612,23.725851],[121.299418,23.725668],[121.299221,23.725756],[121.299316,23.726028],[121.299218,23.726027],[121.299115,23.726387],[121.299408,23.72648],[121.299795,23.726846],[121.299995,23.726577],[121.299704,23.726303],[121.300001,23.726126],[121.300195,23.726309],[121.300094,23.726488],[121.300387,23.726582],[121.300483,23.726763],[121.300679,23.726765],[121.301076,23.726408],[121.30108,23.726138],[121.301277,23.72605],[121.301282,23.725688],[121.301185,23.725597],[121.300498,23.725589],[121.300304,23.725407],[121.300309,23.725046],[121.300115,23.724863],[121.299919,23.724861],[121.299629,23.724587],[121.299631,23.724406],[121.299729,23.724407],[121.299732,23.724136],[121.299931,23.723958],[121.300125,23.724141],[121.300518,23.724055],[121.300523,23.723693],[121.300328,23.723601],[121.30033,23.72342],[121.300428,23.723422],[121.300531,23.723061],[121.301125,23.722616],[121.301132,23.722075],[121.300937,23.721982],[121.30094,23.721802],[121.301337,23.721445],[121.302121,23.721454],[121.302315,23.721636],[121.302311,23.721907],[121.302699,23.722273],[121.302896,23.722184],[121.302899,23.722004],[121.302608,23.72173],[121.302615,23.721188],[121.302517,23.721187],[121.302534,23.719833],[121.302436,23.719832],[121.302543,23.719201],[121.302739,23.719203],[121.302839,23.719023],[121.303035,23.719025],[121.303036,23.718935],[121.30343,23.718849],[121.30353,23.71867],[121.303726,23.718672],[121.303828,23.718402],[121.304225,23.718045],[121.304617,23.71805],[121.304714,23.718141],[121.304611,23.718501],[121.304806,23.718593],[121.304897,23.719136],[121.305091,23.719319],[121.305287,23.719321],[121.305489,23.718872],[121.305099,23.718687],[121.305105,23.718235],[121.305501,23.717969],[121.305503,23.717788],[121.305796,23.717882],[121.305794,23.718062],[121.305988,23.718245],[121.305984,23.718516],[121.306375,23.718611],[121.307171,23.717716],[121.307858,23.717724],[121.307955,23.717815],[121.308252,23.717548],[121.308157,23.717366],[121.307568,23.717359],[121.307569,23.717269],[121.306982,23.717172],[121.306692,23.716898],[121.306299,23.716894],[121.306301,23.716804],[121.306005,23.716891],[121.306011,23.716439],[121.306109,23.71644],[121.306411,23.715812],[121.306704,23.715905],[121.307597,23.715102],[121.3076,23.714922],[121.307405,23.714829],[121.307215,23.714376],[121.307313,23.714377],[121.307316,23.714106],[121.30761,23.714109],[121.307711,23.71393],[121.308005,23.713933],[121.308303,23.713665],[121.308208,23.713393],[121.308013,23.713301],[121.308015,23.71312],[121.308313,23.712853],[121.308518,23.712132],[121.308813,23.712136],[121.308814,23.712045],[121.309207,23.711959],[121.309498,23.712233],[121.309597,23.712144],[121.309501,23.711963],[121.309993,23.711878],[121.309889,23.712328],[121.310084,23.71242],[121.310178,23.712692],[121.310575,23.712336],[121.31058,23.711974],[121.310094,23.711608],[121.310098,23.711337],[121.309903,23.711245],[121.310003,23.711065],[121.309809,23.710882],[121.309613,23.71088],[121.309518,23.710699],[121.309127,23.710604],[121.309134,23.710062],[121.309431,23.709795],[121.309339,23.709342],[121.309734,23.709166],[121.309641,23.708713],[121.30984,23.708535],[121.309742,23.708534],[121.309647,23.708262],[121.309352,23.708349],[121.308964,23.707984],[121.308968,23.707713],[121.30887,23.707712],[121.308969,23.707622],[121.308975,23.707171],[121.308878,23.70708],[121.309177,23.706722],[121.309472,23.706635],[121.30948,23.706003],[121.309778,23.705735],[121.309387,23.70564],[121.30899,23.705997],[121.308987,23.706178],[121.30879,23.706266],[121.308782,23.706898],[121.308585,23.706986],[121.308577,23.707618],[121.30818,23.707975],[121.307591,23.707969],[121.307601,23.707246],[121.307798,23.707158],[121.307802,23.706887],[121.308693,23.706175],[121.308699,23.705723],[121.30831,23.705448],[121.307615,23.706163],[121.307223,23.706159],[121.306835,23.705793],[121.306843,23.705161],[121.306746,23.70507],[121.30606,23.705062],[121.305964,23.704881],[121.305669,23.704968],[121.305475,23.704785],[121.305477,23.704604],[121.305089,23.704329],[121.305092,23.704058],[121.304607,23.703692],[121.30461,23.703421],[121.304806,23.703423],[121.304901,23.703695],[121.305194,23.703789],[121.305294,23.703609],[121.305003,23.703335],[121.305396,23.703339],[121.305586,23.703793],[121.305782,23.703795],[121.305882,23.703615],[121.306961,23.703627],[121.307061,23.703448],[121.307846,23.703456],[121.307845,23.703547],[121.308042,23.703459],[121.307945,23.703367],[121.308045,23.703188],[121.307754,23.703004],[121.307659,23.702732],[121.307463,23.70273],[121.307464,23.70264],[121.307857,23.702554],[121.307862,23.702192],[121.307667,23.7021],[121.307769,23.70183],[121.307477,23.701646],[121.307479,23.701466],[121.307678,23.701287],[121.307874,23.701289],[121.307975,23.70102],[121.308073,23.701021],[121.307976,23.700929],[121.307986,23.700207],[121.307888,23.700206],[121.308086,23.700028],[121.30809,23.699757],[121.307992,23.699756],[121.308094,23.699396],[121.307901,23.699213],[121.308294,23.699127],[121.308485,23.69949],[121.308683,23.699402],[121.308685,23.699221],[121.30849,23.699129],[121.3084,23.698496],[121.308205,23.698404],[121.308305,23.698224],[121.308111,23.698132],[121.308408,23.697864],[121.308411,23.697683],[121.30812,23.697409],[121.30822,23.69723],[121.307927,23.697136],[121.307736,23.696773],[121.30754,23.696771],[121.307742,23.696322],[121.308136,23.696145],[121.308044,23.695693],[121.308242,23.695514],[121.307855,23.695149],[121.307859,23.694788],[121.307665,23.694695],[121.30767,23.694244],[121.307574,23.694153],[121.307377,23.69415],[121.306981,23.694507],[121.306968,23.6955],[121.307163,23.695593],[121.306964,23.695771],[121.306955,23.696494],[121.306856,23.696583],[121.306267,23.696576],[121.306167,23.696756],[121.305481,23.696748],[121.304191,23.697908],[121.304185,23.69836],[121.303988,23.698448],[121.303982,23.698899],[121.303785,23.698987],[121.303781,23.699258],[121.303584,23.699346],[121.303582,23.699527],[121.303775,23.69971],[121.303578,23.699798],[121.303576,23.699978],[121.303382,23.699796],[121.302985,23.700152],[121.302972,23.701146],[121.302675,23.701413],[121.302086,23.701407],[121.301986,23.701586],[121.299633,23.70156],[121.299537,23.701379],[121.299339,23.701557],[121.29934,23.701467],[121.298949,23.701372],[121.298947,23.701553],[121.29875,23.701551],[121.298851,23.701371],[121.298657,23.701188],[121.298265,23.701184],[121.298359,23.701456],[121.298457,23.701457],[121.298259,23.701636],[121.298453,23.701818],[121.298253,23.702087],[121.29786,23.702173],[121.297667,23.7019],[121.297471,23.701898],[121.297279,23.701625],[121.297082,23.701623],[121.297081,23.701713],[121.296885,23.701711],[121.296588,23.701978],[121.296095,23.702154],[121.296093,23.702334],[121.296191,23.702335],[121.296089,23.702605],[121.296478,23.70288],[121.296475,23.703061],[121.29608,23.703327],[121.296273,23.70351],[121.296271,23.703691],[121.296173,23.703689],[121.296071,23.703959],[121.295975,23.703868],[121.295777,23.703956],[121.295673,23.704406],[121.295477,23.704404],[121.295382,23.704223],[121.295085,23.7044],[121.294989,23.704218],[121.294696,23.704125],[121.294597,23.704214],[121.294694,23.704305],[121.294685,23.705028],[121.294487,23.705116],[121.294484,23.705387],[121.294386,23.705385],[121.294578,23.705659],[121.294776,23.70557],[121.294968,23.705843],[121.295461,23.705668],[121.295655,23.705851],[121.295652,23.706032],[121.295162,23.706026],[121.295063,23.706115],[121.295156,23.706478],[121.294857,23.706835],[121.294565,23.706652],[121.294665,23.706562],[121.294571,23.7062],[121.294375,23.706198],[121.294374,23.706288],[121.293983,23.706194],[121.293982,23.706284],[121.293588,23.70637],[121.293683,23.706642],[121.294176,23.706467],[121.29466,23.706924],[121.294561,23.707013],[121.294755,23.707196],[121.294653,23.707465],[121.29504,23.707831],[121.294842,23.708009],[121.294455,23.707644],[121.294158,23.707821],[121.294352,23.708004],[121.294242,23.708906],[121.294046,23.708903],[121.294045,23.708994],[121.293849,23.708992],[121.293453,23.709258],[121.29345,23.709439],[121.292956,23.709794],[121.293049,23.710157],[121.292852,23.710245],[121.292748,23.710695],[121.292155,23.71105],[121.292052,23.71141],[121.291456,23.711945],[121.291453,23.712216],[121.291257,23.712214],[121.29086,23.71257],[121.290758,23.71284],[121.290365,23.712926],[121.290166,23.713105],[121.290163,23.713375],[121.289865,23.713643],[121.289571,23.71364],[121.289469,23.71391],[121.289174,23.713997],[121.289271,23.714088],[121.289169,23.714358],[121.288974,23.714265],[121.288874,23.714445],[121.288579,23.714532],[121.288482,23.71444],[121.288582,23.714261],[121.288388,23.714078],[121.288289,23.714167],[121.287995,23.714164],[121.287899,23.713983],[121.2878,23.714072],[121.287604,23.71407],[121.287605,23.713979],[121.287212,23.714065],[121.287117,23.713793],[121.287316,23.713615],[121.287121,23.713522],[121.286922,23.713701],[121.287018,23.713882],[121.286721,23.71406],[121.286719,23.71424],[121.287012,23.714334],[121.287108,23.714516],[121.286912,23.714513],[121.286913,23.714423],[121.286029,23.714504],[121.285929,23.714683],[121.286222,23.714777],[121.286316,23.715049],[121.285918,23.715496],[121.285427,23.715581],[121.285227,23.715849],[121.285031,23.715847],[121.28493,23.716027],[121.284735,23.715934],[121.284536,23.716203],[121.284144,23.716198],[121.283944,23.716467],[121.28365,23.716464],[121.283456,23.716281],[121.283357,23.71637],[121.283452,23.716552],[121.283159,23.716458],[121.283058,23.716728],[121.282471,23.716631],[121.28237,23.716811],[121.282761,23.716905],[121.282758,23.717176],[121.282562,23.717174],[121.28256,23.717264],[121.282364,23.717262],[121.282365,23.717172],[121.28207,23.717259],[121.281973,23.717168],[121.281874,23.717257],[121.28197,23.717438],[121.282069,23.717349],[121.282265,23.717351],[121.282264,23.717442],[121.282559,23.717355],[121.282656,23.717446],[121.282653,23.717717],[121.282944,23.717901],[121.282842,23.718261],[121.282448,23.718347],[121.282348,23.718526],[121.282152,23.718524],[121.281958,23.718341],[121.281855,23.718701],[121.280676,23.718869],[121.280576,23.719048],[121.280085,23.719043],[121.280084,23.719133],[121.279692,23.719129],[121.279691,23.719219],[121.279398,23.719126],[121.279298,23.719215],[121.279394,23.719396],[121.279689,23.719309],[121.279587,23.719669],[121.279979,23.719674],[121.279977,23.719854],[121.280369,23.719859],[121.280366,23.720039],[121.280759,23.720044],[121.280756,23.720224],[121.281149,23.720229],[121.281146,23.720409],[121.281538,23.720413],[121.281633,23.720685],[121.282121,23.720871],[121.282224,23.720511],[121.282126,23.72051],[121.282031,23.720238],[121.281737,23.720235],[121.281837,23.720056],[121.281642,23.719963],[121.281742,23.719874],[121.281648,23.719512],[121.28194,23.719696],[121.282042,23.719426],[121.28214,23.719427],[121.282232,23.719879],[121.282521,23.720244],[121.282421,23.720423],[121.282713,23.720607],[121.282816,23.720247],[121.282621,23.720155],[121.282623,23.719974],[121.283117,23.719709],[121.28302,23.719617],[121.283123,23.719257],[121.283718,23.718722],[121.283912,23.718905],[121.28391,23.719085],[121.283613,23.719263],[121.28361,23.719534],[121.283804,23.719626],[121.283605,23.719895],[121.283897,23.720078],[121.283796,23.720258],[121.284281,23.720715],[121.284673,23.720719],[121.284867,23.720902],[121.284767,23.720991],[121.284863,23.721173],[121.284962,23.721084],[121.285746,23.721183],[121.286043,23.720915],[121.28585,23.720732],[121.286049,23.720464],[121.286341,23.720647],[121.286241,23.720827],[121.286436,23.720919],[121.286336,23.721009],[121.286432,23.72119],[121.286628,23.721192],[121.286926,23.720925],[121.287119,23.721198],[121.286821,23.721465],[121.286529,23.721282],[121.28623,23.721639],[121.286327,23.721731],[121.286524,23.721643],[121.286912,23.722008],[121.286811,23.722188],[121.287005,23.72237],[121.287201,23.722373],[121.287491,23.722737],[121.287787,23.72256],[121.287692,23.722378],[121.287889,23.72229],[121.287891,23.722109],[121.287696,23.722017],[121.287797,23.721837],[121.287408,23.721562],[121.287316,23.72111],[121.287612,23.720932],[121.287615,23.720752],[121.28791,23.720665],[121.287912,23.720484],[121.288109,23.720486],[121.288106,23.720667]],[[121.307497,23.700111],[121.307499,23.699931],[121.30789,23.700025],[121.307889,23.700116],[121.307497,23.700111]],[[121.292748,23.710695],[121.292845,23.710786],[121.292746,23.710785],[121.292748,23.710695]],[[121.281736,23.720325],[121.28154,23.720323],[121.281542,23.720143],[121.28164,23.720144],[121.281736,23.720325]],[[121.287912,23.720484],[121.287816,23.720393],[121.287914,23.720394],[121.287912,23.720484]],[[121.292577,23.723787],[121.292287,23.723512],[121.292485,23.723334],[121.292777,23.723518],[121.292577,23.723787]],[[121.294932,23.723722],[121.294833,23.723811],[121.294834,23.723721],[121.294932,23.723722]],[[121.293857,23.723439],[121.293757,23.723529],[121.293759,23.723438],[121.293857,23.723439]],[[121.29415,23.723533],[121.294152,23.723352],[121.29425,23.723353],[121.294248,23.723534],[121.29415,23.723533]],[[121.294152,23.723352],[121.294055,23.723261],[121.294153,23.723262],[121.294152,23.723352]],[[121.294159,23.722811],[121.294355,23.722813],[121.294251,23.723263],[121.294153,23.723262],[121.294159,23.722811]],[[121.294934,23.723542],[121.294836,23.723541],[121.29484,23.72327],[121.294938,23.723271],[121.294934,23.723542]],[[121.292979,23.723069],[121.29288,23.723158],[121.292881,23.723067],[121.292979,23.723069]],[[121.29543,23.723096],[121.295331,23.723185],[121.295332,23.723095],[121.29543,23.723096]],[[121.294748,23.722817],[121.294846,23.722818],[121.294842,23.723089],[121.294646,23.723087],[121.294748,23.722817]],[[121.299353,23.723139],[121.299062,23.722865],[121.299261,23.722686],[121.299553,23.72287],[121.299353,23.723139]],[[121.29661,23.722928],[121.296512,23.722927],[121.296514,23.722746],[121.296612,23.722747],[121.29661,23.722928]],[[121.293769,23.722626],[121.29367,23.722715],[121.293571,23.722804],[121.293573,23.722624],[121.293769,23.722626]],[[121.298475,23.722768],[121.298183,23.722584],[121.298186,23.722404],[121.298482,23.722226],[121.298676,23.722409],[121.298674,23.72259],[121.298475,23.722768]],[[121.291514,23.722601],[121.29132,23.722418],[121.291322,23.722238],[121.291521,23.722059],[121.29191,23.722334],[121.29171,23.722603],[121.291514,23.722601]],[[121.292993,23.721985],[121.292895,23.721984],[121.2929,23.721623],[121.293098,23.721444],[121.29349,23.721449],[121.293388,23.721809],[121.293092,23.721896],[121.293189,23.721987],[121.293187,23.722168],[121.293089,23.722167],[121.293183,23.722439],[121.293084,23.722528],[121.292888,23.722526],[121.292993,23.721985]],[[121.294558,23.722273],[121.294853,23.722277],[121.29485,23.722457],[121.294654,23.722455],[121.294558,23.722273]],[[121.292703,23.721621],[121.292605,23.72162],[121.292698,23.722072],[121.292401,23.722249],[121.292207,23.722067],[121.292406,23.721888],[121.292315,23.721346],[121.292511,23.721348],[121.292512,23.721257],[121.292805,23.721351],[121.292703,23.721621]],[[121.292805,23.721351],[121.292904,23.721262],[121.292903,23.721352],[121.292805,23.721351]],[[121.296717,23.722207],[121.296618,23.722296],[121.296619,23.722206],[121.296717,23.722207]],[[121.294953,23.722097],[121.294855,23.722096],[121.294857,23.721915],[121.294955,23.721916],[121.294953,23.722097]],[[121.294465,23.721911],[121.294664,23.721733],[121.294763,23.721643],[121.294661,23.721913],[121.294465,23.721911]],[[121.29153,23.721337],[121.291629,23.721248],[121.291628,23.721338],[121.29153,23.721337]],[[121.291728,23.721249],[121.291534,23.721066],[121.291833,23.720708],[121.292226,23.720622],[121.29242,23.720805],[121.292318,23.721075],[121.292123,23.720982],[121.292023,23.721162],[121.291729,23.721158],[121.291728,23.721249]],[[121.295552,23.721291],[121.295453,23.72138],[121.295454,23.72129],[121.295552,23.721291]],[[121.294278,23.721187],[121.294179,23.721276],[121.29418,23.721186],[121.294278,23.721187]],[[121.293698,23.720548],[121.293201,23.721084],[121.293104,23.720993],[121.292809,23.72108],[121.292812,23.720809],[121.29291,23.72081],[121.292814,23.720629],[121.292519,23.720716],[121.292621,23.720446],[121.293111,23.720451],[121.293213,23.720182],[121.293702,23.720277],[121.294497,23.719473],[121.294684,23.720198],[121.294388,23.720285],[121.294385,23.720556],[121.29409,23.720552],[121.294092,23.720462],[121.293893,23.720641],[121.293698,23.720548]],[[121.293893,23.720641],[121.29399,23.720732],[121.293892,23.720731],[121.293893,23.720641]],[[121.295162,23.721106],[121.295163,23.721016],[121.295359,23.721018],[121.295358,23.721108],[121.295162,23.721106]],[[121.295163,23.721016],[121.295066,23.720924],[121.295164,23.720925],[121.295163,23.721016]],[[121.288986,23.720857],[121.288887,23.720946],[121.288888,23.720856],[121.288986,23.720857]],[[121.294773,23.720831],[121.294674,23.72092],[121.294675,23.72083],[121.294773,23.720831]],[[121.29144,23.720704],[121.291341,23.720793],[121.291342,23.720703],[121.29144,23.720704]],[[121.294186,23.720734],[121.294087,23.720823],[121.294088,23.720733],[121.294186,23.720734]],[[121.289776,23.720505],[121.289676,23.720594],[121.289678,23.720504],[121.289776,23.720505]],[[121.291245,23.720611],[121.291049,23.720609],[121.291051,23.720519],[121.291247,23.720521],[121.291245,23.720611]],[[121.284971,23.720452],[121.28468,23.720177],[121.284287,23.720263],[121.284094,23.71999],[121.284392,23.719723],[121.284588,23.719725],[121.284787,23.719456],[121.284984,23.719458],[121.285177,23.719641],[121.285169,23.720273],[121.284971,23.720452]],[[121.290954,23.720428],[121.290854,23.720517],[121.290856,23.720426],[121.290954,23.720428]],[[121.292033,23.720349],[121.291934,23.720438],[121.291935,23.720348],[121.292033,23.720349]],[[121.288503,23.72031],[121.288406,23.720219],[121.288504,23.72022],[121.288503,23.72031]],[[121.288406,23.720219],[121.288309,23.720127],[121.288408,23.720128],[121.288406,23.720219]],[[121.28929,23.720138],[121.289191,23.720227],[121.289192,23.720137],[121.28929,23.720138]],[[121.29498,23.72002],[121.295078,23.720022],[121.295082,23.719751],[121.295278,23.719753],[121.295179,23.719842],[121.295274,23.720024],[121.295077,23.720112],[121.295075,23.720292],[121.294878,23.72029],[121.29498,23.72002]],[[121.287432,23.719756],[121.28743,23.719847],[121.287234,23.719845],[121.287235,23.719754],[121.28694,23.719841],[121.286748,23.719568],[121.286551,23.719566],[121.286452,23.719655],[121.286547,23.719927],[121.286348,23.720106],[121.286054,23.720102],[121.285668,23.719647],[121.285671,23.719376],[121.285573,23.719375],[121.285677,23.718924],[121.285483,23.718742],[121.285285,23.71892],[121.284992,23.718826],[121.284793,23.719005],[121.28431,23.718458],[121.284112,23.718636],[121.283916,23.718634],[121.283528,23.718268],[121.283331,23.718357],[121.283434,23.717996],[121.283337,23.717905],[121.283041,23.717992],[121.283042,23.717902],[121.283436,23.717816],[121.283735,23.717458],[121.283931,23.71746],[121.283932,23.71737],[121.284127,23.717462],[121.284425,23.717195],[121.284235,23.716741],[121.284526,23.716925],[121.284824,23.716657],[121.285018,23.71684],[121.284919,23.716929],[121.285014,23.717111],[121.28531,23.717024],[121.285307,23.717205],[121.28511,23.717293],[121.285206,23.717474],[121.285502,23.717297],[121.285604,23.717027],[121.285799,23.71712],[121.285694,23.71766],[121.285984,23.717934],[121.286277,23.718028],[121.286275,23.718209],[121.286177,23.718207],[121.286271,23.718479],[121.286073,23.718658],[121.286365,23.718842],[121.286564,23.718573],[121.286859,23.718576],[121.286857,23.718667],[121.287055,23.718578],[121.287058,23.718308],[121.28667,23.718032],[121.286672,23.717852],[121.287068,23.717585],[121.286976,23.717133],[121.287273,23.716865],[121.287566,23.716959],[121.287667,23.716779],[121.287863,23.716781],[121.287957,23.717053],[121.287858,23.717143],[121.287663,23.71705],[121.287563,23.71723],[121.287661,23.717231],[121.287657,23.717501],[121.288045,23.717867],[121.287747,23.718135],[121.287844,23.718226],[121.288041,23.718138],[121.288235,23.718321],[121.288233,23.718501],[121.288034,23.71868],[121.287937,23.718588],[121.28774,23.718676],[121.287735,23.719037],[121.287929,23.71922],[121.288126,23.719132],[121.288319,23.719405],[121.28812,23.719583],[121.287927,23.719401],[121.287731,23.719399],[121.287627,23.719849],[121.287432,23.719756]],[[121.283624,23.71845],[121.283524,23.718539],[121.283526,23.718449],[121.283624,23.71845]],[[121.283524,23.718539],[121.283425,23.718628],[121.283426,23.718538],[121.283524,23.718539]],[[121.284232,23.716922],[121.284133,23.717011],[121.284134,23.716921],[121.284232,23.716922]],[[121.288218,23.719585],[121.288215,23.719855],[121.288117,23.719854],[121.28812,23.719583],[121.288218,23.719585]],[[121.287627,23.719849],[121.287723,23.71994],[121.28792,23.719942],[121.287918,23.720033],[121.287624,23.720029],[121.287627,23.719849]],[[121.287427,23.720118],[121.287329,23.720117],[121.287331,23.719936],[121.287429,23.719937],[121.287427,23.720118]],[[121.288705,23.719861],[121.2888,23.720133],[121.288604,23.720131],[121.288607,23.71986],[121.288705,23.719861]],[[121.301654,23.719642],[121.30195,23.719555],[121.301946,23.719826],[121.301749,23.719914],[121.301746,23.720095],[121.301548,23.720273],[121.301654,23.719642]],[[121.281546,23.719872],[121.281446,23.719961],[121.281447,23.719871],[121.281546,23.719872]],[[121.287037,23.719933],[121.286938,23.720022],[121.286939,23.719932],[121.287037,23.719933]],[[121.289097,23.719865],[121.289196,23.719866],[121.289199,23.719595],[121.289493,23.719599],[121.289291,23.720048],[121.289097,23.719865]],[[121.295667,23.720028],[121.295567,23.720117],[121.295568,23.720027],[121.295667,23.720028]],[[121.296356,23.719765],[121.296257,23.719854],[121.296258,23.719764],[121.296356,23.719765]],[[121.282729,23.719343],[121.282924,23.719436],[121.282922,23.719616],[121.282726,23.719614],[121.282729,23.719343]],[[121.295965,23.71967],[121.295866,23.719759],[121.295867,23.719669],[121.295965,23.71967]],[[121.294203,23.71947],[121.294103,23.719559],[121.294105,23.719469],[121.294203,23.71947]],[[121.295672,23.719577],[121.295476,23.719574],[121.295479,23.719394],[121.295675,23.719396],[121.295672,23.719577]],[[121.281555,23.719149],[121.281751,23.719152],[121.281749,23.719332],[121.281651,23.719331],[121.281555,23.719149]],[[121.296458,23.719495],[121.296361,23.719404],[121.296459,23.719405],[121.296458,23.719495]],[[121.296067,23.7194],[121.296069,23.71922],[121.296367,23.718952],[121.296659,23.719136],[121.296361,23.719404],[121.296067,23.7194]],[[121.282829,23.719254],[121.282732,23.719163],[121.28283,23.719164],[121.282829,23.719254]],[[121.282536,23.71916],[121.28244,23.718979],[121.282738,23.718711],[121.282835,23.718803],[121.282732,23.719163],[121.282536,23.71916]],[[121.28891,23.719231],[121.28881,23.71932],[121.288812,23.71923],[121.28891,23.719231]],[[121.282933,23.718804],[121.283129,23.718806],[121.283125,23.719077],[121.283027,23.719076],[121.282933,23.718804]],[[121.288422,23.719045],[121.288322,23.719134],[121.288324,23.719044],[121.288422,23.719045]],[[121.294502,23.719112],[121.294402,23.719201],[121.294403,23.719111],[121.294502,23.719112]],[[121.288618,23.719047],[121.288816,23.718869],[121.288814,23.719049],[121.288618,23.719047]],[[121.289207,23.718963],[121.289108,23.719053],[121.289109,23.718962],[121.289207,23.718963]],[[121.293424,23.71901],[121.293325,23.719099],[121.293326,23.719009],[121.293424,23.71901]],[[121.290581,23.718888],[121.290482,23.718978],[121.290483,23.718887],[121.290581,23.718888]],[[121.293131,23.718916],[121.293032,23.719006],[121.293033,23.718915],[121.293131,23.718916]],[[121.293721,23.718833],[121.293621,23.718922],[121.293622,23.718832],[121.293721,23.718833]],[[121.283032,23.718714],[121.283131,23.718625],[121.28313,23.718715],[121.283032,23.718714]],[[121.283131,23.718625],[121.28323,23.718536],[121.283229,23.718626],[121.283131,23.718625]],[[121.283132,23.718535],[121.283035,23.718444],[121.283133,23.718445],[121.283132,23.718535]],[[121.290877,23.718801],[121.290779,23.7188],[121.290781,23.71862],[121.290879,23.718621],[121.290877,23.718801]],[[121.295093,23.718848],[121.294897,23.718846],[121.294898,23.718755],[121.295095,23.718758],[121.295093,23.718848]],[[121.289898,23.71861],[121.289799,23.718699],[121.2898,23.718609],[121.289898,23.71861]],[[121.296567,23.718683],[121.296467,23.718773],[121.296469,23.718682],[121.296567,23.718683]],[[121.292743,23.718551],[121.292644,23.71864],[121.292645,23.71855],[121.292743,23.718551]],[[121.294999,23.718576],[121.2949,23.718665],[121.294901,23.718575],[121.294999,23.718576]],[[121.289414,23.718153],[121.289512,23.718154],[121.28951,23.718335],[121.289312,23.718423],[121.289414,23.718153]],[[121.296374,23.71841],[121.296275,23.7185],[121.296276,23.718409],[121.296374,23.71841]],[[121.296471,23.718502],[121.29657,23.718413],[121.296569,23.718503],[121.296471,23.718502]],[[121.29657,23.718413],[121.296671,23.718233],[121.296867,23.718235],[121.296766,23.718415],[121.29657,23.718413]],[[121.296867,23.718235],[121.296966,23.718146],[121.296965,23.718236],[121.296867,23.718235]],[[121.290981,23.718351],[121.290883,23.71835],[121.290885,23.718169],[121.290983,23.71817],[121.290981,23.718351]],[[121.29011,23.717438],[121.289915,23.717346],[121.289918,23.717075],[121.290305,23.717531],[121.290302,23.717711],[121.290204,23.71771],[121.290297,23.718163],[121.290197,23.718252],[121.290001,23.71825],[121.290011,23.717528],[121.29011,23.717438]],[[121.28912,23.71815],[121.289023,23.718058],[121.289121,23.718059],[121.28912,23.71815]],[[121.289023,23.718058],[121.288926,23.717967],[121.289024,23.717968],[121.289023,23.718058]],[[121.296476,23.718141],[121.296376,23.71823],[121.296378,23.71814],[121.296476,23.718141]],[[121.295892,23.717773],[121.29599,23.717774],[121.295988,23.717955],[121.29579,23.718043],[121.295892,23.717773]],[[121.297065,23.718057],[121.297264,23.717878],[121.297365,23.717609],[121.297563,23.717521],[121.297558,23.717882],[121.297065,23.718057]],[[121.289029,23.717607],[121.28893,23.717696],[121.289025,23.717878],[121.288829,23.717876],[121.288833,23.717605],[121.289029,23.717607]],[[121.296969,23.717875],[121.29687,23.717964],[121.296871,23.717874],[121.296969,23.717875]],[[121.293344,23.717655],[121.29354,23.717657],[121.293539,23.717747],[121.293243,23.717834],[121.293344,23.717655]],[[121.294225,23.717755],[121.294028,23.717843],[121.29413,23.717483],[121.294327,23.717485],[121.294225,23.717755]],[[121.294327,23.717485],[121.294725,23.717038],[121.295215,23.717043],[121.295314,23.716954],[121.29522,23.716682],[121.295712,23.716507],[121.295213,23.717224],[121.29492,23.71713],[121.294523,23.717487],[121.294327,23.717485]],[[121.306093,23.717705],[121.306289,23.717707],[121.306287,23.717887],[121.306188,23.717886],[121.306093,23.717705]],[[121.306777,23.717893],[121.306581,23.71789],[121.306583,23.71771],[121.306779,23.717712],[121.306777,23.717893]],[[121.305604,23.717609],[121.305504,23.717698],[121.305506,23.717608],[121.305604,23.717609]],[[121.293937,23.7173],[121.293738,23.717478],[121.293741,23.717298],[121.293937,23.7173]],[[121.293937,23.7173],[121.294136,23.717031],[121.294332,23.717033],[121.294133,23.717302],[121.293937,23.7173]],[[121.289134,23.717066],[121.289329,23.717159],[121.289327,23.717339],[121.289132,23.717247],[121.289134,23.717066]],[[121.290601,23.717353],[121.290503,23.717352],[121.290507,23.717082],[121.290703,23.717084],[121.290601,23.717353]],[[121.290507,23.717082],[121.29041,23.71699],[121.290508,23.716991],[121.290507,23.717082]],[[121.290703,23.717084],[121.290802,23.716994],[121.290801,23.717085],[121.290703,23.717084]],[[121.290805,23.716814],[121.290903,23.716815],[121.2909,23.716996],[121.290802,23.716994],[121.290805,23.716814]],[[121.290805,23.716814],[121.290708,23.716723],[121.290806,23.716724],[121.290805,23.716814]],[[121.290903,23.716815],[121.291002,23.716726],[121.291001,23.716816],[121.290903,23.716815]],[[121.291386,23.717362],[121.291288,23.717361],[121.29129,23.71718],[121.291388,23.717182],[121.291386,23.717362]],[[121.293449,23.717114],[121.293548,23.717025],[121.293547,23.717115],[121.293449,23.717114]],[[121.293548,23.717025],[121.293647,23.716936],[121.293646,23.717026],[121.293548,23.717025]],[[121.289529,23.71689],[121.289429,23.716979],[121.289431,23.716889],[121.289529,23.71689]],[[121.289824,23.716803],[121.290118,23.716806],[121.290116,23.716987],[121.28992,23.716985],[121.289824,23.716803]],[[121.293846,23.716757],[121.293746,23.716846],[121.293748,23.716756],[121.293846,23.716757]],[[121.286687,23.716678],[121.286495,23.716405],[121.28679,23.716318],[121.28689,23.716139],[121.287182,23.716322],[121.286883,23.71668],[121.286687,23.716678]],[[121.287767,23.7166],[121.287668,23.716689],[121.287669,23.716599],[121.287767,23.7166]],[[121.294337,23.716672],[121.294436,23.716583],[121.294435,23.716673],[121.294337,23.716672]],[[121.294436,23.716583],[121.294536,23.716494],[121.294534,23.716584],[121.294436,23.716583]],[[121.294538,23.716313],[121.294636,23.716314],[121.294732,23.716496],[121.294536,23.716494],[121.294538,23.716313]],[[121.294734,23.716316],[121.294832,23.716317],[121.294735,23.716225],[121.294837,23.715955],[121.294546,23.715681],[121.294647,23.715502],[121.294843,23.715504],[121.295032,23.716048],[121.295228,23.71605],[121.295229,23.71596],[121.295522,23.716053],[121.295621,23.715964],[121.295618,23.716235],[121.295419,23.716413],[121.295223,23.716411],[121.295123,23.716591],[121.294927,23.716589],[121.294734,23.716316]],[[121.294546,23.715681],[121.294447,23.715771],[121.294348,23.71586],[121.29435,23.715679],[121.294546,23.715681]],[[121.29983,23.716642],[121.29973,23.716732],[121.299732,23.716641],[121.29983,23.716642]],[[121.298658,23.716268],[121.298756,23.716269],[121.298751,23.716631],[121.298555,23.716628],[121.298658,23.716268]],[[121.293262,23.71639],[121.293163,23.716479],[121.293164,23.716388],[121.293262,23.71639]],[[121.302086,23.716577],[121.301988,23.716576],[121.301994,23.716124],[121.302092,23.716126],[121.302086,23.716577]],[[121.298474,23.715273],[121.298281,23.71509],[121.297887,23.715176],[121.298177,23.715541],[121.298173,23.715812],[121.298075,23.715811],[121.297974,23.71608],[121.297777,23.716078],[121.297779,23.715988],[121.297287,23.716073],[121.297093,23.71589],[121.296993,23.716069],[121.296798,23.715977],[121.296797,23.716067],[121.296601,23.716065],[121.2966,23.716155],[121.296403,23.716153],[121.296303,23.716333],[121.296008,23.71642],[121.29601,23.716239],[121.296208,23.716061],[121.296503,23.716064],[121.296603,23.715885],[121.296799,23.715887],[121.297395,23.715352],[121.297298,23.71526],[121.2974,23.7149],[121.297897,23.714454],[121.297901,23.714093],[121.297999,23.714094],[121.298003,23.713823],[121.298201,23.713645],[121.298106,23.713463],[121.29781,23.71355],[121.297813,23.71337],[121.29811,23.713102],[121.298016,23.71283],[121.297222,23.713544],[121.297019,23.714083],[121.296921,23.714082],[121.296924,23.713811],[121.297123,23.713633],[121.297027,23.713451],[121.297225,23.713273],[121.297422,23.713275],[121.297523,23.713005],[121.29782,23.712828],[121.297927,23.712107],[121.298123,23.712109],[121.298322,23.71193],[121.298227,23.711658],[121.298723,23.711212],[121.298713,23.712025],[121.298613,23.712114],[121.298712,23.712115],[121.298707,23.712476],[121.298902,23.712569],[121.298703,23.712747],[121.2987,23.713018],[121.298992,23.713202],[121.299194,23.712753],[121.29939,23.712755],[121.299485,23.712936],[121.29919,23.713023],[121.299184,23.713475],[121.299378,23.713658],[121.299477,23.713568],[121.299673,23.713571],[121.299672,23.713661],[121.299374,23.713929],[121.299567,23.714202],[121.299272,23.714289],[121.299267,23.71465],[121.29907,23.714738],[121.299067,23.714918],[121.298773,23.714915],[121.299071,23.714648],[121.299076,23.714286],[121.298882,23.714104],[121.298587,23.714191],[121.29878,23.714373],[121.298678,23.714734],[121.298579,23.714732],[121.298486,23.71437],[121.298289,23.714458],[121.298185,23.714909],[121.298379,23.715091],[121.298575,23.715094],[121.298474,23.715273]],[[121.297501,23.714721],[121.297404,23.714629],[121.297502,23.71463],[121.297501,23.714721]],[[121.296921,23.714082],[121.296821,23.714171],[121.296823,23.714081],[121.296921,23.714082]],[[121.296819,23.714352],[121.296721,23.714351],[121.296723,23.71417],[121.296821,23.714171],[121.296819,23.714352]],[[121.296721,23.714351],[121.296622,23.71444],[121.296623,23.71435],[121.296721,23.714351]],[[121.296622,23.71444],[121.296323,23.714798],[121.295931,23.714794],[121.295932,23.714703],[121.296325,23.714617],[121.296426,23.714438],[121.296622,23.71444]],[[121.295931,23.714794],[121.295831,23.714883],[121.295833,23.714793],[121.295931,23.714794]],[[121.297027,23.713451],[121.29693,23.71336],[121.297028,23.713361],[121.297027,23.713451]],[[121.298527,23.71121],[121.298531,23.710939],[121.298629,23.71094],[121.298625,23.711211],[121.298527,23.71121]],[[121.299485,23.712936],[121.299582,23.713028],[121.299484,23.713027],[121.299485,23.712936]],[[121.299582,23.713028],[121.300068,23.713394],[121.299968,23.713574],[121.29958,23.713208],[121.299582,23.713028]],[[121.299568,23.714111],[121.299667,23.714022],[121.299767,23.713933],[121.299764,23.714113],[121.299568,23.714111]],[[121.298572,23.715274],[121.29857,23.715455],[121.298472,23.715454],[121.298474,23.715273],[121.298572,23.715274]],[[121.285616,23.716124],[121.285516,23.716214],[121.285518,23.716123],[121.285616,23.716124]],[[121.292086,23.716286],[121.292186,23.716197],[121.292184,23.716287],[121.292086,23.716286]],[[121.292186,23.716197],[121.292285,23.716108],[121.292284,23.716198],[121.292186,23.716197]],[[121.292285,23.716108],[121.292384,23.716019],[121.292383,23.716109],[121.292285,23.716108]],[[121.292385,23.715928],[121.292581,23.715931],[121.29258,23.716021],[121.292384,23.716019],[121.292385,23.715928]],[[121.297383,23.716254],[121.297284,23.716344],[121.297285,23.716253],[121.297383,23.716254]],[[121.298168,23.716173],[121.298069,23.716262],[121.29807,23.716172],[121.298168,23.716173]],[[121.293071,23.716026],[121.293267,23.716028],[121.293265,23.716119],[121.293069,23.716117],[121.293071,23.716026]],[[121.293267,23.716028],[121.293366,23.715939],[121.293365,23.71603],[121.293267,23.716028]],[[121.293368,23.715759],[121.293566,23.715671],[121.293672,23.71504],[121.29397,23.714772],[121.294066,23.714863],[121.294064,23.715044],[121.293966,23.715043],[121.294061,23.715315],[121.293765,23.715402],[121.293955,23.715855],[121.293561,23.716032],[121.293562,23.715941],[121.293366,23.715939],[121.293368,23.715759]],[[121.294344,23.716131],[121.294148,23.716128],[121.294149,23.716038],[121.294345,23.71604],[121.294344,23.716131]],[[121.292778,23.715933],[121.292678,23.716022],[121.292679,23.715932],[121.292778,23.715933]],[[121.295915,23.715967],[121.295816,23.716057],[121.295817,23.715966],[121.295915,23.715967]],[[121.305232,23.715979],[121.305036,23.715977],[121.304842,23.715795],[121.304853,23.714982],[121.305347,23.714716],[121.305541,23.714899],[121.305537,23.71517],[121.305635,23.715171],[121.305536,23.71526],[121.30553,23.715712],[121.305432,23.715711],[121.305625,23.715984],[121.305426,23.716162],[121.305232,23.715979]],[[121.292978,23.715574],[121.293076,23.715575],[121.293073,23.715846],[121.292877,23.715844],[121.292978,23.715574]],[[121.295332,23.7156],[121.295528,23.715602],[121.295526,23.715782],[121.29523,23.715869],[121.295332,23.7156]],[[121.301996,23.715944],[121.301898,23.715943],[121.301901,23.715762],[121.301999,23.715763],[121.301996,23.715944]],[[121.291114,23.715643],[121.291015,23.715733],[121.291016,23.715642],[121.291114,23.715643]],[[121.288762,23.715527],[121.288663,23.715616],[121.288664,23.715526],[121.288762,23.715527]],[[121.295236,23.715418],[121.295137,23.715507],[121.295138,23.715417],[121.295236,23.715418]],[[121.289058,23.71535],[121.28896,23.715349],[121.288963,23.715168],[121.289061,23.715169],[121.289058,23.71535]],[[121.292981,23.715393],[121.292785,23.715391],[121.292786,23.715301],[121.292982,23.715303],[121.292981,23.715393]],[[121.294255,23.715407],[121.294355,23.715318],[121.294354,23.715408],[121.294255,23.715407]],[[121.294355,23.715318],[121.294454,23.715229],[121.294453,23.715319],[121.294355,23.715318]],[[121.295922,23.715426],[121.296022,23.715336],[121.296021,23.715427],[121.295922,23.715426]],[[121.296024,23.715156],[121.29622,23.715158],[121.296219,23.715248],[121.296022,23.715336],[121.296024,23.715156]],[[121.293276,23.715306],[121.293178,23.715305],[121.293182,23.715034],[121.29328,23.715035],[121.293276,23.715306]],[[121.295435,23.71524],[121.295631,23.715242],[121.295629,23.715332],[121.295433,23.71533],[121.295435,23.71524]],[[121.295632,23.715152],[121.295828,23.715154],[121.295827,23.715244],[121.295631,23.715242],[121.295632,23.715152]],[[121.294947,23.715054],[121.294847,23.715143],[121.294849,23.715053],[121.294947,23.715054]],[[121.303576,23.715149],[121.303477,23.715238],[121.303478,23.715147],[121.303576,23.715149]],[[121.286909,23.714694],[121.287107,23.714606],[121.287299,23.714879],[121.287102,23.714967],[121.287103,23.714877],[121.286907,23.714875],[121.286909,23.714694]],[[121.28769,23.714973],[121.287396,23.71497],[121.287398,23.71479],[121.287693,23.714793],[121.28769,23.714973]],[[121.294756,23.7146],[121.294559,23.714688],[121.294554,23.715049],[121.294456,23.715048],[121.294465,23.714416],[121.294858,23.71433],[121.294756,23.7146]],[[121.29486,23.71415],[121.294762,23.714149],[121.294863,23.713969],[121.295157,23.713972],[121.295158,23.713882],[121.295453,23.713795],[121.295459,23.713344],[121.295656,23.713256],[121.29566,23.712985],[121.295854,23.713167],[121.29615,23.71299],[121.296055,23.712808],[121.295857,23.712897],[121.295861,23.712626],[121.296056,23.712718],[121.296255,23.712449],[121.296451,23.712452],[121.296253,23.71263],[121.29635,23.712721],[121.296245,23.713262],[121.295949,23.713349],[121.296042,23.713802],[121.295654,23.713436],[121.295555,23.713525],[121.295648,23.713888],[121.295353,23.713975],[121.295253,23.714154],[121.295058,23.714062],[121.294956,23.714331],[121.294858,23.71433],[121.29486,23.71415]],[[121.296451,23.712452],[121.296551,23.712362],[121.296553,23.712182],[121.29675,23.712094],[121.296648,23.712454],[121.296451,23.712452]],[[121.295941,23.713981],[121.295843,23.71398],[121.295846,23.713799],[121.295944,23.7138],[121.295941,23.713981]],[[121.290046,23.714819],[121.289947,23.714908],[121.289948,23.714818],[121.290046,23.714819]],[[121.295538,23.714789],[121.295732,23.714972],[121.295536,23.71497],[121.295538,23.714789]],[[121.29544,23.714788],[121.295443,23.714608],[121.295639,23.71461],[121.295638,23.7147],[121.29544,23.714788]],[[121.295639,23.71461],[121.295738,23.714521],[121.295737,23.714611],[121.295639,23.71461]],[[121.29574,23.71434],[121.295937,23.714342],[121.295935,23.714432],[121.295738,23.714521],[121.29574,23.71434]],[[121.295937,23.714342],[121.296036,23.714253],[121.296035,23.714343],[121.295937,23.714342]],[[121.296033,23.714434],[121.296134,23.714254],[121.296232,23.714255],[121.29623,23.714436],[121.296033,23.714434]],[[121.293478,23.714857],[121.29338,23.714856],[121.293382,23.714675],[121.29348,23.714676],[121.293478,23.714857]],[[121.304071,23.714793],[121.303972,23.714882],[121.303973,23.714792],[121.304071,23.714793]],[[121.294951,23.714693],[121.295051,23.714603],[121.295049,23.714694],[121.294951,23.714693]],[[121.295053,23.714423],[121.295249,23.714425],[121.295449,23.714156],[121.295645,23.714158],[121.295247,23.714605],[121.295051,23.714603],[121.295053,23.714423]],[[121.295645,23.714158],[121.295744,23.714069],[121.295743,23.714159],[121.295645,23.714158]],[[121.293483,23.714496],[121.293386,23.714404],[121.293484,23.714405],[121.293483,23.714496]],[[121.293386,23.714404],[121.293289,23.714313],[121.293387,23.714314],[121.293386,23.714404]],[[121.297014,23.714444],[121.296915,23.714534],[121.296916,23.714443],[121.297014,23.714444]],[[121.305447,23.714537],[121.305348,23.714626],[121.305349,23.714536],[121.305447,23.714537]],[[121.305644,23.714449],[121.305545,23.714538],[121.305546,23.714448],[121.305644,23.714449]],[[121.293877,23.714319],[121.293681,23.714317],[121.293682,23.714227],[121.293879,23.714229],[121.293877,23.714319]],[[121.297015,23.714354],[121.297114,23.714265],[121.297113,23.714355],[121.297015,23.714354]],[[121.297114,23.714265],[121.297214,23.714176],[121.297213,23.714266],[121.297114,23.714265]],[[121.297214,23.714176],[121.297313,23.714086],[121.297315,23.713906],[121.297413,23.713907],[121.29741,23.714178],[121.297214,23.714176]],[[121.297417,23.713636],[121.297515,23.713637],[121.297511,23.713908],[121.297413,23.713907],[121.297417,23.713636]],[[121.294468,23.714145],[121.294369,23.714235],[121.29437,23.714144],[121.294468,23.714145]],[[121.296527,23.714168],[121.296428,23.714257],[121.296429,23.714167],[121.296527,23.714168]],[[121.303194,23.714332],[121.303097,23.71424],[121.303195,23.714241],[121.303194,23.714332]],[[121.302901,23.714238],[121.302903,23.714058],[121.303001,23.714059],[121.303097,23.71424],[121.302901,23.714238]],[[121.303492,23.714064],[121.303393,23.714153],[121.303394,23.714063],[121.303492,23.714064]],[[121.293294,23.713952],[121.293393,23.713863],[121.293492,23.713773],[121.29349,23.713954],[121.293294,23.713952]],[[121.293492,23.713773],[121.293591,23.713684],[121.29359,23.713775],[121.293492,23.713773]],[[121.296335,23.713895],[121.296235,23.713984],[121.296237,23.713894],[121.296335,23.713895]],[[121.296729,23.713719],[121.29663,23.713808],[121.296631,23.713718],[121.296729,23.713719]],[[121.303005,23.713788],[121.302906,23.713877],[121.302907,23.713787],[121.303005,23.713788]],[[121.29124,23.713478],[121.291436,23.71348],[121.291434,23.71366],[121.291336,23.713659],[121.29124,23.713478]],[[121.292809,23.713495],[121.293004,23.713587],[121.293003,23.713678],[121.292807,23.713676],[121.292809,23.713495]],[[121.302714,23.713514],[121.302812,23.713515],[121.303011,23.713336],[121.302908,23.713696],[121.302714,23.713514]],[[121.293889,23.713417],[121.29379,23.713506],[121.293791,23.713416],[121.293889,23.713417]],[[121.302127,23.713417],[121.302321,23.7136],[121.302125,23.713598],[121.302127,23.713417]],[[121.302127,23.713417],[121.30203,23.713326],[121.302128,23.713327],[121.302127,23.713417]],[[121.295164,23.713431],[121.295067,23.713339],[121.295165,23.71334],[121.295164,23.713431]],[[121.295067,23.713339],[121.29497,23.713248],[121.295068,23.713249],[121.295067,23.713339]],[[121.303892,23.713436],[121.303793,23.713526],[121.303794,23.713435],[121.303892,23.713436]],[[121.304874,23.713357],[121.304584,23.712992],[121.304688,23.712542],[121.304981,23.712636],[121.304882,23.712725],[121.304977,23.712997],[121.305174,23.712909],[121.30507,23.713359],[121.304874,23.713357]],[[121.300863,23.71259],[121.300668,23.712498],[121.300565,23.712858],[121.300467,23.712857],[121.300473,23.712406],[121.30067,23.712317],[121.300675,23.711956],[121.301063,23.712322],[121.300962,23.712501],[121.301157,23.712594],[121.301154,23.712864],[121.300955,23.713043],[121.300759,23.713041],[121.300863,23.71259]],[[121.294388,23.71279],[121.294288,23.712879],[121.29429,23.712789],[121.294388,23.71279]],[[121.296546,23.712724],[121.296447,23.712813],[121.296448,23.712722],[121.296546,23.712724]],[[121.294782,23.712614],[121.294683,23.712703],[121.294684,23.712613],[121.294782,23.712614]],[[121.295371,23.71262],[121.295076,23.712617],[121.295078,23.712527],[121.295372,23.71253],[121.295371,23.71262]],[[121.297626,23.712645],[121.297528,23.712644],[121.29753,23.712463],[121.297628,23.712465],[121.297626,23.712645]],[[121.299098,23.712571],[121.298999,23.71266],[121.299,23.71257],[121.299098,23.712571]],[[121.299785,23.712488],[121.299686,23.712577],[121.299687,23.712487],[121.299785,23.712488]],[[121.300083,23.712221],[121.300178,23.712493],[121.299982,23.71249],[121.299985,23.71222],[121.300083,23.712221]],[[121.305179,23.712547],[121.305082,23.712456],[121.30518,23.712457],[121.305179,23.712547]],[[121.305082,23.712456],[121.304985,23.712365],[121.305083,23.712366],[121.305082,23.712456]],[[121.299298,23.712302],[121.299198,23.712391],[121.299199,23.712301],[121.299298,23.712302]],[[121.304495,23.712359],[121.304395,23.712449],[121.304397,23.712358],[121.304495,23.712359]],[[121.305378,23.712279],[121.305573,23.712371],[121.305572,23.712461],[121.305376,23.712459],[121.305378,23.712279]],[[121.295081,23.712256],[121.29518,23.712167],[121.295179,23.712257],[121.295081,23.712256]],[[121.29518,23.712167],[121.29528,23.712077],[121.295278,23.712168],[121.29518,23.712167]],[[121.29528,23.712077],[121.295379,23.711988],[121.295378,23.712079],[121.29528,23.712077]],[[121.295379,23.711988],[121.295478,23.711899],[121.295577,23.71181],[121.295575,23.71199],[121.295379,23.711988]],[[121.297045,23.712097],[121.296945,23.712186],[121.296946,23.712096],[121.297045,23.712097]],[[121.299202,23.712121],[121.299103,23.71221],[121.299104,23.71212],[121.299202,23.712121]],[[121.29979,23.712127],[121.299691,23.712216],[121.299692,23.712126],[121.29979,23.712127]],[[121.301261,23.712143],[121.301162,23.712232],[121.301163,23.712142],[121.301261,23.712143]],[[121.296163,23.711997],[121.296064,23.712086],[121.296065,23.711996],[121.296163,23.711997]],[[121.29734,23.71201],[121.297242,23.712009],[121.297244,23.711828],[121.297441,23.71174],[121.29734,23.71201]],[[121.297441,23.71174],[121.297541,23.711651],[121.29754,23.711741],[121.297441,23.71174]],[[121.299596,23.711944],[121.299497,23.712034],[121.299498,23.711943],[121.299596,23.711944]],[[121.29636,23.711909],[121.296262,23.711908],[121.296266,23.711637],[121.296364,23.711638],[121.29636,23.711909]],[[121.296753,23.711913],[121.296655,23.711912],[121.296658,23.711641],[121.296756,23.711642],[121.296753,23.711913]],[[121.301459,23.711965],[121.301361,23.711964],[121.301365,23.711693],[121.301463,23.711694],[121.301459,23.711965]],[[121.302543,23.711616],[121.302641,23.711617],[121.302544,23.711525],[121.302546,23.711345],[121.302644,23.711346],[121.302838,23.711528],[121.302738,23.711708],[121.302931,23.711891],[121.302441,23.711885],[121.302543,23.711616]],[[121.303228,23.711713],[121.303424,23.711716],[121.303422,23.711896],[121.303128,23.711893],[121.303228,23.711713]],[[121.294009,23.711702],[121.293718,23.711518],[121.29372,23.711338],[121.294017,23.711161],[121.29421,23.711343],[121.294208,23.711524],[121.294009,23.711702]],[[121.297147,23.711737],[121.297049,23.711736],[121.297052,23.711555],[121.29715,23.711556],[121.297147,23.711737]],[[121.303133,23.711441],[121.303034,23.711531],[121.303035,23.71144],[121.303133,23.711441]],[[121.295681,23.711359],[121.295389,23.711176],[121.295392,23.710995],[121.29559,23.710817],[121.295883,23.71091],[121.29588,23.711181],[121.295681,23.711359]],[[121.297251,23.711286],[121.297152,23.711376],[121.297153,23.711285],[121.297251,23.711286]],[[121.298329,23.711389],[121.298133,23.711386],[121.298134,23.711296],[121.29833,23.711298],[121.298329,23.711389]],[[121.297258,23.710745],[121.297454,23.710747],[121.29745,23.711108],[121.297352,23.711107],[121.297258,23.710745]],[[121.29892,23.711124],[121.298924,23.710853],[121.299022,23.710854],[121.299019,23.711125],[121.29892,23.711124]],[[121.298826,23.710852],[121.298729,23.710761],[121.298731,23.71058],[121.299024,23.710674],[121.298826,23.710852]],[[121.297844,23.710932],[121.297745,23.711021],[121.297746,23.710931],[121.297844,23.710932]],[[121.296278,23.710734],[121.296178,23.710823],[121.29618,23.710733],[121.296278,23.710734]],[[121.297946,23.710662],[121.297847,23.710751],[121.297848,23.710661],[121.297946,23.710662]],[[121.308634,23.710779],[121.308535,23.710868],[121.308536,23.710778],[121.308634,23.710779]],[[121.299909,23.710503],[121.300105,23.710505],[121.300103,23.710686],[121.300005,23.710685],[121.299909,23.710503]],[[121.301478,23.71052],[121.301672,23.710703],[121.301476,23.710701],[121.301478,23.71052]],[[121.301478,23.71052],[121.301381,23.710429],[121.301479,23.71043],[121.301478,23.71052]],[[121.306483,23.710304],[121.306969,23.71058],[121.306967,23.710761],[121.306771,23.710759],[121.30648,23.710485],[121.306483,23.710304]],[[121.306483,23.710304],[121.306386,23.710213],[121.306484,23.710214],[121.306483,23.710304]],[[121.307653,23.710769],[121.307457,23.710766],[121.307458,23.710676],[121.307655,23.710678],[121.307653,23.710769]],[[121.302851,23.710535],[121.302752,23.710625],[121.302753,23.710534],[121.302851,23.710535]],[[121.307282,23.709139],[121.307573,23.709413],[121.307866,23.709507],[121.307665,23.709866],[121.307958,23.709959],[121.308054,23.710141],[121.30825,23.710143],[121.308243,23.710685],[121.308048,23.710592],[121.307953,23.71032],[121.307757,23.710318],[121.307563,23.710135],[121.307281,23.709229],[121.307087,23.709047],[121.306696,23.708952],[121.306698,23.708771],[121.307384,23.708869],[121.307282,23.709139]],[[121.306696,23.708952],[121.306597,23.709041],[121.306598,23.708951],[121.306696,23.708952]],[[121.307384,23.708869],[121.307483,23.70878],[121.307482,23.70887],[121.307384,23.708869]],[[121.29834,23.710486],[121.297952,23.710211],[121.297954,23.71003],[121.298152,23.709852],[121.298447,23.709855],[121.298835,23.71013],[121.298536,23.710488],[121.29834,23.710486]],[[121.299225,23.710315],[121.299126,23.710404],[121.299127,23.710314],[121.299225,23.710315]],[[121.301287,23.710157],[121.301187,23.710246],[121.301189,23.710156],[121.301287,23.710157]],[[121.30609,23.7103],[121.305802,23.709845],[121.305604,23.710024],[121.30541,23.709841],[121.304723,23.709833],[121.304726,23.709653],[121.30502,23.709656],[121.305019,23.709746],[121.305118,23.709657],[121.30551,23.709661],[121.305509,23.709752],[121.305902,23.709666],[121.305997,23.709938],[121.306288,23.710212],[121.30609,23.7103]],[[121.301095,23.709794],[121.300996,23.709883],[121.300997,23.709793],[121.301095,23.709794]],[[121.30855,23.709695],[121.308451,23.709784],[121.308452,23.709694],[121.30855,23.709695]],[[121.30306,23.709544],[121.302961,23.709634],[121.302962,23.709543],[121.30306,23.709544]],[[121.299433,23.709414],[121.299335,23.709413],[121.29934,23.709052],[121.299438,23.709053],[121.299433,23.709414]],[[121.303258,23.709366],[121.303159,23.709455],[121.30316,23.709365],[121.303258,23.709366]],[[121.302867,23.709271],[121.302768,23.709361],[121.302769,23.70927],[121.302867,23.709271]],[[121.304044,23.709284],[121.303945,23.709373],[121.303946,23.709283],[121.304044,23.709284]],[[121.304436,23.709289],[121.304439,23.709108],[121.304635,23.70911],[121.304633,23.7092],[121.304436,23.709289]],[[121.305026,23.709205],[121.305025,23.709295],[121.304632,23.709291],[121.304633,23.7092],[121.305026,23.709205]],[[121.305319,23.709298],[121.305418,23.709209],[121.305417,23.709299],[121.305319,23.709298]],[[121.305515,23.7093],[121.305323,23.708937],[121.305618,23.70894],[121.305907,23.709305],[121.305515,23.7093]],[[121.302476,23.709177],[121.30228,23.709175],[121.302281,23.709084],[121.302477,23.709086],[121.302476,23.709177]],[[121.303461,23.708826],[121.303167,23.708823],[121.303168,23.708733],[121.303463,23.708736],[121.303461,23.708826]],[[121.306411,23.708227],[121.306409,23.708407],[121.306115,23.708404],[121.305916,23.708582],[121.30513,23.708754],[121.305626,23.708308],[121.306411,23.708227]],[[121.305626,23.708308],[121.305529,23.708217],[121.305627,23.708218],[121.305626,23.708308]],[[121.302782,23.708277],[121.302683,23.708366],[121.302684,23.708276],[121.302782,23.708277]],[[121.307687,23.70815],[121.307588,23.708239],[121.307589,23.708149],[121.307687,23.70815]],[[121.302294,23.708091],[121.302393,23.708002],[121.302392,23.708092],[121.302294,23.708091]],[[121.302491,23.708003],[121.302296,23.707911],[121.302397,23.707731],[121.302888,23.707646],[121.302886,23.707827],[121.30269,23.707825],[121.302491,23.708003]],[[121.305531,23.708036],[121.305432,23.708126],[121.305433,23.708035],[121.305531,23.708036]],[[121.304845,23.708029],[121.304747,23.708028],[121.304749,23.707847],[121.304847,23.707848],[121.304845,23.708029]],[[121.305533,23.707856],[121.305532,23.707946],[121.305435,23.707855],[121.305238,23.707943],[121.305242,23.707672],[121.304853,23.707397],[121.305051,23.707218],[121.305054,23.707038],[121.304761,23.706944],[121.304863,23.706584],[121.304767,23.706493],[121.304471,23.70658],[121.304474,23.706399],[121.304867,23.706313],[121.305067,23.706045],[121.305357,23.706319],[121.30585,23.706144],[121.306044,23.706326],[121.306041,23.706507],[121.306624,23.706965],[121.306621,23.707145],[121.306424,23.707233],[121.306618,23.707416],[121.306616,23.707597],[121.306417,23.707775],[121.306028,23.7075],[121.30573,23.707858],[121.305533,23.707856]],[[121.305829,23.707769],[121.305926,23.70786],[121.305828,23.707859],[121.305829,23.707769]],[[121.295924,23.70775],[121.295732,23.707477],[121.29593,23.707299],[121.296126,23.707301],[121.29632,23.707484],[121.29612,23.707752],[121.295924,23.70775]],[[121.301516,23.707631],[121.301416,23.70772],[121.301418,23.70763],[121.301516,23.707631]],[[121.302202,23.707639],[121.302103,23.707728],[121.302104,23.707638],[121.302202,23.707639]],[[121.304066,23.707569],[121.303967,23.707658],[121.303968,23.707568],[121.304066,23.707569]],[[121.299459,23.707428],[121.29936,23.707517],[121.299361,23.707427],[121.299459,23.707428]],[[121.301919,23.706733],[121.301524,23.706999],[121.30152,23.70727],[121.301223,23.707538],[121.300928,23.707534],[121.300833,23.707353],[121.300637,23.707351],[121.300635,23.707441],[121.30044,23.707348],[121.301035,23.706903],[121.300947,23.70609],[121.301144,23.706002],[121.301148,23.705731],[121.301246,23.705732],[121.301151,23.70546],[121.301448,23.705283],[121.301352,23.705101],[121.301749,23.704744],[121.301656,23.704382],[121.301853,23.704294],[121.301855,23.704113],[121.301371,23.703656],[121.301374,23.703385],[121.301573,23.703207],[121.301865,23.703391],[121.301861,23.703662],[121.302055,23.703844],[121.302253,23.703666],[121.302545,23.70385],[121.302541,23.704211],[121.302343,23.704299],[121.302435,23.704752],[121.302238,23.70484],[121.302235,23.705111],[121.301938,23.705288],[121.301932,23.705739],[121.301834,23.705738],[121.301831,23.706009],[121.301733,23.706008],[121.301729,23.706279],[121.301631,23.706278],[121.301919,23.706733]],[[121.301151,23.70546],[121.301055,23.705369],[121.301153,23.70537],[121.301151,23.70546]],[[121.301825,23.706461],[121.301924,23.706371],[121.301923,23.706462],[121.301825,23.706461]],[[121.30191,23.707455],[121.301811,23.707544],[121.301812,23.707454],[121.30191,23.707455]],[[121.303486,23.70693],[121.303883,23.706573],[121.303876,23.707115],[121.303679,23.707203],[121.303676,23.707384],[121.30387,23.707567],[121.303479,23.707472],[121.303486,23.70693]],[[121.299468,23.706706],[121.29937,23.706705],[121.299374,23.706434],[121.299567,23.706616],[121.299656,23.70734],[121.299461,23.707247],[121.299468,23.706706]],[[121.30015,23.707074],[121.300345,23.707167],[121.300342,23.707347],[121.300147,23.707255],[121.30015,23.707074]],[[121.302107,23.707367],[121.301817,23.707093],[121.302015,23.706914],[121.302307,23.707098],[121.302107,23.707367]],[[121.300051,23.707164],[121.299951,23.707253],[121.299953,23.707162],[121.300051,23.707164]],[[121.298974,23.706971],[121.298875,23.70706],[121.298876,23.70697],[121.298974,23.706971]],[[121.297505,23.706865],[121.297406,23.706954],[121.297407,23.706864],[121.297505,23.706865]],[[121.299078,23.706521],[121.298979,23.70661],[121.29898,23.70652],[121.299078,23.706521]],[[121.303694,23.70603],[121.303792,23.706031],[121.303794,23.70585],[121.304087,23.705944],[121.304085,23.706124],[121.303888,23.706212],[121.303884,23.706483],[121.30369,23.7063],[121.303694,23.70603]],[[121.296237,23.706309],[121.296436,23.70613],[121.296535,23.706041],[121.296433,23.706311],[121.296237,23.706309]],[[121.297317,23.70623],[121.297416,23.706141],[121.297415,23.706232],[121.297317,23.70623]],[[121.297416,23.706141],[121.297515,23.706052],[121.297514,23.706142],[121.297416,23.706141]],[[121.297713,23.705964],[121.297616,23.705873],[121.297714,23.705874],[121.297713,23.705964]],[[121.29742,23.70587],[121.297421,23.70578],[121.297617,23.705782],[121.297616,23.705873],[121.29742,23.70587]],[[121.297422,23.70569],[121.297223,23.705868],[121.297227,23.705597],[121.297422,23.70569]],[[121.295268,23.705395],[121.295072,23.705393],[121.295075,23.705212],[121.295173,23.705214],[121.295175,23.705033],[121.294981,23.70485],[121.295084,23.70449],[121.295375,23.704764],[121.295571,23.704766],[121.295567,23.705037],[121.295665,23.705038],[121.295664,23.705129],[121.295369,23.705216],[121.295561,23.705489],[121.295364,23.705577],[121.295268,23.705395]],[[121.297139,23.704784],[121.29704,23.704873],[121.297041,23.704783],[121.297139,23.704784]],[[121.297728,23.70479],[121.29763,23.704789],[121.297632,23.704609],[121.29773,23.70461],[121.297728,23.70479]],[[121.303909,23.704587],[121.303425,23.70404],[121.303428,23.703859],[121.303626,23.703681],[121.30392,23.703684],[121.304114,23.703867],[121.304112,23.704048],[121.304403,23.704231],[121.304105,23.704589],[121.303909,23.704587]],[[121.300381,23.704368],[121.300282,23.704457],[121.300283,23.704367],[121.300381,23.704368]],[[121.301164,23.704467],[121.300872,23.704283],[121.30078,23.70383],[121.301077,23.703653],[121.301367,23.703927],[121.301363,23.704288],[121.301164,23.704467]],[[121.299894,23.704092],[121.299697,23.70418],[121.299507,23.703726],[121.299705,23.703548],[121.299997,23.703732],[121.300394,23.703375],[121.300586,23.703648],[121.30029,23.703825],[121.300286,23.704096],[121.300088,23.704274],[121.299894,23.704092]],[[121.29725,23.703792],[121.297151,23.703881],[121.297152,23.703791],[121.29725,23.703792]],[[121.297352,23.703522],[121.297254,23.703521],[121.297256,23.70334],[121.297354,23.703341],[121.297352,23.703522]],[[121.299122,23.70318],[121.299022,23.703269],[121.299024,23.703179],[121.299122,23.70318]],[[121.298143,23.702989],[121.298044,23.703078],[121.298045,23.702988],[121.298143,23.702989]],[[121.299713,23.702916],[121.299423,23.702642],[121.299621,23.702463],[121.299914,23.702557],[121.299912,23.702737],[121.299713,23.702916]],[[121.304814,23.702791],[121.304715,23.70288],[121.304716,23.70279],[121.304814,23.702791]],[[121.297952,23.702625],[121.297853,23.702715],[121.297854,23.702624],[121.297952,23.702625]],[[121.297957,23.702264],[121.297857,23.702354],[121.297859,23.702263],[121.297957,23.702264]],[[121.299524,23.702372],[121.299233,23.702188],[121.299334,23.701918],[121.299627,23.702012],[121.299524,23.702372]],[[121.299627,23.702012],[121.299726,23.701923],[121.299725,23.702013],[121.299627,23.702012]],[[121.306879,23.702362],[121.306685,23.702179],[121.306688,23.701999],[121.306886,23.70182],[121.307082,23.701823],[121.307276,23.702005],[121.307274,23.702186],[121.307075,23.702364],[121.306879,23.702362]],[[121.307084,23.701732],[121.306793,23.701458],[121.306991,23.70128],[121.307283,23.701464],[121.307084,23.701732]],[[121.307296,23.70047],[121.30759,23.700474],[121.307588,23.700654],[121.307194,23.70074],[121.307296,23.70047]],[[121.3071,23.700468],[121.307002,23.700467],[121.307004,23.700287],[121.307102,23.700288],[121.3071,23.700468]],[[121.303476,23.700158],[121.303376,23.700247],[121.303377,23.700157],[121.303476,23.700158]],[[121.303966,23.700163],[121.303868,23.700162],[121.303871,23.699891],[121.303969,23.699892],[121.303966,23.700163]],[[121.30681,23.700104],[121.306618,23.699831],[121.306911,23.699924],[121.307011,23.699745],[121.307207,23.699747],[121.307203,23.700108],[121.307006,23.700106],[121.307008,23.700016],[121.30681,23.700104]],[[121.3077,23.699572],[121.307504,23.69957],[121.307505,23.699479],[121.307701,23.699482],[121.3077,23.699572]],[[121.307309,23.699477],[121.307017,23.699294],[121.307022,23.698932],[121.30722,23.698754],[121.307613,23.698668],[121.307801,23.699302],[121.307702,23.699391],[121.307409,23.699298],[121.307309,23.699477]],[[121.305645,23.699188],[121.305154,23.699273],[121.305157,23.699002],[121.305551,23.698916],[121.305455,23.698735],[121.305259,23.698732],[121.305261,23.698552],[121.305554,23.698645],[121.305753,23.698467],[121.30575,23.698648],[121.305944,23.69883],[121.306043,23.698741],[121.306238,23.698834],[121.306035,23.699373],[121.305741,23.69937],[121.305645,23.699188]],[[121.306336,23.698835],[121.30673,23.698749],[121.306824,23.699021],[121.30653,23.699017],[121.306336,23.698835]],[[121.304769,23.698727],[121.30467,23.698816],[121.304671,23.698726],[121.304769,23.698727]],[[121.307251,23.696316],[121.307346,23.696588],[121.30715,23.696586],[121.307153,23.696315],[121.307251,23.696316]]],[[[121.28475,23.714851],[121.284851,23.714581],[121.284949,23.714582],[121.284854,23.7144],[121.284754,23.714489],[121.284461,23.714396],[121.28436,23.714666],[121.284067,23.714572],[121.28427,23.714033],[121.284568,23.713765],[121.284374,23.713582],[121.284274,23.713762],[121.28388,23.713848],[121.282788,23.714829],[121.282781,23.715371],[121.282975,23.715553],[121.283174,23.715375],[121.283662,23.715561],[121.283663,23.715471],[121.283958,23.715384],[121.283963,23.715022],[121.284354,23.715117],[121.284455,23.714847],[121.28475,23.714851]]],[[[121.284255,23.715206],[121.284446,23.71557],[121.284741,23.715483],[121.284452,23.715118],[121.284255,23.715206]]],[[[121.285596,23.717659],[121.285402,23.717477],[121.285205,23.717565],[121.285397,23.717838],[121.285596,23.717659]]],[[[121.296268,23.726536],[121.296075,23.726353],[121.296072,23.726534],[121.296268,23.726536]]],[[[121.297149,23.726726],[121.297739,23.726552],[121.297546,23.72637],[121.297645,23.72628],[121.29755,23.726009],[121.297354,23.726006],[121.297055,23.726364],[121.296566,23.726269],[121.296368,23.726447],[121.296462,23.726719],[121.296658,23.726721],[121.296852,23.726904],[121.297048,23.726906],[121.297149,23.726726]]],[[[121.2994,23.727112],[121.298915,23.726656],[121.299016,23.726476],[121.298531,23.726019],[121.298334,23.726107],[121.298331,23.726288],[121.298133,23.726466],[121.297838,23.726553],[121.297835,23.726734],[121.29862,23.726743],[121.298617,23.726923],[121.298814,23.726925],[121.298811,23.727106],[121.2994,23.727112]]],[[[121.303579,23.699707],[121.30348,23.699797],[121.303578,23.699798],[121.303579,23.699707]]],[[[121.310598,23.702945],[121.311186,23.702951],[121.311185,23.703041],[121.311481,23.702954],[121.311384,23.702863],[121.31139,23.702411],[121.311195,23.702319],[121.3112,23.701868],[121.310612,23.701861],[121.310516,23.70168],[121.31032,23.701677],[121.310022,23.702035],[121.309825,23.702033],[121.309633,23.70176],[121.309437,23.701758],[121.309238,23.701937],[121.309232,23.702388],[121.309329,23.702479],[121.309525,23.702481],[121.309725,23.702213],[121.310114,23.702488],[121.309717,23.702845],[121.30991,23.703118],[121.310498,23.703124],[121.310598,23.702945]]],[[[121.309101,23.705005],[121.309398,23.704738],[121.309402,23.704467],[121.309208,23.704284],[121.308817,23.704189],[121.308717,23.704369],[121.308422,23.704366],[121.308424,23.704275],[121.308226,23.704364],[121.308224,23.704544],[121.308321,23.704635],[121.308518,23.704547],[121.308905,23.705003],[121.309101,23.705005]]],[[[121.312515,23.706397],[121.312613,23.706398],[121.31252,23.706036],[121.312325,23.705943],[121.312328,23.705673],[121.312133,23.70558],[121.312137,23.705309],[121.312039,23.705308],[121.312034,23.705669],[121.311738,23.705847],[121.311734,23.706118],[121.312315,23.706666],[121.312513,23.706578],[121.312515,23.706397]],[[121.312129,23.705941],[121.312032,23.70585],[121.31213,23.705851],[121.312129,23.705941]]],[[[121.305583,23.726819],[121.305975,23.726823],[121.306078,23.726463],[121.306175,23.726555],[121.306568,23.726469],[121.306475,23.726107],[121.306869,23.72593],[121.306776,23.725568],[121.307462,23.725576],[121.307362,23.725755],[121.307656,23.725758],[121.30756,23.725577],[121.307759,23.725398],[121.307865,23.724767],[121.308261,23.724501],[121.308554,23.724594],[121.308756,23.724145],[121.308463,23.724051],[121.308362,23.724231],[121.307087,23.724217],[121.306986,23.724487],[121.307374,23.724852],[121.307077,23.72503],[121.306884,23.724757],[121.306688,23.724754],[121.306589,23.724844],[121.306582,23.725385],[121.305988,23.72583],[121.305794,23.725648],[121.3058,23.725196],[121.305606,23.725013],[121.305611,23.724652],[121.305321,23.724288],[121.305327,23.723836],[121.305426,23.723747],[121.304937,23.723652],[121.304549,23.723286],[121.304552,23.723106],[121.304848,23.722928],[121.304854,23.722477],[121.304659,23.722384],[121.304663,23.722113],[121.304371,23.72193],[121.304272,23.722019],[121.304367,23.722201],[121.304073,23.722197],[121.304072,23.722288],[121.303092,23.722187],[121.302991,23.722456],[121.302893,23.722455],[121.302984,23.722998],[121.302688,23.723085],[121.302685,23.723356],[121.303074,23.723631],[121.30307,23.723902],[121.303168,23.723903],[121.303066,23.724263],[121.303261,23.724356],[121.303257,23.724626],[121.30413,23.725358],[121.304128,23.725539],[121.304323,23.725631],[121.304321,23.725812],[121.304514,23.725995],[121.304512,23.726175],[121.304213,23.726533],[121.304408,23.726626],[121.304706,23.726358],[121.304708,23.726177],[121.30461,23.726176],[121.304713,23.725816],[121.304615,23.725815],[121.304521,23.725453],[121.305404,23.725463],[121.305402,23.725643],[121.305204,23.725731],[121.305298,23.726094],[121.3051,23.726182],[121.305098,23.726362],[121.305196,23.726363],[121.30529,23.726726],[121.305386,23.726817],[121.305584,23.726729],[121.305583,23.726819]],[[121.304331,23.724999],[121.304137,23.724817],[121.303941,23.724815],[121.303946,23.724453],[121.303461,23.723997],[121.303265,23.723994],[121.303266,23.723904],[121.303562,23.723817],[121.303564,23.723637],[121.30376,23.723639],[121.303759,23.723729],[121.303956,23.723641],[121.304052,23.723822],[121.304248,23.723825],[121.304447,23.723646],[121.304541,23.723918],[121.304832,23.724192],[121.304729,23.724552],[121.305021,23.724736],[121.305018,23.725007],[121.304722,23.725094],[121.304721,23.725184],[121.304329,23.72518],[121.304331,23.724999]],[[121.304165,23.72265],[121.304163,23.72283],[121.303772,23.722736],[121.303773,23.722646],[121.304165,23.72265]]],[[[121.303115,23.728056],[121.303409,23.728059],[121.303706,23.727792],[121.303611,23.72761],[121.304007,23.727344],[121.303921,23.726349],[121.303631,23.726075],[121.303531,23.726165],[121.303238,23.726071],[121.302245,23.727053],[121.301951,23.72705],[121.30185,23.72723],[121.301457,23.727316],[121.301451,23.727767],[121.301743,23.727951],[121.30174,23.728131],[121.302231,23.728137],[121.302328,23.728228],[121.302329,23.728138],[121.303113,23.728147],[121.303115,23.728056]]],[[[121.305961,23.727907],[121.305475,23.72754],[121.305479,23.727269],[121.305091,23.726904],[121.304797,23.726901],[121.304701,23.726719],[121.304504,23.726807],[121.304891,23.727173],[121.304983,23.727716],[121.305176,23.727898],[121.305666,23.727994],[121.305664,23.728084],[121.30586,23.728086],[121.305961,23.727907]]]]}},{"type":"Feature","properties":{"kind":"bare_dam","month":"2026-08","area_ha":139.62},"geometry":{"type":"MultiPolygon","coordinates":[[[[121.31151,23.685436],[121.311613,23.685076],[121.311222,23.684982],[121.311216,23.685433],[121.311313,23.685525],[121.31151,23.685436]]],[[[121.297809,23.690975],[121.298206,23.690618],[121.298109,23.690527],[121.298111,23.690347],[121.298308,23.690258],[121.298214,23.689986],[121.298018,23.689984],[121.297522,23.69043],[121.297514,23.691062],[121.297809,23.690975]]],[[[121.301145,23.690831],[121.30134,23.690924],[121.30144,23.690744],[121.301245,23.690652],[121.301145,23.690831]]],[[[121.29986,23.69163],[121.300644,23.691639],[121.300744,23.691459],[121.300353,23.691364],[121.300161,23.691091],[121.300062,23.691181],[121.299865,23.691178],[121.29977,23.690997],[121.299376,23.691083],[121.299184,23.69081],[121.298988,23.690808],[121.298987,23.690898],[121.298792,23.690806],[121.298593,23.690984],[121.298884,23.691258],[121.298978,23.69153],[121.29947,23.691445],[121.299565,23.691627],[121.299762,23.691629],[121.299763,23.691539],[121.29986,23.69163]]],[[[121.301431,23.699052],[121.301043,23.698686],[121.300847,23.698684],[121.300849,23.698504],[121.301142,23.698597],[121.301342,23.698328],[121.301245,23.698237],[121.301049,23.698235],[121.300948,23.698414],[121.300754,23.698322],[121.300653,23.698501],[121.300457,23.698499],[121.300259,23.698678],[121.300352,23.69904],[121.300253,23.699129],[121.300058,23.699037],[121.299859,23.699215],[121.30015,23.699489],[121.300148,23.69967],[121.299949,23.699848],[121.299657,23.699664],[121.299458,23.699933],[121.299166,23.699749],[121.298571,23.700284],[121.298764,23.700467],[121.299255,23.700473],[121.29935,23.700654],[121.302194,23.700685],[121.302294,23.700506],[121.302686,23.70051],[121.303579,23.699707],[121.303485,23.699435],[121.303781,23.699258],[121.303785,23.698987],[121.303982,23.698899],[121.303988,23.698448],[121.304185,23.69836],[121.304191,23.697908],[121.305481,23.696748],[121.306167,23.696756],[121.306267,23.696576],[121.306856,23.696583],[121.306955,23.696494],[121.306964,23.695771],[121.307162,23.695683],[121.306968,23.6955],[121.306983,23.694327],[121.307975,23.693435],[121.308368,23.693349],[121.308371,23.693168],[121.308175,23.693166],[121.307981,23.692983],[121.308082,23.692713],[121.308375,23.692807],[121.308376,23.692717],[121.308966,23.692633],[121.309363,23.692276],[121.30946,23.692367],[121.310146,23.692375],[121.310147,23.692284],[121.310734,23.692381],[121.311528,23.691667],[121.311535,23.691126],[121.311437,23.691125],[121.311539,23.690764],[121.311837,23.690497],[121.311843,23.690045],[121.312337,23.68978],[121.312341,23.689419],[121.31254,23.68924],[121.312249,23.688966],[121.312252,23.688695],[121.312446,23.688878],[121.312935,23.688974],[121.313233,23.688706],[121.313236,23.688435],[121.313043,23.688252],[121.313335,23.688346],[121.313534,23.688168],[121.313537,23.687897],[121.313735,23.687809],[121.313742,23.687267],[121.313449,23.687173],[121.313552,23.686723],[121.313066,23.686447],[121.313068,23.686266],[121.313166,23.686267],[121.31307,23.686086],[121.312775,23.686173],[121.312777,23.685992],[121.312486,23.685808],[121.312391,23.685536],[121.312097,23.685533],[121.311997,23.685713],[121.3119,23.685621],[121.311212,23.685704],[121.311216,23.685433],[121.311022,23.685251],[121.311124,23.684981],[121.310829,23.684978],[121.310925,23.685159],[121.310629,23.685337],[121.310525,23.685787],[121.310623,23.685788],[121.310621,23.685969],[121.31091,23.686333],[121.31081,23.686512],[121.311003,23.686695],[121.310706,23.686963],[121.310414,23.686779],[121.310514,23.686599],[121.310319,23.686507],[121.310318,23.686597],[121.310024,23.686594],[121.309826,23.686773],[121.309822,23.687043],[121.309528,23.68704],[121.309527,23.687131],[121.309234,23.687037],[121.309233,23.687127],[121.308939,23.687124],[121.30874,23.687303],[121.308644,23.687211],[121.308447,23.687209],[121.308446,23.687299],[121.307957,23.687204],[121.307759,23.687382],[121.307856,23.687473],[121.30785,23.687925],[121.307655,23.687832],[121.307457,23.688011],[121.307453,23.688282],[121.30716,23.688188],[121.306962,23.688367],[121.306769,23.688094],[121.306377,23.688089],[121.306179,23.688268],[121.306371,23.688541],[121.305883,23.688355],[121.305783,23.688534],[121.305489,23.688531],[121.305191,23.688799],[121.305189,23.688979],[121.304894,23.689066],[121.304892,23.689157],[121.304403,23.689061],[121.304402,23.689151],[121.303912,23.689146],[121.303812,23.689325],[121.303419,23.689321],[121.303119,23.689769],[121.302628,23.689854],[121.302429,23.690123],[121.301938,23.690118],[121.30194,23.690027],[121.301742,23.690116],[121.301743,23.690025],[121.30096,23.689926],[121.300663,23.690194],[121.30066,23.690375],[121.300953,23.690468],[121.301049,23.69065],[121.301245,23.690652],[121.301246,23.690562],[121.301441,23.690654],[121.30154,23.690565],[121.301445,23.690383],[121.30213,23.690481],[121.302227,23.690572],[121.302125,23.690842],[121.30232,23.690935],[121.302315,23.691296],[121.3028,23.691752],[121.302601,23.691931],[121.302209,23.691927],[121.301918,23.691653],[121.301722,23.69165],[121.301524,23.691829],[121.301233,23.691555],[121.300741,23.69173],[121.299947,23.692444],[121.299945,23.692624],[121.300139,23.692807],[121.300238,23.692718],[121.300629,23.692812],[121.300729,23.692633],[121.301024,23.692546],[121.300921,23.692996],[121.300525,23.693263],[121.300717,23.693536],[121.300423,23.693532],[121.300426,23.693352],[121.300037,23.693077],[121.299942,23.692805],[121.299548,23.692981],[121.299354,23.692798],[121.299357,23.692618],[121.29887,23.692341],[121.299169,23.691984],[121.299071,23.691982],[121.299074,23.691712],[121.298783,23.691438],[121.298489,23.691434],[121.298491,23.691344],[121.2981,23.691249],[121.297999,23.691429],[121.297704,23.691516],[121.297699,23.691877],[121.297893,23.69206],[121.297889,23.692331],[121.298083,23.692513],[121.298378,23.692426],[121.298375,23.692697],[121.29857,23.69279],[121.298565,23.693151],[121.298368,23.693239],[121.29856,23.693512],[121.298362,23.69369],[121.298166,23.693688],[121.298064,23.693958],[121.297769,23.694045],[121.297665,23.694495],[121.297366,23.694853],[121.297462,23.695035],[121.297759,23.694858],[121.297756,23.695038],[121.297951,23.695131],[121.297945,23.695582],[121.297747,23.69576],[121.29804,23.695854],[121.298032,23.696486],[121.29813,23.696487],[121.298025,23.697028],[121.298318,23.697121],[121.298419,23.696851],[121.298517,23.696853],[121.299098,23.697401],[121.299096,23.697581],[121.299871,23.698312],[121.29987,23.698402],[121.299577,23.698309],[121.299279,23.698577],[121.299667,23.698942],[121.299866,23.698673],[121.300162,23.698586],[121.300068,23.698224],[121.30036,23.698408],[121.300462,23.698138],[121.301247,23.698056],[121.301346,23.697967],[121.301251,23.697786],[121.301447,23.697788],[121.301843,23.697521],[121.301845,23.697341],[121.302043,23.697162],[121.301949,23.69689],[121.302243,23.696893],[121.302244,23.696803],[121.302537,23.696897],[121.302535,23.697077],[121.301841,23.697611],[121.302132,23.697886],[121.302033,23.697975],[121.302129,23.698156],[121.30193,23.698335],[121.301539,23.69824],[121.301438,23.69851],[121.301632,23.698602],[121.30163,23.698783],[121.301433,23.698871],[121.301431,23.699052]],[[121.302704,23.691571],[121.302803,23.691482],[121.302802,23.691572],[121.302704,23.691571]],[[121.30172,23.691831],[121.301718,23.692012],[121.301522,23.692009],[121.301523,23.691919],[121.30172,23.691831]],[[121.301529,23.699053],[121.301527,23.699143],[121.301429,23.699142],[121.301431,23.699052],[121.301529,23.699053]],[[121.301808,23.70023],[121.30181,23.700049],[121.301908,23.70005],[121.301906,23.700231],[121.301808,23.70023]],[[121.301812,23.699869],[121.301715,23.699777],[121.301813,23.699778],[121.301812,23.699869]],[[121.30094,23.699046],[121.300843,23.698955],[121.300941,23.698956],[121.30094,23.699046]],[[121.300747,23.698864],[121.30065,23.698772],[121.300748,23.698773],[121.300747,23.698864]],[[121.303395,23.698802],[121.303298,23.698711],[121.303396,23.698712],[121.303395,23.698802]],[[121.302618,23.698252],[121.302619,23.698162],[121.302815,23.698164],[121.302814,23.698254],[121.302618,23.698252]],[[121.299781,23.697679],[121.299684,23.697588],[121.299782,23.697589],[121.299781,23.697679]],[[121.29959,23.697316],[121.299689,23.697227],[121.299688,23.697317],[121.29959,23.697316]],[[121.299395,23.697223],[121.299396,23.697133],[121.299102,23.69713],[121.298908,23.696947],[121.299104,23.696949],[121.299105,23.696859],[121.299496,23.696954],[121.299591,23.697226],[121.299395,23.697223]],[[121.299496,23.696954],[121.299596,23.696864],[121.299595,23.696955],[121.299496,23.696954]],[[121.304591,23.69728],[121.304494,23.697189],[121.304593,23.69719],[121.304591,23.69728]],[[121.301554,23.697066],[121.301457,23.696975],[121.301555,23.696976],[121.301554,23.697066]],[[121.304399,23.697007],[121.304302,23.696916],[121.3044,23.696917],[121.304399,23.697007]],[[121.301655,23.696887],[121.301558,23.696796],[121.301656,23.696797],[121.301655,23.696887]],[[121.302246,23.696623],[121.30215,23.696531],[121.302248,23.696532],[121.302246,23.696623]],[[121.302542,23.696536],[121.302445,23.696444],[121.302543,23.696445],[121.302542,23.696536]],[[121.302739,23.696447],[121.302642,23.696356],[121.30274,23.696357],[121.302739,23.696447]],[[121.303134,23.696271],[121.303135,23.696181],[121.303431,23.696003],[121.303429,23.696184],[121.303134,23.696271]],[[121.303431,23.696003],[121.30353,23.695914],[121.303529,23.696005],[121.303431,23.696003]],[[121.302841,23.696178],[121.302744,23.696086],[121.302842,23.696087],[121.302841,23.696178]],[[121.303821,23.696188],[121.303823,23.696008],[121.303921,23.696009],[121.303919,23.696189],[121.303821,23.696188]],[[121.304607,23.696107],[121.30451,23.696015],[121.304608,23.696016],[121.304607,23.696107]],[[121.300393,23.69588],[121.300395,23.695699],[121.300493,23.6957],[121.300491,23.695881],[121.300393,23.69588]],[[121.298828,23.695592],[121.298831,23.695321],[121.298929,23.695322],[121.298926,23.695593],[121.298828,23.695592]],[[121.306083,23.695671],[121.305986,23.69558],[121.306084,23.695581],[121.306083,23.695671]],[[121.29991,23.695333],[121.299813,23.695241],[121.299911,23.695242],[121.29991,23.695333]],[[121.298832,23.695231],[121.298737,23.695049],[121.298934,23.694961],[121.299028,23.695233],[121.298832,23.695231]],[[121.298934,23.694961],[121.299033,23.694872],[121.299032,23.694962],[121.298934,23.694961]],[[121.29815,23.694952],[121.298151,23.694862],[121.298347,23.694864],[121.298346,23.694954],[121.29815,23.694952]],[[121.304625,23.694662],[121.304624,23.694752],[121.305017,23.694666],[121.305117,23.694577],[121.305021,23.694396],[121.305314,23.694489],[121.305616,23.69386],[121.305714,23.693861],[121.30571,23.694222],[121.305611,23.694221],[121.305608,23.694492],[121.30541,23.694671],[121.305213,23.694669],[121.304916,23.694936],[121.304427,23.694841],[121.304429,23.69466],[121.304625,23.694662]],[[121.299623,23.694788],[121.299525,23.694787],[121.29943,23.694515],[121.299724,23.694518],[121.299623,23.694788]],[[121.29943,23.694515],[121.299333,23.694423],[121.299431,23.694425],[121.29943,23.694515]],[[121.298451,23.694414],[121.298748,23.694146],[121.298844,23.694328],[121.298451,23.694414]],[[121.298947,23.693968],[121.29895,23.693697],[121.299247,23.693519],[121.299441,23.693702],[121.299437,23.693973],[121.299239,23.694151],[121.298947,23.693968]],[[121.300811,23.693898],[121.301006,23.69399],[121.301003,23.694171],[121.300808,23.694078],[121.300811,23.693898]],[[121.306499,23.69387],[121.306496,23.69405],[121.306398,23.694049],[121.306302,23.693868],[121.306499,23.69387]],[[121.300519,23.693714],[121.300517,23.693895],[121.300321,23.693892],[121.300322,23.693802],[121.300519,23.693714]],[[121.305813,23.693772],[121.305716,23.693681],[121.305815,23.693682],[121.305813,23.693772]],[[121.299932,23.693617],[121.299933,23.693527],[121.300227,23.69353],[121.300226,23.693621],[121.299932,23.693617]],[[121.307288,23.693517],[121.307191,23.693426],[121.307289,23.693427],[121.307288,23.693517]],[[121.298759,23.693334],[121.298662,23.693242],[121.29876,23.693243],[121.298759,23.693334]],[[121.29886,23.693064],[121.29906,23.692795],[121.299352,23.692979],[121.299152,23.693248],[121.29886,23.693064]],[[121.305824,23.69296],[121.305632,23.692596],[121.305929,23.692419],[121.306412,23.692966],[121.306214,23.693144],[121.30602,23.692962],[121.305824,23.69296]],[[121.300533,23.692631],[121.300436,23.692539],[121.300534,23.69254],[121.300533,23.692631]],[[121.300731,23.692452],[121.300635,23.692361],[121.300733,23.692362],[121.300731,23.692452]],[[121.301125,23.692366],[121.301124,23.692457],[121.300928,23.692454],[121.300929,23.692364],[121.301125,23.692366]],[[121.301125,23.692366],[121.301224,23.692277],[121.301226,23.692096],[121.301422,23.692099],[121.301321,23.692368],[121.301125,23.692366]],[[121.307501,23.692165],[121.307404,23.692074],[121.307502,23.692075],[121.307501,23.692165]],[[121.307601,23.691986],[121.3078,23.691807],[121.307994,23.69199],[121.307796,23.692078],[121.307798,23.691988],[121.307601,23.691986]],[[121.308093,23.691901],[121.308094,23.69181],[121.30829,23.691813],[121.308289,23.691903],[121.308093,23.691901]],[[121.303094,23.691756],[121.302997,23.691664],[121.303095,23.691665],[121.303094,23.691756]],[[121.308685,23.691636],[121.309083,23.691189],[121.309279,23.691191],[121.309179,23.691281],[121.309274,23.691552],[121.309076,23.691731],[121.308682,23.691817],[121.308685,23.691636]],[[121.308389,23.691723],[121.30839,23.691633],[121.308587,23.691635],[121.308585,23.691726],[121.308389,23.691723]],[[121.310059,23.691471],[121.309963,23.691379],[121.310061,23.69138],[121.310059,23.691471]],[[121.308886,23.691187],[121.30879,23.691096],[121.308888,23.691097],[121.308886,23.691187]],[[121.303593,23.691039],[121.303596,23.690858],[121.303694,23.690859],[121.303691,23.69104],[121.303593,23.691039]],[[121.304281,23.690956],[121.304184,23.690865],[121.304282,23.690866],[121.304281,23.690956]],[[121.309579,23.690743],[121.309482,23.690652],[121.30958,23.690653],[121.309579,23.690743]],[[121.310461,23.690753],[121.310364,23.690661],[121.310462,23.690662],[121.310461,23.690753]],[[121.311049,23.690759],[121.310952,23.690668],[121.31105,23.690669],[121.311049,23.690759]],[[121.306344,23.690617],[121.306247,23.690526],[121.306346,23.690527],[121.306344,23.690617]],[[121.309779,23.690384],[121.309679,23.690564],[121.309581,23.690562],[121.309583,23.690382],[121.309779,23.690384]],[[121.310171,23.690388],[121.310075,23.690297],[121.310173,23.690298],[121.310171,23.690388]],[[121.310274,23.690028],[121.30988,23.690205],[121.309786,23.689842],[121.310079,23.689936],[121.310278,23.689757],[121.310274,23.690028]],[[121.310281,23.689487],[121.310476,23.689579],[121.310376,23.689758],[121.310278,23.689757],[121.310281,23.689487]],[[121.310475,23.689669],[121.310572,23.689761],[121.310474,23.68976],[121.310475,23.689669]],[[121.311549,23.690042],[121.311452,23.689951],[121.31155,23.689952],[121.311549,23.690042]],[[121.308022,23.689823],[121.307925,23.689732],[121.308023,23.689733],[121.308022,23.689823]],[[121.309887,23.689663],[121.309986,23.689574],[121.309985,23.689664],[121.309887,23.689663]],[[121.30979,23.689571],[121.309792,23.689391],[121.309989,23.689303],[121.309987,23.689483],[121.30979,23.689571]],[[121.307928,23.689461],[121.30793,23.68928],[121.308127,23.689282],[121.308124,23.689463],[121.307928,23.689461]],[[121.310481,23.689218],[121.310578,23.689309],[121.31048,23.689308],[121.310481,23.689218]],[[121.310579,23.689219],[121.310678,23.68913],[121.310677,23.68922],[121.310579,23.689219]],[[121.310678,23.68913],[121.310777,23.68904],[121.310776,23.689131],[121.310678,23.68913]],[[121.310092,23.688943],[121.31029,23.688764],[121.310287,23.689035],[121.310092,23.688943]],[[121.309994,23.688942],[121.309897,23.68885],[121.309995,23.688851],[121.309994,23.688942]],[[121.311076,23.688683],[121.311176,23.688503],[121.311372,23.688505],[121.311467,23.688777],[121.311172,23.688864],[121.31117,23.688954],[121.311074,23.688863],[121.310878,23.688861],[121.310876,23.688951],[121.310583,23.688858],[121.310586,23.688677],[121.310784,23.688499],[121.311076,23.688683]],[[121.31098,23.688501],[121.310785,23.688408],[121.310788,23.688228],[121.311083,23.688141],[121.311285,23.687692],[121.311383,23.687693],[121.311577,23.687875],[121.311573,23.688146],[121.31128,23.688053],[121.311082,23.688231],[121.311079,23.688412],[121.31098,23.688501]],[[121.311577,23.687875],[121.311676,23.687786],[121.311675,23.687876],[121.311577,23.687875]],[[121.311678,23.687605],[121.311874,23.687608],[121.311873,23.687698],[121.311676,23.687786],[121.311678,23.687605]],[[121.311573,23.688146],[121.31167,23.688238],[121.311572,23.688236],[121.311573,23.688146]],[[121.310194,23.688673],[121.310195,23.688583],[121.310391,23.688585],[121.31039,23.688675],[121.310194,23.688673]],[[121.312744,23.68861],[121.312745,23.68852],[121.312941,23.688522],[121.31294,23.688613],[121.312744,23.68861]],[[121.312549,23.688518],[121.312452,23.688427],[121.31255,23.688428],[121.312549,23.688518]],[[121.310491,23.688405],[121.310492,23.688315],[121.310688,23.688317],[121.310687,23.688407],[121.310491,23.688405]],[[121.31265,23.688248],[121.312553,23.688157],[121.312652,23.688158],[121.31265,23.688248]],[[121.313143,23.688073],[121.312947,23.688071],[121.312754,23.687798],[121.312361,23.687884],[121.312363,23.687703],[121.312462,23.687614],[121.312853,23.687709],[121.312955,23.687439],[121.313053,23.68744],[121.313052,23.68753],[121.313345,23.687624],[121.313143,23.688073]],[[121.313342,23.687804],[121.313439,23.687896],[121.313341,23.687895],[121.313342,23.687804]],[[121.312167,23.687701],[121.31207,23.68761],[121.312168,23.687611],[121.312167,23.687701]],[[121.30962,23.687493],[121.309524,23.687401],[121.309622,23.687402],[121.30962,23.687493]],[[121.312366,23.687523],[121.312269,23.687431],[121.312367,23.687432],[121.312366,23.687523]],[[121.312562,23.687525],[121.312465,23.687433],[121.312563,23.687435],[121.312562,23.687525]],[[121.312664,23.687165],[121.313061,23.686808],[121.313254,23.687081],[121.313055,23.687259],[121.312662,23.687345],[121.312664,23.687165]]],[[[121.29645,23.697462],[121.295964,23.697095],[121.295967,23.696915],[121.296264,23.696647],[121.296559,23.69665],[121.296752,23.696833],[121.296855,23.696473],[121.297051,23.696475],[121.297152,23.696296],[121.297643,23.696211],[121.297546,23.696119],[121.297649,23.695759],[121.297454,23.695667],[121.297553,23.695578],[121.297457,23.695396],[121.297261,23.695394],[121.297161,23.695573],[121.296867,23.69557],[121.296866,23.69566],[121.296671,23.695568],[121.296472,23.695746],[121.295589,23.695827],[121.295489,23.695916],[121.295584,23.696188],[121.295285,23.696546],[121.295089,23.696544],[121.294895,23.696361],[121.294995,23.696272],[121.2949,23.696],[121.294116,23.695991],[121.294115,23.696082],[121.293624,23.696076],[121.293524,23.696256],[121.292838,23.696248],[121.29254,23.696516],[121.292536,23.696787],[121.292339,23.696875],[121.292326,23.697868],[121.292521,23.69796],[121.292422,23.69805],[121.292519,23.698141],[121.292513,23.698592],[121.292806,23.698686],[121.292704,23.698956],[121.293094,23.699141],[121.293091,23.699411],[121.292993,23.69941],[121.293086,23.699773],[121.293477,23.699867],[121.293476,23.699958],[121.293868,23.699962],[121.293867,23.700052],[121.293966,23.699963],[121.29426,23.699966],[121.294259,23.700056],[121.294358,23.699967],[121.294554,23.699969],[121.294553,23.70006],[121.295045,23.699975],[121.29514,23.700156],[121.295239,23.700067],[121.295729,23.700163],[121.295829,23.699983],[121.295635,23.699801],[121.295831,23.699803],[121.29603,23.699624],[121.295935,23.699353],[121.296626,23.698999],[121.296629,23.698818],[121.29653,23.698817],[121.296631,23.698638],[121.29634,23.698364],[121.296144,23.698362],[121.295844,23.69881],[121.295648,23.698808],[121.295649,23.698717],[121.295453,23.698715],[121.295353,23.698895],[121.29506,23.698801],[121.29486,23.69907],[121.294762,23.699069],[121.294669,23.698706],[121.294473,23.698704],[121.294471,23.698795],[121.294277,23.698702],[121.294174,23.699062],[121.293975,23.699241],[121.293782,23.699058],[121.293486,23.699145],[121.293484,23.699325],[121.293678,23.699508],[121.293385,23.699415],[121.293293,23.698962],[121.293783,23.698968],[121.29408,23.6987],[121.293887,23.698517],[121.29389,23.698246],[121.294089,23.698068],[121.294481,23.698072],[121.294878,23.697715],[121.295367,23.697811],[121.295467,23.697632],[121.295663,23.697634],[121.295662,23.697724],[121.295859,23.697636],[121.295955,23.697818],[121.296249,23.697821],[121.29625,23.697731],[121.296545,23.697734],[121.296941,23.697377],[121.296846,23.697195],[121.29645,23.697462]],[[121.294762,23.699069],[121.294663,23.699158],[121.294664,23.699068],[121.294762,23.699069]],[[121.294761,23.699159],[121.294858,23.69925],[121.29476,23.699249],[121.294761,23.699159]],[[121.293678,23.699508],[121.293775,23.6996],[121.293677,23.699599],[121.293678,23.699508]],[[121.293293,23.698962],[121.293196,23.698871],[121.293294,23.698872],[121.293293,23.698962]],[[121.295859,23.697636],[121.295959,23.697547],[121.295957,23.697637],[121.295859,23.697636]],[[121.296352,23.697461],[121.296253,23.69755],[121.296254,23.69746],[121.296352,23.697461]],[[121.294364,23.699516],[121.29456,23.699518],[121.294659,23.699429],[121.294558,23.699699],[121.294264,23.699695],[121.294364,23.699516]],[[121.294855,23.699431],[121.294756,23.69952],[121.294757,23.69943],[121.294855,23.699431]],[[121.294368,23.699245],[121.294268,23.699334],[121.29427,23.699244],[121.294368,23.699245]],[[121.296432,23.698816],[121.296236,23.698814],[121.296238,23.698724],[121.296434,23.698726],[121.296432,23.698816]],[[121.292909,23.698326],[121.292716,23.698053],[121.292914,23.697874],[121.292526,23.697599],[121.292725,23.697331],[121.293017,23.697514],[121.292918,23.697604],[121.293014,23.697785],[121.293407,23.697699],[121.293601,23.697882],[121.293302,23.69824],[121.293107,23.698147],[121.292909,23.698326]],[[121.295276,23.697268],[121.295177,23.697358],[121.295178,23.697267],[121.295276,23.697268]],[[121.293315,23.697247],[121.293119,23.697245],[121.29312,23.697154],[121.293316,23.697156],[121.293315,23.697247]],[[121.294589,23.697261],[121.294491,23.69726],[121.294494,23.697079],[121.294592,23.69708],[121.294589,23.697261]],[[121.294104,23.696894],[121.294005,23.696983],[121.294006,23.696893],[121.294104,23.696894]],[[121.295184,23.696816],[121.295084,23.696905],[121.295086,23.696815],[121.295184,23.696816]],[[121.296368,23.696197],[121.296269,23.696286],[121.29627,23.696196],[121.296368,23.696197]]],[[[121.296835,23.698008],[121.297804,23.698922],[121.2981,23.698744],[121.298197,23.698836],[121.297999,23.699014],[121.298095,23.699196],[121.298491,23.698839],[121.298495,23.698568],[121.298301,23.698385],[121.298402,23.698206],[121.298011,23.698111],[121.298013,23.697931],[121.297819,23.697748],[121.297623,23.697746],[121.297521,23.698015],[121.297325,23.698013],[121.297132,23.697831],[121.296835,23.698008]],[[121.297224,23.698283],[121.297323,23.698194],[121.297322,23.698284],[121.297224,23.698283]]],[[[121.299168,23.699569],[121.299271,23.699209],[121.299077,23.699026],[121.298881,23.699024],[121.298786,23.698842],[121.298588,23.69893],[121.298586,23.699111],[121.298489,23.699019],[121.298292,23.699108],[121.298484,23.699381],[121.298976,23.699296],[121.298877,23.699385],[121.298971,23.699657],[121.299168,23.699569]]],[[[121.29642,23.699809],[121.296421,23.699719],[121.296223,23.699807],[121.296221,23.699988],[121.296415,23.70017],[121.296611,23.700173],[121.296713,23.699903],[121.297007,23.699906],[121.297102,23.700088],[121.297593,23.700093],[121.297693,23.699914],[121.298181,23.7001],[121.298281,23.69992],[121.298378,23.700011],[121.298575,23.699923],[121.29848,23.699742],[121.298184,23.699829],[121.297992,23.699556],[121.297698,23.699553],[121.297311,23.699097],[121.297017,23.699094],[121.296917,23.699273],[121.296721,23.699271],[121.296521,23.69954],[121.296618,23.699631],[121.296815,23.699543],[121.296813,23.699723],[121.29642,23.699809]],[[121.296815,23.699543],[121.296914,23.699454],[121.296913,23.699544],[121.296815,23.699543]]],[[[121.295909,23.701339],[121.296302,23.701343],[121.296405,23.700893],[121.296796,23.700987],[121.296799,23.700807],[121.297093,23.70081],[121.297195,23.70054],[121.297098,23.700449],[121.296607,23.700444],[121.296508,23.700533],[121.296604,23.700714],[121.296407,23.700802],[121.296311,23.700621],[121.296114,23.700709],[121.296115,23.700619],[121.295821,23.700615],[121.295725,23.700434],[121.294646,23.700422],[121.294648,23.700332],[121.294353,23.700328],[121.294355,23.700238],[121.294157,23.700326],[121.293964,23.700143],[121.293667,23.700321],[121.293571,23.700139],[121.293277,23.700136],[121.292987,23.699862],[121.29299,23.699591],[121.292892,23.69959],[121.292877,23.700764],[121.293458,23.701312],[121.293948,23.701317],[121.294044,23.701499],[121.295809,23.701518],[121.295909,23.701339]],[[121.294834,23.701056],[121.294539,23.701143],[121.294541,23.700963],[121.294836,23.700966],[121.294834,23.701056]],[[121.293469,23.700499],[121.293372,23.700408],[121.29347,23.700409],[121.293469,23.700499]]]]}},{"type":"Feature","properties":{"kind":"water","month":"2026-08","area_ha":12.15},"geometry":{"type":"MultiPolygon","coordinates":[[[[121.283393,23.691087],[121.283295,23.691086],[121.283105,23.690632],[121.282713,23.690628],[121.282714,23.690538],[121.282321,23.690624],[121.28232,23.690714],[121.282712,23.690718],[121.282709,23.690899],[121.283002,23.690992],[121.283,23.691173],[121.283196,23.691175],[121.283194,23.691356],[121.28339,23.691358],[121.283393,23.691087]],[[121.283002,23.690992],[121.283102,23.690903],[121.2831,23.690993],[121.283002,23.690992]]],[[[121.283288,23.691628],[121.283385,23.691719],[121.283386,23.691629],[121.283288,23.691628]]],[[[121.283777,23.691723],[121.28368,23.691632],[121.283389,23.691448],[121.283386,23.691629],[121.283484,23.69163],[121.283384,23.691809],[121.283775,23.691904],[121.283777,23.691723]]],[[[121.284455,23.692363],[121.284259,23.692361],[121.284256,23.692632],[121.284451,23.692724],[121.28454,23.693357],[121.284735,23.69345],[121.284934,23.693271],[121.28474,23.693089],[121.284744,23.692818],[121.284547,23.692815],[121.284455,23.692363]],[[121.28474,23.693089],[121.284641,23.693178],[121.284642,23.693087],[121.28474,23.693089]]],[[[121.286764,23.69582],[121.286567,23.695818],[121.286569,23.695727],[121.286274,23.695724],[121.286273,23.695814],[121.286664,23.695909],[121.286759,23.696181],[121.286955,23.696183],[121.286764,23.69582]]],[[[121.288917,23.696115],[121.288817,23.696294],[121.289111,23.696297],[121.289211,23.696118],[121.288917,23.696115]]],[[[121.296556,23.696831],[121.296554,23.697012],[121.296259,23.697099],[121.296354,23.69728],[121.29665,23.697193],[121.296654,23.696832],[121.296556,23.696831]]],[[[121.290375,23.697124],[121.29067,23.697037],[121.290574,23.696855],[121.290868,23.696859],[121.290972,23.696408],[121.290682,23.696134],[121.289995,23.696127],[121.289904,23.695584],[121.289023,23.695484],[121.289021,23.695664],[121.289217,23.695666],[121.289117,23.695846],[121.28892,23.695844],[121.288924,23.695573],[121.288727,23.695661],[121.288724,23.695842],[121.288332,23.695837],[121.288525,23.69611],[121.288623,23.696111],[121.288625,23.695931],[121.289309,23.696119],[121.289306,23.69639],[121.289501,23.696482],[121.2894,23.696662],[121.289595,23.696754],[121.289688,23.697116],[121.29056,23.697939],[121.290558,23.698119],[121.290755,23.698031],[121.29075,23.698392],[121.290652,23.698391],[121.290748,23.698573],[121.290846,23.698574],[121.29085,23.698303],[121.291144,23.698306],[121.291143,23.698397],[121.291534,23.698491],[121.291439,23.698219],[121.291732,23.698313],[121.291643,23.69759],[121.291156,23.697404],[121.29116,23.697042],[121.290963,23.697131],[121.290958,23.697492],[121.290469,23.697396],[121.290375,23.697124]],[[121.291154,23.697494],[121.291153,23.697584],[121.290957,23.697582],[121.290958,23.697492],[121.291154,23.697494]],[[121.291243,23.698217],[121.29134,23.698309],[121.291242,23.698307],[121.291243,23.698217]]],[[[121.296738,23.697917],[121.296641,23.697825],[121.29664,23.697915],[121.296738,23.697917]]],[[[121.29222,23.698499],[121.292222,23.698318],[121.292124,23.698317],[121.292025,23.698406],[121.29212,23.698678],[121.292509,23.698863],[121.292512,23.698683],[121.292316,23.698681],[121.292318,23.6985],[121.29222,23.698499]]],[[[121.291825,23.698675],[121.291729,23.698584],[121.291727,23.698674],[121.291825,23.698675]]],[[[121.293293,23.698962],[121.293196,23.698871],[121.293195,23.698961],[121.293293,23.698962]]],[[[121.292997,23.699049],[121.292801,23.699047],[121.292802,23.698957],[121.292605,23.699045],[121.292606,23.698955],[121.292312,23.698951],[121.292216,23.69877],[121.29202,23.698768],[121.292021,23.698677],[121.291825,23.698675],[121.291823,23.698856],[121.292114,23.69913],[121.292604,23.699135],[121.292895,23.699409],[121.292892,23.69959],[121.293091,23.699411],[121.292997,23.699049]]],[[[121.293487,23.699055],[121.293684,23.699057],[121.293685,23.698967],[121.293293,23.698962],[121.293385,23.699415],[121.293678,23.699508],[121.293484,23.699325],[121.293487,23.699055]]],[[[121.295045,23.699975],[121.29475,23.699972],[121.294749,23.700062],[121.293966,23.699963],[121.293867,23.700052],[121.293868,23.699962],[121.293183,23.699864],[121.293088,23.699592],[121.29299,23.699591],[121.292987,23.699862],[121.293277,23.700136],[121.293571,23.700139],[121.293667,23.700321],[121.293964,23.700143],[121.294157,23.700326],[121.294355,23.700238],[121.294353,23.700328],[121.294648,23.700332],[121.294646,23.700422],[121.295725,23.700434],[121.295821,23.700615],[121.296115,23.700619],[121.296114,23.700709],[121.296213,23.70062],[121.296604,23.700714],[121.296509,23.700442],[121.297294,23.700451],[121.297293,23.700541],[121.29749,23.700453],[121.297587,23.700545],[121.297484,23.700905],[121.297973,23.701],[121.297975,23.70082],[121.297877,23.700819],[121.297982,23.700278],[121.298179,23.70028],[121.29818,23.70019],[121.298571,23.700284],[121.29867,23.700195],[121.298574,23.700014],[121.298868,23.700017],[121.298969,23.699837],[121.299165,23.69984],[121.299168,23.699569],[121.29897,23.699747],[121.298774,23.699745],[121.298976,23.699296],[121.298682,23.699292],[121.29868,23.699383],[121.297995,23.699285],[121.297805,23.698831],[121.297609,23.698829],[121.297514,23.698557],[121.297317,23.698645],[121.297321,23.698374],[121.297125,23.698372],[121.297127,23.698192],[121.296833,23.698189],[121.296836,23.697918],[121.296738,23.697917],[121.296637,23.698186],[121.296341,23.698273],[121.296339,23.698454],[121.296631,23.698638],[121.296722,23.699181],[121.297016,23.699184],[121.297018,23.699003],[121.296823,23.698911],[121.296826,23.69873],[121.297022,23.698732],[121.29702,23.698913],[121.297216,23.698915],[121.297409,23.699098],[121.297407,23.699278],[121.2977,23.699372],[121.297698,23.699553],[121.298189,23.699468],[121.298187,23.699648],[121.298089,23.699647],[121.298184,23.699829],[121.298676,23.699744],[121.298772,23.699926],[121.298477,23.699922],[121.298476,23.700013],[121.298182,23.700009],[121.298181,23.7001],[121.298084,23.700008],[121.297102,23.700088],[121.297007,23.699906],[121.296713,23.699903],[121.296611,23.700173],[121.296415,23.70017],[121.296319,23.699989],[121.295829,23.699983],[121.295827,23.700164],[121.295434,23.70016],[121.295436,23.700069],[121.295042,23.700155],[121.295045,23.699975]],[[121.296023,23.700166],[121.296021,23.700256],[121.295825,23.700254],[121.295827,23.700164],[121.296023,23.700166]],[[121.296216,23.700349],[121.29612,23.700258],[121.296218,23.700259],[121.296216,23.700349]],[[121.296218,23.700259],[121.296317,23.700169],[121.296316,23.70026],[121.296218,23.700259]]],[[[121.293677,23.699599],[121.293776,23.699509],[121.293678,23.699508],[121.293677,23.699599]]],[[[121.301024,23.692546],[121.30063,23.692722],[121.300724,23.692994],[121.300921,23.692996],[121.301024,23.692546]]],[[[121.29774,23.696302],[121.297643,23.696211],[121.297642,23.696301],[121.29774,23.696302]]],[[[121.298032,23.696486],[121.298036,23.696125],[121.297938,23.696124],[121.29774,23.696302],[121.29803,23.696576],[121.297929,23.696846],[121.298126,23.696758],[121.29813,23.696487],[121.298032,23.696486]]],[[[121.299595,23.696955],[121.299498,23.696863],[121.299496,23.696954],[121.299595,23.696955]]],[[[121.299396,23.697133],[121.299493,23.697224],[121.299496,23.696954],[121.299105,23.696859],[121.299102,23.69713],[121.299396,23.697133]]],[[[121.30204,23.697433],[121.302535,23.697077],[121.302537,23.696897],[121.302341,23.696895],[121.302342,23.696804],[121.301949,23.69689],[121.301946,23.697071],[121.302242,23.696984],[121.302239,23.697164],[121.30214,23.697254],[121.301945,23.697161],[121.301943,23.697342],[121.30204,23.697433]]],[[[121.30204,23.697433],[121.301845,23.697341],[121.301843,23.697521],[121.301644,23.6977],[121.30184,23.697702],[121.30204,23.697433]]],[[[121.29792,23.697568],[121.297723,23.697566],[121.297722,23.697656],[121.297527,23.697564],[121.297525,23.697745],[121.297819,23.697748],[121.298013,23.697931],[121.298114,23.697661],[121.297918,23.697659],[121.29792,23.697568]]],[[[121.301446,23.697878],[121.301644,23.6977],[121.301251,23.697786],[121.301348,23.697877],[121.301247,23.698056],[121.301443,23.698059],[121.301446,23.697878]]],[[[121.298209,23.697933],[121.298011,23.698111],[121.298305,23.698114],[121.298209,23.697933]]],[[[121.298497,23.698387],[121.298498,23.698297],[121.298695,23.698299],[121.298697,23.698119],[121.298305,23.698114],[121.298402,23.698206],[121.298301,23.698385],[121.298497,23.698387]]],[[[121.300358,23.698588],[121.300653,23.698501],[121.300754,23.698322],[121.300948,23.698414],[121.300951,23.698234],[121.301147,23.698236],[121.301247,23.698056],[121.300462,23.698138],[121.300359,23.698498],[121.300163,23.698496],[121.300063,23.698676],[121.299866,23.698673],[121.299569,23.698941],[121.299666,23.699032],[121.299564,23.699302],[121.299957,23.699216],[121.299861,23.699125],[121.299862,23.699034],[121.300058,23.699037],[121.299962,23.698855],[121.300158,23.698857],[121.300358,23.698588]]],[[[121.300155,23.699128],[121.300352,23.69904],[121.300354,23.698859],[121.300158,23.698857],[121.300155,23.699128]]],[[[121.29779,23.700005],[121.297693,23.699914],[121.297692,23.700004],[121.29779,23.700005]]],[[[121.298568,23.700465],[121.298764,23.700467],[121.298766,23.700377],[121.298571,23.700284],[121.298568,23.700465]]],[[[121.298664,23.700647],[121.298762,23.700648],[121.29876,23.700828],[121.298858,23.700829],[121.298863,23.700468],[121.298664,23.700647]]],[[[121.313052,23.68753],[121.312955,23.687439],[121.312954,23.687529],[121.313052,23.68753]]],[[[121.31285,23.687979],[121.313143,23.688073],[121.313047,23.687891],[121.313243,23.687893],[121.313345,23.687624],[121.313248,23.687532],[121.313052,23.68753],[121.313048,23.687801],[121.312852,23.687799],[121.31285,23.687979]],[[121.313247,23.687623],[121.313148,23.687712],[121.313149,23.687622],[121.313247,23.687623]]],[[[121.313439,23.687896],[121.313342,23.687804],[121.313341,23.687895],[121.313439,23.687896]]],[[[121.311082,23.688231],[121.311279,23.688143],[121.311383,23.687693],[121.311285,23.687692],[121.311182,23.688052],[121.310788,23.688228],[121.310785,23.688408],[121.310884,23.688319],[121.311079,23.688412],[121.311082,23.688231]]],[[[121.311575,23.687966],[121.311379,23.687963],[121.311377,23.688144],[121.311573,23.688146],[121.311575,23.687966]]],[[[121.31167,23.688238],[121.311573,23.688146],[121.311572,23.688236],[121.31167,23.688238]]],[[[121.313335,23.688346],[121.313239,23.688255],[121.313043,23.688252],[121.313138,23.688434],[121.313529,23.688529],[121.313534,23.688168],[121.313335,23.688346]]],[[[121.310882,23.6885],[121.310981,23.688411],[121.310883,23.68841],[121.310882,23.6885]]],[[[121.310881,23.68859],[121.310784,23.688499],[121.310783,23.688589],[121.310881,23.68859]]],[[[121.313333,23.688527],[121.313235,23.688525],[121.313233,23.688706],[121.313331,23.688707],[121.313333,23.688527]]],[[[121.310684,23.688678],[121.310783,23.688589],[121.310685,23.688588],[121.310684,23.688678]]],[[[121.310879,23.688771],[121.311075,23.688773],[121.311076,23.688683],[121.310978,23.688681],[121.310979,23.688591],[121.310881,23.68859],[121.310879,23.688771]]],[[[121.310684,23.688678],[121.310586,23.688677],[121.310583,23.688858],[121.310681,23.688859],[121.310684,23.688678]]],[[[121.310376,23.689758],[121.310379,23.689488],[121.310281,23.689487],[121.310278,23.689757],[121.310376,23.689758]]],[[[121.310278,23.689757],[121.310079,23.689936],[121.309786,23.689842],[121.30988,23.690205],[121.309978,23.690206],[121.30998,23.690025],[121.310274,23.690028],[121.310278,23.689757]]],[[[121.305611,23.694221],[121.30571,23.694222],[121.305714,23.693861],[121.305616,23.69386],[121.305614,23.694041],[121.305315,23.694399],[121.305311,23.69467],[121.305608,23.694492],[121.305611,23.694221]]]]}}]}