{"type":"FeatureCollection","features":[{"type":"Feature","properties":{"kind":"bare_slide","month":"2026-03","area_ha":463.5},"geometry":{"type":"MultiPolygon","coordinates":[[[[121.296803,23.723111],[121.296801,23.723291],[121.296605,23.723289],[121.296606,23.723199],[121.296409,23.723287],[121.296583,23.725005],[121.296876,23.725098],[121.29697,23.72537],[121.297165,23.725462],[121.297256,23.726005],[121.297549,23.726099],[121.297645,23.72628],[121.298136,23.726196],[121.298232,23.726377],[121.298428,23.726379],[121.298524,23.726561],[121.298326,23.726739],[121.29862,23.726743],[121.298617,23.726923],[121.298717,23.726834],[121.298814,23.726925],[121.299207,23.726839],[121.299311,23.726389],[121.299409,23.72639],[121.299313,23.726209],[121.299116,23.726297],[121.299218,23.726027],[121.299508,23.726301],[121.30039,23.726401],[121.300582,23.726674],[121.300778,23.726676],[121.300879,23.726497],[121.301369,23.726502],[121.301568,23.726324],[121.301572,23.725962],[121.301963,23.726057],[121.302165,23.725608],[121.302359,23.72579],[121.302557,23.725702],[121.302464,23.72525],[121.302663,23.725071],[121.302859,23.725074],[121.302958,23.724984],[121.302864,23.724712],[121.303158,23.724716],[121.303258,23.724536],[121.303646,23.724902],[121.303738,23.725354],[121.303835,23.725445],[121.30413,23.725358],[121.304127,23.725629],[121.304419,23.725813],[121.304412,23.726355],[121.304509,23.726446],[121.304805,23.726269],[121.304809,23.725998],[121.304711,23.725997],[121.30452,23.725543],[121.304619,23.725454],[121.305011,23.725549],[121.305209,23.72537],[121.305113,23.725189],[121.304427,23.725181],[121.304137,23.724817],[121.303941,23.724815],[121.303943,23.724634],[121.303749,23.724542],[121.303752,23.724271],[121.303461,23.723997],[121.303265,23.723994],[121.303761,23.723548],[121.303958,23.723551],[121.304059,23.723281],[121.304157,23.723282],[121.303963,23.723099],[121.303966,23.722919],[121.303673,23.722825],[121.303674,23.722735],[121.304165,23.72265],[121.304554,23.722925],[121.304848,23.722928],[121.304849,23.722838],[121.305243,23.722752],[121.305149,23.72239],[121.304758,23.722295],[121.304663,23.722113],[121.304464,23.722292],[121.303287,23.722279],[121.303095,23.722006],[121.302704,23.721911],[121.302615,23.721188],[121.302517,23.721187],[121.302624,23.720466],[121.302526,23.720465],[121.302439,23.719651],[121.302636,23.719563],[121.302739,23.719203],[121.303033,23.719206],[121.303332,23.718848],[121.303528,23.71885],[121.303726,23.718672],[121.303828,23.718402],[121.304024,23.718404],[121.304421,23.718047],[121.304714,23.718141],[121.30461,23.718591],[121.3049,23.718956],[121.304896,23.719226],[121.305385,23.719322],[121.305488,23.718962],[121.305196,23.718778],[121.305104,23.718326],[121.305301,23.718238],[121.305495,23.71842],[121.305693,23.718242],[121.3056,23.71788],[121.305796,23.717882],[121.305794,23.718062],[121.305988,23.718245],[121.305983,23.718606],[121.306081,23.718607],[121.306176,23.718879],[121.305878,23.719147],[121.305682,23.719145],[121.305581,23.719324],[121.305775,23.719507],[121.306069,23.71951],[121.306163,23.719872],[121.306261,23.719874],[121.306268,23.719332],[121.306465,23.719244],[121.306274,23.71888],[121.30647,23.718883],[121.306668,23.718704],[121.306575,23.718342],[121.307269,23.717717],[121.307858,23.717724],[121.307955,23.717815],[121.308154,23.717546],[121.307762,23.717542],[121.307763,23.717452],[121.307372,23.717357],[121.307276,23.717176],[121.307079,23.717264],[121.30708,23.717174],[121.306884,23.717171],[121.306788,23.71699],[121.306494,23.716987],[121.306495,23.716896],[121.306396,23.716985],[121.306005,23.716891],[121.30601,23.71653],[121.306108,23.716531],[121.306211,23.716171],[121.306408,23.716083],[121.30641,23.715902],[121.306801,23.715997],[121.307,23.715818],[121.307002,23.715638],[121.307494,23.715553],[121.307497,23.715282],[121.307595,23.715283],[121.307698,23.714923],[121.307309,23.714648],[121.307315,23.714196],[121.307708,23.71411],[121.307709,23.71402],[121.308004,23.714023],[121.308301,23.713756],[121.308304,23.713575],[121.308014,23.713211],[121.308312,23.712943],[121.308615,23.712224],[121.309108,23.712049],[121.309109,23.711958],[121.309206,23.71205],[121.309697,23.711965],[121.309699,23.711874],[121.309894,23.711967],[121.309996,23.711607],[121.310094,23.711608],[121.310004,23.710975],[121.309516,23.710789],[121.309226,23.710515],[121.309228,23.710334],[121.309625,23.709977],[121.309528,23.709886],[121.309628,23.709707],[121.309434,23.709614],[121.309436,23.709434],[121.309534,23.709435],[121.309537,23.709164],[121.309439,23.709163],[121.309541,23.708893],[121.309444,23.708802],[121.30974,23.708624],[121.309843,23.708264],[121.309745,23.708263],[121.309651,23.707991],[121.309159,23.708076],[121.30877,23.707801],[121.308875,23.70726],[121.309073,23.707172],[121.309076,23.706901],[121.309174,23.706902],[121.309179,23.706541],[121.308789,23.706356],[121.308699,23.705723],[121.308407,23.705539],[121.308316,23.704997],[121.308024,23.704813],[121.308028,23.704542],[121.30793,23.704541],[121.308029,23.704452],[121.307932,23.70436],[121.308036,23.70391],[121.308134,23.703911],[121.308138,23.70364],[121.308236,23.703641],[121.308042,23.703459],[121.308141,23.703369],[121.308149,23.702737],[121.308051,23.702736],[121.308055,23.702465],[121.307957,23.702464],[121.307967,23.701652],[121.308065,23.701653],[121.308067,23.701472],[121.307969,23.701471],[121.307973,23.7012],[121.308071,23.701201],[121.308081,23.700389],[121.307983,23.700388],[121.307986,23.700207],[121.308084,23.700208],[121.308088,23.699847],[121.308186,23.699848],[121.30819,23.699577],[121.308288,23.699578],[121.308095,23.699305],[121.308292,23.699307],[121.308484,23.69958],[121.308782,23.699313],[121.308587,23.69922],[121.308595,23.698588],[121.308694,23.698499],[121.308596,23.698498],[121.308503,23.698136],[121.308308,23.698043],[121.308309,23.697953],[121.308604,23.697866],[121.30871,23.697235],[121.308226,23.696778],[121.307736,23.696773],[121.307934,23.696595],[121.307937,23.696414],[121.308134,23.696326],[121.308238,23.695876],[121.308435,23.695787],[121.308338,23.695696],[121.308437,23.695607],[121.308345,23.695154],[121.308151,23.694972],[121.308253,23.694702],[121.307866,23.694246],[121.307377,23.69415],[121.306981,23.694507],[121.306968,23.6955],[121.307163,23.695593],[121.306964,23.695771],[121.306955,23.696494],[121.306856,23.696583],[121.306267,23.696576],[121.306167,23.696756],[121.305481,23.696748],[121.304191,23.697908],[121.304185,23.69836],[121.303988,23.698448],[121.303982,23.698899],[121.303785,23.698987],[121.303781,23.699258],[121.303584,23.699346],[121.303579,23.699707],[121.302985,23.700152],[121.302972,23.701146],[121.302675,23.701413],[121.302086,23.701407],[121.301986,23.701586],[121.299927,23.701564],[121.299926,23.701654],[121.299535,23.701559],[121.299434,23.701739],[121.299238,23.701737],[121.298941,23.702004],[121.298846,23.701732],[121.299043,23.701644],[121.299047,23.701373],[121.298753,23.70137],[121.298657,23.701188],[121.297873,23.70118],[121.297575,23.701447],[121.297182,23.701533],[121.297081,23.701713],[121.296885,23.701711],[121.296588,23.701978],[121.296095,23.702154],[121.29628,23.702968],[121.296182,23.702967],[121.296179,23.703238],[121.295982,23.703326],[121.295979,23.703507],[121.296272,23.7036],[121.296171,23.70387],[121.296366,23.703963],[121.296363,23.704143],[121.296167,23.704141],[121.295969,23.704319],[121.295966,23.7045],[121.295868,23.704499],[121.295964,23.70468],[121.295767,23.704769],[121.295664,23.705129],[121.295467,23.705217],[121.295564,23.705308],[121.29556,23.705579],[121.295462,23.705578],[121.295554,23.70603],[121.295259,23.706117],[121.295353,23.706389],[121.295058,23.706476],[121.294954,23.706927],[121.294465,23.706831],[121.294763,23.706564],[121.294667,23.706382],[121.294373,23.706379],[121.294179,23.706196],[121.293588,23.70637],[121.293585,23.706641],[121.293683,23.706642],[121.293776,23.707004],[121.293974,23.706916],[121.29388,23.706554],[121.294272,23.706558],[121.29427,23.706739],[121.294368,23.70674],[121.294267,23.70701],[121.294755,23.707196],[121.294652,23.707556],[121.294356,23.707643],[121.294255,23.707912],[121.294157,23.707911],[121.294254,23.708003],[121.294144,23.708904],[121.293751,23.70899],[121.293453,23.709258],[121.29345,23.709439],[121.292856,23.709884],[121.29275,23.710514],[121.292156,23.710959],[121.292053,23.711319],[121.291757,23.711497],[121.291753,23.711768],[121.291456,23.711945],[121.291454,23.712126],[121.29086,23.71257],[121.290858,23.712751],[121.290659,23.712929],[121.290168,23.713014],[121.290163,23.713375],[121.289964,23.713554],[121.289768,23.713552],[121.289668,23.713731],[121.289571,23.71364],[121.289374,23.713728],[121.289371,23.713909],[121.289174,23.713997],[121.289171,23.714267],[121.288974,23.714265],[121.288776,23.714444],[121.288774,23.714624],[121.288577,23.714622],[121.288483,23.71435],[121.287797,23.714343],[121.287798,23.714252],[121.287602,23.71425],[121.287603,23.71416],[121.287407,23.714158],[121.287018,23.713882],[121.28672,23.71415],[121.286815,23.714422],[121.286226,23.714415],[121.286225,23.714506],[121.28593,23.714593],[121.286024,23.714865],[121.286319,23.714868],[121.286216,23.715228],[121.285918,23.715496],[121.285427,23.715581],[121.285227,23.715849],[121.284734,23.716024],[121.284632,23.716384],[121.284339,23.716291],[121.284238,23.71647],[121.283945,23.716377],[121.283646,23.716735],[121.283157,23.716639],[121.283156,23.716729],[121.282664,23.716814],[121.282758,23.717176],[121.282953,23.717269],[121.28295,23.717449],[121.282654,23.717627],[121.282944,23.717901],[121.282842,23.718261],[121.282549,23.718167],[121.28235,23.718346],[121.282348,23.718526],[121.281955,23.718522],[121.281954,23.718612],[121.281561,23.718698],[121.281361,23.718967],[121.281264,23.718875],[121.280676,23.718869],[121.280377,23.719227],[121.28028,23.719135],[121.279887,23.719221],[121.279791,23.71904],[121.279298,23.719215],[121.279394,23.719396],[121.279687,23.71949],[121.279587,23.719669],[121.279979,23.719674],[121.279977,23.719854],[121.280271,23.719858],[121.280175,23.719676],[121.280371,23.719678],[121.280372,23.719588],[121.280861,23.719684],[121.280863,23.719593],[121.280961,23.719594],[121.281061,23.719415],[121.281257,23.719417],[121.281556,23.719059],[121.281654,23.71906],[121.281652,23.719241],[121.281554,23.71924],[121.281649,23.719421],[121.281848,23.719243],[121.282044,23.719245],[121.282237,23.719518],[121.282433,23.71952],[121.282434,23.71943],[121.282727,23.719524],[121.282826,23.719435],[121.282732,23.719163],[121.282929,23.719074],[121.282931,23.718894],[121.282835,23.718803],[121.282637,23.718891],[121.28264,23.71871],[121.283227,23.718807],[121.283125,23.719077],[121.283319,23.719259],[121.28322,23.719349],[121.283025,23.719256],[121.282922,23.719616],[121.283116,23.719799],[121.283411,23.719712],[121.283702,23.719986],[121.283404,23.720254],[121.283598,23.720436],[121.283794,23.720439],[121.283791,23.720619],[121.283693,23.720618],[121.283789,23.7208],[121.284084,23.720713],[121.284374,23.721077],[121.284669,23.72099],[121.284863,23.721173],[121.284861,23.721353],[121.284563,23.721621],[121.284561,23.721802],[121.284363,23.72189],[121.284361,23.72207],[121.284162,23.722249],[121.283966,23.722246],[121.283968,23.722156],[121.283672,23.722243],[121.283767,23.722515],[121.28396,23.722698],[121.284157,23.7227],[121.284251,23.722972],[121.28533,23.722984],[121.285234,23.722802],[121.285531,23.722625],[121.285724,23.722808],[121.285526,23.722986],[121.285524,23.723167],[121.28572,23.723169],[121.285717,23.723349],[121.286209,23.723265],[121.286015,23.723082],[121.286019,23.722811],[121.285727,23.722627],[121.285925,23.722449],[121.285928,23.722268],[121.286024,23.72236],[121.286222,23.722271],[121.286029,23.721998],[121.286227,23.72191],[121.28642,23.722093],[121.286619,23.721915],[121.286524,23.721643],[121.28672,23.721645],[121.286722,23.721555],[121.287113,23.721649],[121.287311,23.721471],[121.28722,23.720928],[121.287419,23.72075],[121.287909,23.720755],[121.288009,23.720576],[121.288205,23.720578],[121.288399,23.72076],[121.288396,23.721031],[121.288686,23.721305],[121.288883,23.721308],[121.289181,23.72095],[121.289476,23.720953],[121.289973,23.720417],[121.290169,23.720419],[121.290368,23.72024],[121.290265,23.720601],[121.290363,23.720602],[121.290359,23.720872],[121.290652,23.720966],[121.290651,23.721056],[121.290553,23.721055],[121.290547,23.721507],[121.290052,23.721862],[121.29005,23.722043],[121.290534,23.7225],[121.29083,23.722413],[121.290728,23.722682],[121.291119,23.722777],[121.291312,23.72305],[121.291999,23.722967],[121.292102,23.722607],[121.2922,23.722608],[121.292198,23.722789],[121.292585,23.723155],[121.292685,23.723065],[121.29288,23.723158],[121.292979,23.723069],[121.292887,23.722616],[121.293183,23.722439],[121.29318,23.72271],[121.293375,23.722802],[121.293469,23.723074],[121.293665,23.723076],[121.293662,23.723347],[121.293856,23.72353],[121.293851,23.723891],[121.293753,23.72389],[121.293845,23.724342],[121.293747,23.724341],[121.293743,23.724612],[121.293546,23.7247],[121.293541,23.725061],[121.293344,23.725149],[121.293346,23.724969],[121.293151,23.724876],[121.29305,23.725146],[121.292952,23.725145],[121.292949,23.725326],[121.293048,23.725327],[121.293141,23.725689],[121.293336,23.725781],[121.293429,23.726144],[121.293235,23.725961],[121.293039,23.725959],[121.293038,23.726049],[121.292745,23.725956],[121.292844,23.725866],[121.29275,23.725594],[121.292652,23.725593],[121.292754,23.725233],[121.292463,23.725049],[121.292264,23.725228],[121.292356,23.72568],[121.292063,23.725587],[121.291864,23.725856],[121.29147,23.725941],[121.291562,23.726394],[121.292249,23.726402],[121.29225,23.726311],[121.292054,23.726309],[121.292056,23.726129],[121.292252,23.726131],[121.292347,23.726403],[121.293525,23.726325],[121.293527,23.726145],[121.29392,23.726149],[121.293922,23.725969],[121.29451,23.725975],[121.294513,23.725794],[121.294905,23.725799],[121.294903,23.725979],[121.295491,23.725986],[121.295489,23.726166],[121.295587,23.726167],[121.295688,23.725898],[121.29559,23.725897],[121.295499,23.725354],[121.295402,23.725262],[121.295009,23.725348],[121.294913,23.725167],[121.294617,23.725344],[121.294522,23.725072],[121.294621,23.724983],[121.295012,23.725078],[121.295211,23.724899],[121.295416,23.724179],[121.295514,23.72418],[121.295418,23.724089],[121.295519,23.723819],[121.295714,23.723911],[121.295615,23.724001],[121.295711,23.724182],[121.295908,23.724094],[121.295811,23.724003],[121.29591,23.723914],[121.295817,23.723551],[121.296014,23.723463],[121.295925,23.72274],[121.296123,23.722652],[121.296125,23.722471],[121.296416,23.722745],[121.296613,23.722657],[121.296705,23.72311],[121.296803,23.723111]],[[121.302165,23.725608],[121.302069,23.725516],[121.302167,23.725517],[121.302165,23.725608]],[[121.305301,23.718238],[121.3054,23.718148],[121.305399,23.718239],[121.305301,23.718238]],[[121.303579,23.699707],[121.303777,23.699619],[121.303774,23.6998],[121.303577,23.699888],[121.303579,23.699707]],[[121.303577,23.699888],[121.303478,23.699977],[121.303479,23.699887],[121.303577,23.699888]],[[121.286815,23.714422],[121.286914,23.714333],[121.287209,23.714246],[121.287304,23.714518],[121.287105,23.714696],[121.287299,23.714879],[121.287791,23.714794],[121.287788,23.714975],[121.287689,23.715064],[121.287004,23.714966],[121.28681,23.714783],[121.286909,23.714694],[121.286815,23.714422]],[[121.28473,23.716385],[121.284923,23.716568],[121.284824,23.716657],[121.284916,23.71711],[121.284719,23.717198],[121.284715,23.717469],[121.284812,23.71756],[121.285206,23.717474],[121.285007,23.717653],[121.2852,23.717926],[121.285002,23.718014],[121.284907,23.717832],[121.284711,23.71783],[121.284512,23.718008],[121.284607,23.71828],[121.284408,23.718459],[121.284115,23.718365],[121.283719,23.718632],[121.283526,23.718449],[121.283529,23.718178],[121.283728,23.718],[121.283633,23.717728],[121.283829,23.71773],[121.28383,23.71764],[121.284027,23.717642],[121.284122,23.717824],[121.28432,23.717735],[121.284225,23.717463],[121.284621,23.717197],[121.284623,23.717016],[121.284333,23.716742],[121.28473,23.716385]],[[121.284904,23.718013],[121.285292,23.718378],[121.285192,23.718558],[121.284803,23.718283],[121.284805,23.718102],[121.284904,23.718013]],[[121.285192,23.718558],[121.285386,23.71865],[121.285383,23.718921],[121.285188,23.718829],[121.285192,23.718558]],[[121.283719,23.718632],[121.28362,23.718721],[121.283621,23.718631],[121.283719,23.718632]],[[121.28362,23.718721],[121.283814,23.718904],[121.283812,23.719084],[121.283416,23.719351],[121.283418,23.71917],[121.283516,23.719171],[121.283424,23.718719],[121.28362,23.718721]],[[121.280475,23.719228],[121.280473,23.719408],[121.280375,23.719407],[121.280377,23.719227],[121.280475,23.719228]],[[121.280962,23.719504],[121.280865,23.719413],[121.280963,23.719414],[121.280962,23.719504]],[[121.281457,23.719148],[121.28136,23.719057],[121.281458,23.719058],[121.281457,23.719148]],[[121.283227,23.718807],[121.283326,23.718718],[121.283325,23.718808],[121.283227,23.718807]],[[121.283701,23.720076],[121.283797,23.720168],[121.283699,23.720167],[121.283701,23.720076]],[[121.285928,23.722268],[121.285831,23.722177],[121.285929,23.722178],[121.285928,23.722268]],[[121.285831,23.722177],[121.285734,23.722085],[121.285832,23.722087],[121.285831,23.722177]],[[121.286229,23.72173],[121.286327,23.721731],[121.286325,23.721911],[121.286227,23.72191],[121.286229,23.72173]],[[121.290652,23.720966],[121.290752,23.720877],[121.29075,23.720967],[121.290652,23.720966]],[[121.293341,23.72542],[121.293242,23.725419],[121.293246,23.725148],[121.293344,23.725149],[121.293341,23.72542]],[[121.294614,23.725525],[121.294712,23.725526],[121.29471,23.725706],[121.294514,23.725704],[121.294419,23.725432],[121.294617,23.725344],[121.294614,23.725525]],[[121.29442,23.725342],[121.29432,23.725521],[121.293929,23.725427],[121.29373,23.725605],[121.293728,23.725786],[121.293826,23.725787],[121.293823,23.726058],[121.293725,23.726057],[121.293534,23.725603],[121.293832,23.725335],[121.293638,23.725153],[121.293738,23.725064],[121.293934,23.725066],[121.294029,23.725247],[121.294325,23.72516],[121.294322,23.725341],[121.29442,23.725342]],[[121.294325,23.72516],[121.294424,23.725071],[121.294423,23.725161],[121.294325,23.72516]],[[121.294228,23.725069],[121.29423,23.724888],[121.294328,23.724889],[121.294326,23.72507],[121.294228,23.725069]],[[121.296615,23.722477],[121.296517,23.722475],[121.296521,23.722205],[121.296619,23.722206],[121.296714,23.722478],[121.296911,23.72239],[121.296914,23.722119],[121.296816,23.722118],[121.296821,23.721756],[121.296919,23.721758],[121.297009,23.722391],[121.297396,23.722756],[121.297199,23.722844],[121.296908,23.72257],[121.296613,23.722657],[121.296615,23.722477]],[[121.296821,23.721756],[121.296626,23.721664],[121.296523,23.722024],[121.296327,23.722022],[121.296438,23.72103],[121.296536,23.721031],[121.296531,23.721392],[121.296823,23.721576],[121.296821,23.721756]],[[121.297297,23.722845],[121.297492,23.722938],[121.29749,23.723118],[121.297295,23.723026],[121.297297,23.722845]],[[121.298816,23.726745],[121.298719,23.726653],[121.298817,23.726655],[121.298816,23.726745]],[[121.298828,23.725842],[121.298922,23.726114],[121.29902,23.726115],[121.298919,23.726385],[121.298724,23.726292],[121.29873,23.725841],[121.298828,23.725842]],[[121.297848,23.725741],[121.297751,23.72565],[121.297554,23.725738],[121.297556,23.725557],[121.297361,23.725465],[121.297364,23.725284],[121.297659,23.725197],[121.297661,23.725016],[121.297563,23.725015],[121.297664,23.724836],[121.297469,23.724743],[121.297667,23.724565],[121.29767,23.724384],[121.297863,23.724567],[121.297764,23.724656],[121.297756,23.725288],[121.297853,23.72538],[121.298246,23.725294],[121.298147,23.725383],[121.298145,23.725564],[121.298243,23.725565],[121.298143,23.725654],[121.298138,23.726105],[121.297845,23.726012],[121.297848,23.725741]],[[121.30108,23.726138],[121.300983,23.726046],[121.301081,23.726047],[121.30108,23.726138]],[[121.292451,23.725952],[121.292354,23.725861],[121.292452,23.725862],[121.292451,23.725952]],[[121.295298,23.725713],[121.295002,23.72589],[121.295004,23.72571],[121.295298,23.725713]],[[121.295004,23.72571],[121.294907,23.725618],[121.295005,23.725619],[121.295004,23.72571]],[[121.298732,23.72566],[121.298635,23.725569],[121.298733,23.72557],[121.298732,23.72566]],[[121.301186,23.725507],[121.301184,23.725687],[121.300889,23.725684],[121.30099,23.725505],[121.301186,23.725507]],[[121.300596,23.725591],[121.300499,23.725499],[121.300598,23.7255],[121.300596,23.725591]],[[121.301778,23.725242],[121.301777,23.725333],[121.30148,23.72551],[121.301482,23.725329],[121.301778,23.725242]],[[121.29962,23.725219],[121.299623,23.725038],[121.299721,23.725039],[121.299718,23.72522],[121.29962,23.725219]],[[121.300899,23.724962],[121.300898,23.725052],[121.301095,23.724964],[121.301093,23.725144],[121.300601,23.725229],[121.300603,23.725049],[121.300899,23.724962]],[[121.297271,23.724832],[121.297465,23.725014],[121.297269,23.725012],[121.297271,23.724832]],[[121.301689,23.724519],[121.301792,23.724159],[121.301988,23.724161],[121.301987,23.724251],[121.302478,23.724166],[121.30237,23.724978],[121.301783,23.724881],[121.301682,23.725061],[121.301486,23.725059],[121.301585,23.724969],[121.301591,23.724518],[121.301689,23.724519]],[[121.294036,23.724706],[121.294138,23.724436],[121.294335,23.724348],[121.294429,23.72471],[121.294133,23.724797],[121.294036,23.724706]],[[121.297075,23.724829],[121.296978,23.724738],[121.297076,23.724739],[121.297075,23.724829]],[[121.3009,23.724871],[121.300803,23.72478],[121.300901,23.724781],[121.3009,23.724871]],[[121.296789,23.724194],[121.296886,23.724286],[121.297082,23.724288],[121.297084,23.724197],[121.297278,23.72429],[121.297078,23.724649],[121.296882,23.724647],[121.296884,23.724466],[121.296786,23.724465],[121.296789,23.724194]],[[121.297867,23.724296],[121.297869,23.724116],[121.298161,23.7243],[121.298156,23.724661],[121.298058,23.72466],[121.298062,23.724389],[121.297867,23.724296]],[[121.299725,23.724678],[121.29953,23.724586],[121.299532,23.724495],[121.299728,23.724497],[121.299725,23.724678]],[[121.299532,23.724495],[121.299435,23.724404],[121.299533,23.724405],[121.299532,23.724495]],[[121.297473,23.724382],[121.297377,23.724291],[121.297475,23.724292],[121.297473,23.724382]],[[121.294436,23.724168],[121.294438,23.723988],[121.294536,23.723989],[121.294534,23.724169],[121.294436,23.724168]],[[121.294731,23.724081],[121.294733,23.723901],[121.294832,23.723902],[121.294829,23.724082],[121.294731,23.724081]],[[121.296889,23.724105],[121.296792,23.724014],[121.29689,23.724015],[121.296889,23.724105]],[[121.297283,23.723929],[121.297381,23.72393],[121.297379,23.72411],[121.297281,23.724109],[121.297283,23.723929]],[[121.297185,23.723928],[121.297187,23.723747],[121.297286,23.723748],[121.297283,23.723929],[121.297185,23.723928]],[[121.29934,23.724132],[121.299243,23.724041],[121.299341,23.724042],[121.29934,23.724132]],[[121.301302,23.724153],[121.301205,23.724062],[121.301303,23.724063],[121.301302,23.724153]],[[121.29797,23.723936],[121.297873,23.723845],[121.297971,23.723846],[121.29797,23.723936]],[[121.298558,23.723943],[121.298563,23.723582],[121.298661,23.723583],[121.298656,23.723944],[121.298558,23.723943]],[[121.294931,23.723812],[121.294834,23.723721],[121.294932,23.723722],[121.294931,23.723812]],[[121.296696,23.723832],[121.296599,23.723741],[121.296697,23.723742],[121.296696,23.723832]],[[121.29699,23.723835],[121.296893,23.723744],[121.296991,23.723745],[121.29699,23.723835]],[[121.29562,23.723639],[121.295523,23.723548],[121.295621,23.723549],[121.29562,23.723639]],[[121.297876,23.723574],[121.297973,23.723665],[121.297777,23.723663],[121.297783,23.723212],[121.297881,23.723213],[121.297876,23.723574]],[[121.297092,23.723565],[121.296995,23.723474],[121.297093,23.723475],[121.297092,23.723565]],[[121.294152,23.723352],[121.293959,23.723079],[121.294157,23.722991],[121.294152,23.723352]],[[121.294157,23.722991],[121.294256,23.722902],[121.294255,23.722992],[121.294157,23.722991]],[[121.294839,23.72336],[121.294644,23.723268],[121.294646,23.723087],[121.294841,23.723179],[121.294839,23.72336]],[[121.294744,23.723088],[121.294843,23.722999],[121.294842,23.723089],[121.294744,23.723088]],[[121.294937,23.723361],[121.294939,23.72318],[121.295037,23.723182],[121.295035,23.723362],[121.294937,23.723361]],[[121.295429,23.723186],[121.295332,23.723095],[121.29543,23.723096],[121.295429,23.723186]],[[121.301809,23.722805],[121.301912,23.722445],[121.30221,23.722177],[121.302503,23.72227],[121.302596,23.722633],[121.302794,23.722544],[121.302797,23.722274],[121.302992,23.722366],[121.302893,23.722455],[121.302984,23.722998],[121.302496,23.722812],[121.302197,23.72317],[121.301804,23.723256],[121.301807,23.722985],[121.301709,23.722984],[121.301711,23.722804],[121.301809,23.722805]],[[121.297882,23.723123],[121.297589,23.723029],[121.297689,23.72285],[121.297495,23.722757],[121.297497,23.722577],[121.297983,23.722943],[121.297882,23.723123]],[[121.297983,23.722943],[121.298082,23.722854],[121.298081,23.722944],[121.297983,23.722943]],[[121.284645,23.722886],[121.284548,23.722795],[121.284646,23.722796],[121.284645,23.722886]],[[121.292786,23.722796],[121.292689,23.722704],[121.292787,23.722705],[121.292786,23.722796]],[[121.285141,23.72244],[121.285138,23.722621],[121.28504,23.72262],[121.285043,23.722439],[121.285141,23.72244]],[[121.285239,23.722441],[121.284947,23.722257],[121.284757,23.721804],[121.285244,23.72208],[121.285239,23.722441]],[[121.284355,23.722522],[121.284258,23.72243],[121.284356,23.722431],[121.284355,23.722522]],[[121.29122,23.722598],[121.291123,23.722506],[121.291221,23.722507],[121.29122,23.722598]],[[121.292015,23.721794],[121.292114,23.721705],[121.292018,23.721523],[121.291919,23.721612],[121.291626,23.721519],[121.291526,23.721698],[121.291329,23.721696],[121.291137,23.721423],[121.290941,23.721421],[121.29104,23.721331],[121.290947,23.720969],[121.291145,23.720791],[121.291341,23.720793],[121.29134,23.720883],[121.29193,23.720799],[121.292413,23.721347],[121.29261,23.721259],[121.292996,23.721714],[121.292894,23.722074],[121.292299,23.722519],[121.292201,23.722518],[121.292113,23.721795],[121.292015,23.721794]],[[121.294555,23.722544],[121.294556,23.722454],[121.294752,23.722456],[121.294751,23.722546],[121.294555,23.722544]],[[121.29583,23.722558],[121.295832,23.722378],[121.29593,23.722379],[121.295928,23.722559],[121.29583,23.722558]],[[121.294953,23.722097],[121.29515,23.722009],[121.295146,23.72237],[121.294951,23.722278],[121.294953,23.722097]],[[121.294855,23.722096],[121.294853,23.722277],[121.294755,23.722275],[121.294659,23.722094],[121.294855,23.722096]],[[121.294069,23.722178],[121.293972,23.722086],[121.29407,23.722087],[121.294069,23.722178]],[[121.28554,23.721903],[121.285542,23.721722],[121.285739,23.721724],[121.285737,23.721815],[121.28554,23.721903]],[[121.285739,23.721724],[121.285838,23.721635],[121.285837,23.721725],[121.285739,23.721724]],[[121.285837,23.721725],[121.285934,23.721817],[121.285835,23.721816],[121.285837,23.721725]],[[121.291032,23.721963],[121.291034,23.721783],[121.29123,23.721785],[121.291228,23.721966],[121.291032,23.721963]],[[121.293388,23.721809],[121.293097,23.721535],[121.293393,23.721357],[121.293484,23.7219],[121.293288,23.721898],[121.293388,23.721809]],[[121.284958,23.721445],[121.285057,23.721356],[121.285253,23.721358],[121.285349,23.721539],[121.285052,23.721717],[121.284955,23.721625],[121.284958,23.721445]],[[121.291917,23.721793],[121.29182,23.721701],[121.291918,23.721702],[121.291917,23.721793]],[[121.294861,23.721645],[121.294859,23.721825],[121.29476,23.721824],[121.294665,23.721642],[121.294861,23.721645]],[[121.285448,23.72145],[121.285545,23.721542],[121.285447,23.72154],[121.285448,23.72145]],[[121.285548,23.721271],[121.285845,23.721093],[121.285938,23.721456],[121.285741,23.721544],[121.285742,23.721453],[121.285546,23.721451],[121.285548,23.721271]],[[121.285938,23.721456],[121.286035,23.721547],[121.285937,23.721546],[121.285938,23.721456]],[[121.295449,23.721651],[121.295453,23.72138],[121.295551,23.721381],[121.295547,23.721652],[121.295449,23.721651]],[[121.285851,23.720642],[121.285947,23.720824],[121.286046,23.720734],[121.286241,23.720827],[121.286237,23.721098],[121.286335,23.721099],[121.28643,23.721371],[121.286039,23.721276],[121.286041,23.721096],[121.286139,23.721097],[121.286043,23.720915],[121.285847,23.720913],[121.285846,23.721003],[121.285553,23.72091],[121.285752,23.720731],[121.285656,23.720549],[121.28595,23.720553],[121.285851,23.720642]],[[121.285554,23.720819],[121.285457,23.720728],[121.285555,23.720729],[121.285554,23.720819]],[[121.285951,23.720462],[121.286245,23.720466],[121.286243,23.720646],[121.286047,23.720644],[121.285951,23.720462]],[[121.294179,23.721276],[121.29428,23.721096],[121.294476,23.721098],[121.294474,23.721189],[121.294671,23.721191],[121.294667,23.721462],[121.294179,23.721276]],[[121.297119,23.721489],[121.297022,23.721397],[121.29712,23.721399],[121.297119,23.721489]],[[121.297025,23.721127],[121.297028,23.720946],[121.297126,23.720947],[121.297123,23.721128],[121.297025,23.721127]],[[121.293996,23.720281],[121.293794,23.72073],[121.293496,23.720997],[121.2933,23.720995],[121.293399,23.720906],[121.293304,23.720724],[121.293009,23.720721],[121.293111,23.720451],[121.293307,23.720454],[121.293501,23.720636],[121.293602,23.720366],[121.294196,23.720012],[121.294193,23.720192],[121.293996,23.720281]],[[121.294199,23.719741],[121.294394,23.719833],[121.294294,23.720013],[121.294196,23.720012],[121.294199,23.719741]],[[121.293989,23.720822],[121.294086,23.720914],[121.293988,23.720913],[121.293989,23.720822]],[[121.294087,23.720823],[121.294186,23.720734],[121.294185,23.720824],[121.294087,23.720823]],[[121.296537,23.720941],[121.29644,23.720849],[121.296539,23.72085],[121.296537,23.720941]],[[121.284673,23.720719],[121.284576,23.720628],[121.284674,23.720629],[121.284673,23.720719]],[[121.286341,23.720647],[121.286442,23.720468],[121.286638,23.72047],[121.286537,23.72065],[121.286341,23.720647]],[[121.286638,23.72047],[121.286737,23.720381],[121.286736,23.720471],[121.286638,23.72047]],[[121.287422,23.720479],[121.287224,23.720657],[121.286831,23.720653],[121.28703,23.720474],[121.287422,23.720479]],[[121.292913,23.72063],[121.292617,23.720717],[121.29262,23.720536],[121.292914,23.720539],[121.292913,23.72063]],[[121.294287,23.720555],[121.294383,23.720646],[121.294285,23.720645],[121.294287,23.720555]],[[121.294385,23.720556],[121.294484,23.720466],[121.294483,23.720557],[121.294385,23.720556]],[[121.287716,23.720482],[121.287719,23.720301],[121.287915,23.720304],[121.287912,23.720484],[121.287716,23.720482]],[[121.284288,23.720173],[121.284285,23.720354],[121.283991,23.72035],[121.284092,23.720171],[121.284288,23.720173]],[[121.285372,23.719734],[121.285571,23.719555],[121.285566,23.719916],[121.285858,23.7201],[121.285856,23.720281],[121.285464,23.720186],[121.285364,23.720366],[121.285168,23.720363],[121.285271,23.720003],[121.285077,23.719821],[121.285372,23.719734]],[[121.285077,23.719821],[121.28498,23.719729],[121.285078,23.71973],[121.285077,23.719821]],[[121.28498,23.719729],[121.284883,23.719638],[121.284981,23.719639],[121.28498,23.719729]],[[121.288502,23.7204],[121.288405,23.720309],[121.288503,23.72031],[121.288502,23.7204]],[[121.285964,23.719469],[121.286063,23.71938],[121.286356,23.719474],[121.286257,23.719563],[121.286249,23.720195],[121.286053,23.720193],[121.286152,23.720103],[121.286055,23.720012],[121.286158,23.719652],[121.286061,23.719561],[121.285864,23.719649],[121.28577,23.719287],[121.285964,23.719469]],[[121.28577,23.719287],[121.285479,23.719103],[121.28558,23.718833],[121.285678,23.718834],[121.285675,23.719105],[121.285773,23.719106],[121.28577,23.719287]],[[121.289681,23.720233],[121.289584,23.720141],[121.289682,23.720143],[121.289681,23.720233]],[[121.296448,23.720308],[121.296351,23.720216],[121.296449,23.720217],[121.296448,23.720308]],[[121.286844,23.71966],[121.286849,23.719299],[121.287239,23.719483],[121.287041,23.719662],[121.287037,23.719933],[121.287135,23.719934],[121.287035,23.720113],[121.286839,23.720111],[121.286842,23.71984],[121.28694,23.719841],[121.286942,23.719661],[121.286844,23.71966]],[[121.287427,23.720118],[121.28733,23.720026],[121.287428,23.720027],[121.287427,23.720118]],[[121.294585,23.720197],[121.294489,23.720105],[121.294587,23.720106],[121.294585,23.720197]],[[121.301553,23.719912],[121.301752,23.719643],[121.301948,23.719646],[121.301846,23.720006],[121.301548,23.720273],[121.301553,23.719912]],[[121.288311,23.720037],[121.288214,23.719946],[121.288312,23.719947],[121.288311,23.720037]],[[121.288607,23.71986],[121.288801,23.720043],[121.288605,23.72004],[121.288607,23.71986]],[[121.289199,23.719595],[121.289494,23.719508],[121.289389,23.720049],[121.289096,23.719955],[121.289099,23.719775],[121.289197,23.719776],[121.289102,23.719504],[121.289199,23.719595]],[[121.289004,23.719503],[121.289008,23.719232],[121.289106,23.719233],[121.289201,23.719415],[121.289004,23.719503]],[[121.289008,23.719232],[121.288911,23.719141],[121.289009,23.719142],[121.289008,23.719232]],[[121.289204,23.719234],[121.2894,23.719236],[121.289399,23.719327],[121.289203,23.719325],[121.289204,23.719234]],[[121.294979,23.720111],[121.294981,23.71993],[121.295079,23.719931],[121.295077,23.720112],[121.294979,23.720111]],[[121.290469,23.719971],[121.290372,23.719879],[121.29047,23.71988],[121.290469,23.719971]],[[121.294493,23.719744],[121.294688,23.719837],[121.294686,23.720017],[121.294491,23.719925],[121.294493,23.719744]],[[121.296453,23.719856],[121.296451,23.720037],[121.296353,23.720036],[121.296257,23.719854],[121.296453,23.719856]],[[121.287337,23.719485],[121.287531,23.719667],[121.287727,23.719669],[121.287627,23.719849],[121.28743,23.719847],[121.287433,23.719666],[121.287335,23.719665],[121.287337,23.719485]],[[121.290274,23.719878],[121.290177,23.719787],[121.290275,23.719788],[121.290274,23.719878]],[[121.288216,23.719765],[121.288021,23.719673],[121.288025,23.719402],[121.287831,23.719219],[121.288125,23.719222],[121.288216,23.719765]],[[121.287831,23.719219],[121.287536,23.719306],[121.28744,23.719124],[121.286951,23.719029],[121.286953,23.718848],[121.287247,23.718851],[121.287343,23.719033],[121.28754,23.718945],[121.287636,23.719127],[121.287832,23.719129],[121.287831,23.719219]],[[121.280668,23.719501],[121.28067,23.71932],[121.280768,23.719321],[121.280766,23.719502],[121.280668,23.719501]],[[121.295083,23.71966],[121.295085,23.71948],[121.295183,23.719481],[121.295181,23.719661],[121.295083,23.71966]],[[121.288514,23.719498],[121.288515,23.719407],[121.288711,23.719409],[121.28871,23.7195],[121.288514,23.719498]],[[121.294496,23.719564],[121.294302,23.719381],[121.2944,23.719382],[121.294403,23.719111],[121.294601,23.719023],[121.294597,23.719294],[121.294499,23.719293],[121.294496,23.719564]],[[121.294603,23.718842],[121.294701,23.718844],[121.294699,23.719024],[121.294601,23.719023],[121.294603,23.718842]],[[121.296065,23.719581],[121.296067,23.7194],[121.29597,23.719309],[121.296263,23.719403],[121.296065,23.719581]],[[121.29597,23.719309],[121.295873,23.719218],[121.295971,23.719219],[121.29597,23.719309]],[[121.296263,23.719403],[121.296362,23.719313],[121.296361,23.719404],[121.296263,23.719403]],[[121.295575,23.719485],[121.295578,23.719305],[121.295676,23.719306],[121.295674,23.719486],[121.295575,23.719485]],[[121.286653,23.719296],[121.286556,23.719205],[121.286654,23.719206],[121.286653,23.719296]],[[121.289894,23.718971],[121.28989,23.719242],[121.289693,23.71933],[121.2896,23.718968],[121.289894,23.718971]],[[121.295282,23.719392],[121.295088,23.719299],[121.295089,23.719209],[121.295285,23.719211],[121.295282,23.719392]],[[121.295089,23.719209],[121.294992,23.719118],[121.29509,23.719119],[121.295089,23.719209]],[[121.288419,23.719226],[121.288322,23.719134],[121.28842,23.719135],[121.288419,23.719226]],[[121.290481,23.719068],[121.290479,23.719248],[121.290381,23.719247],[121.290383,23.719067],[121.290481,23.719068]],[[121.290579,23.719069],[121.290385,23.718886],[121.290583,23.718798],[121.290579,23.719069]],[[121.285381,23.719102],[121.285284,23.71901],[121.285382,23.719011],[121.285381,23.719102]],[[121.285873,23.718927],[121.286072,23.718748],[121.286265,23.718931],[121.286263,23.719111],[121.285873,23.718927]],[[121.286557,23.719115],[121.28646,23.719023],[121.286558,23.719024],[121.286557,23.719115]],[[121.296169,23.719131],[121.296367,23.718952],[121.296364,23.719223],[121.296169,23.719131]],[[121.289206,23.719054],[121.28921,23.718783],[121.289308,23.718784],[121.289304,23.719055],[121.289206,23.719054]],[[121.294895,23.719026],[121.294995,23.718847],[121.295093,23.718848],[121.295091,23.719028],[121.294895,23.719026]],[[121.295093,23.718848],[121.295193,23.718759],[121.295191,23.718849],[121.295093,23.718848]],[[121.295194,23.718668],[121.295586,23.718673],[121.295685,23.718583],[121.295683,23.718764],[121.295193,23.718759],[121.295194,23.718668]],[[121.286757,23.718846],[121.286268,23.71875],[121.286269,23.71866],[121.286564,23.718573],[121.286563,23.718663],[121.286759,23.718665],[121.286757,23.718846]],[[121.286368,23.718571],[121.286271,23.718479],[121.286369,23.718481],[121.286368,23.718571]],[[121.287445,23.718763],[121.287544,23.718674],[121.287543,23.718764],[121.287445,23.718763]],[[121.28725,23.718671],[121.287252,23.71849],[121.28745,23.718312],[121.287546,23.718494],[121.287448,23.718492],[121.287446,23.718673],[121.28725,23.718671]],[[121.288817,23.718779],[121.288721,23.718687],[121.288819,23.718688],[121.288817,23.718779]],[[121.285585,23.718472],[121.285781,23.718474],[121.285779,23.718655],[121.285583,23.718652],[121.285585,23.718472]],[[121.285585,23.718472],[121.285488,23.71838],[121.285586,23.718382],[121.285585,23.718472]],[[121.29618,23.718228],[121.296375,23.71832],[121.296467,23.718773],[121.296271,23.718771],[121.296275,23.7185],[121.29608,23.718407],[121.29618,23.718228]],[[121.296081,23.718317],[121.295984,23.718226],[121.296082,23.718227],[121.296081,23.718317]],[[121.288723,23.718507],[121.28882,23.718598],[121.288722,23.718597],[121.288723,23.718507]],[[121.288822,23.718417],[121.289214,23.718422],[121.289213,23.718512],[121.288821,23.718508],[121.288822,23.718417]],[[121.289702,23.718608],[121.289802,23.718519],[121.289901,23.718429],[121.289898,23.71861],[121.289702,23.718608]],[[121.289705,23.718427],[121.289511,23.718244],[121.289707,23.718247],[121.289809,23.717977],[121.290006,23.717889],[121.290111,23.717348],[121.290208,23.717439],[121.290405,23.717351],[121.29031,23.71717],[121.290112,23.717258],[121.290113,23.717167],[121.289822,23.716984],[121.289824,23.716803],[121.290507,23.717082],[121.290705,23.716903],[121.290709,23.716632],[121.291106,23.716275],[121.291002,23.716726],[121.290805,23.716814],[121.290702,23.717174],[121.290505,23.717262],[121.290502,23.717443],[121.290204,23.71771],[121.2902,23.718071],[121.289705,23.718427]],[[121.290015,23.717166],[121.289916,23.717256],[121.289917,23.717165],[121.290015,23.717166]],[[121.290982,23.718261],[121.290978,23.718532],[121.290781,23.71862],[121.290785,23.718349],[121.290982,23.718261]],[[121.295002,23.718305],[121.295,23.718486],[121.294902,23.718485],[121.294806,23.718303],[121.295002,23.718305]],[[121.285885,23.718024],[121.286178,23.718117],[121.286377,23.717939],[121.286274,23.718299],[121.285883,23.718204],[121.285885,23.718024]],[[121.286568,23.718302],[121.286569,23.718212],[121.286765,23.718214],[121.286764,23.718304],[121.286568,23.718302]],[[121.295197,23.718397],[121.2951,23.718306],[121.295199,23.718307],[121.295197,23.718397]],[[121.287064,23.717856],[121.287362,23.717589],[121.287358,23.717859],[121.287456,23.71786],[121.28755,23.718223],[121.287354,23.718221],[121.287356,23.71804],[121.287064,23.717856]],[[121.287064,23.717856],[121.286965,23.717945],[121.286963,23.718126],[121.286864,23.718125],[121.286868,23.717854],[121.287064,23.717856]],[[121.288334,23.718231],[121.288237,23.71814],[121.288335,23.718141],[121.288334,23.718231]],[[121.283236,23.718085],[121.283139,23.717993],[121.283237,23.717994],[121.283236,23.718085]],[[121.285394,23.718109],[121.285395,23.718018],[121.285591,23.71802],[121.28559,23.718111],[121.285394,23.718109]],[[121.290885,23.718169],[121.290887,23.717989],[121.290985,23.71799],[121.290983,23.71817],[121.290885,23.718169]],[[121.295594,23.718041],[121.295592,23.718221],[121.295494,23.71822],[121.295496,23.71804],[121.295594,23.718041]],[[121.295594,23.718041],[121.2955,23.717769],[121.295697,23.717681],[121.295793,23.717862],[121.295989,23.717864],[121.295987,23.718045],[121.29579,23.718043],[121.295792,23.717953],[121.295594,23.718041]],[[121.296573,23.718232],[121.296476,23.718141],[121.296574,23.718142],[121.296573,23.718232]],[[121.295299,23.718128],[121.295202,23.718036],[121.2953,23.718037],[121.295299,23.718128]],[[121.285793,23.717571],[121.285891,23.717572],[121.285887,23.717843],[121.285789,23.717842],[121.285793,23.717571]],[[121.285793,23.717571],[121.285598,23.717479],[121.285603,23.717118],[121.285799,23.71712],[121.285793,23.717571]],[[121.290987,23.7179],[121.290989,23.717719],[121.291087,23.71772],[121.291085,23.717901],[121.290987,23.7179]],[[121.297264,23.717878],[121.297361,23.71797],[121.297262,23.717969],[121.297264,23.717878]],[[121.297362,23.71788],[121.297461,23.71779],[121.29746,23.717881],[121.297362,23.71788]],[[121.286579,23.71749],[121.286577,23.71758],[121.286773,23.717582],[121.286771,23.717763],[121.28638,23.717668],[121.286382,23.717487],[121.286579,23.71749]],[[121.289027,23.717788],[121.28893,23.717696],[121.289028,23.717697],[121.289027,23.717788]],[[121.295008,23.717854],[121.294911,23.717762],[121.295009,23.717763],[121.295008,23.717854]],[[121.28334,23.717634],[121.283243,23.717543],[121.283341,23.717544],[121.28334,23.717634]],[[121.296186,23.717776],[121.296089,23.717685],[121.296187,23.717686],[121.296186,23.717776]],[[121.306093,23.717705],[121.306287,23.717887],[121.30609,23.717885],[121.306093,23.717705]],[[121.306581,23.71789],[121.306681,23.717711],[121.306877,23.717713],[121.306777,23.717893],[121.306581,23.71789]],[[121.306877,23.717713],[121.306976,23.717624],[121.306975,23.717714],[121.306877,23.717713]],[[121.283832,23.717549],[121.283834,23.717369],[121.283932,23.71737],[121.28393,23.71755],[121.283832,23.717549]],[[121.291088,23.71763],[121.290991,23.717538],[121.291089,23.717539],[121.291088,23.71763]],[[121.288345,23.717419],[121.288248,23.717327],[121.288346,23.717329],[121.288345,23.717419]],[[121.291287,23.717451],[121.291289,23.717271],[121.291387,23.717272],[121.291385,23.717452],[121.291287,23.717451]],[[121.294523,23.717487],[121.294525,23.717306],[121.294623,23.717308],[121.294621,23.717488],[121.294523,23.717487]],[[121.299132,23.717538],[121.299035,23.717446],[121.299133,23.717448],[121.299132,23.717538]],[[121.288738,23.717333],[121.288938,23.717064],[121.289133,23.717157],[121.289233,23.716977],[121.289529,23.71689],[121.289526,23.717071],[121.289329,23.717159],[121.289425,23.71734],[121.289229,23.717338],[121.28923,23.717248],[121.288738,23.717333]],[[121.285408,23.717025],[121.285307,23.717205],[121.285111,23.717202],[121.285212,23.717023],[121.285408,23.717025]],[[121.287367,23.717227],[121.286978,23.716952],[121.287079,23.716682],[121.286885,23.71659],[121.286887,23.716409],[121.287183,23.716232],[121.287377,23.716415],[121.287274,23.716775],[121.287565,23.717049],[121.287367,23.717227]],[[121.294917,23.717311],[121.29482,23.717219],[121.294918,23.717221],[121.294917,23.717311]],[[121.297957,23.717344],[121.29786,23.717253],[121.297958,23.717254],[121.297957,23.717344]],[[121.295016,23.717222],[121.295018,23.717131],[121.295214,23.717133],[121.295213,23.717224],[121.295016,23.717222]],[[121.298841,23.717264],[121.298744,23.717172],[121.298842,23.717173],[121.298841,23.717264]],[[121.286493,23.716495],[121.286785,23.716679],[121.286783,23.71686],[121.286486,23.717037],[121.286293,23.716854],[121.286295,23.716674],[121.286493,23.716495]],[[121.286493,23.716495],[121.286397,23.716404],[121.2863,23.716313],[121.286496,23.716315],[121.286493,23.716495]],[[121.295313,23.717044],[121.295315,23.716864],[121.295413,23.716865],[121.295411,23.717045],[121.295313,23.717044]],[[121.29649,23.717057],[121.296492,23.716877],[121.29659,23.716878],[121.296588,23.717058],[121.29649,23.717057]],[[121.297176,23.717065],[121.297179,23.716884],[121.297277,23.716885],[121.297274,23.717066],[121.297176,23.717065]],[[121.298844,23.716993],[121.298747,23.716901],[121.298846,23.716903],[121.298844,23.716993]],[[121.288647,23.71679],[121.28865,23.716609],[121.288748,23.716611],[121.288745,23.716791],[121.288647,23.71679]],[[121.288944,23.716613],[121.289138,23.716795],[121.288941,23.716793],[121.288944,23.716613]],[[121.291591,23.716642],[121.291589,23.716823],[121.291491,23.716822],[121.291493,23.716641],[121.291591,23.716642]],[[121.291591,23.716642],[121.291691,23.716553],[121.291689,23.716643],[121.291591,23.716642]],[[121.296985,23.716701],[121.296982,23.716882],[121.296786,23.71688],[121.296787,23.71679],[121.296985,23.716701]],[[121.299732,23.716641],[121.299927,23.716734],[121.299924,23.716914],[121.299729,23.716822],[121.299732,23.716641]],[[121.288358,23.716426],[121.288355,23.716606],[121.288257,23.716605],[121.288162,23.716423],[121.288358,23.716426]],[[121.290319,23.716447],[121.290219,23.716627],[121.289926,23.716533],[121.290027,23.716264],[121.290223,23.716266],[121.290221,23.716446],[121.290319,23.716447]],[[121.290223,23.716266],[121.290323,23.716177],[121.290321,23.716267],[121.290223,23.716266]],[[121.298755,23.71636],[121.29875,23.716721],[121.298652,23.71672],[121.298558,23.716358],[121.298755,23.71636]],[[121.287673,23.716328],[121.28767,23.716508],[121.287474,23.716506],[121.287475,23.716416],[121.287673,23.716328]],[[121.289239,23.716526],[121.289142,23.716434],[121.28924,23.716435],[121.289239,23.716526]],[[121.302085,23.716667],[121.301988,23.716576],[121.302086,23.716577],[121.302085,23.716667]],[[121.28522,23.716391],[121.285222,23.71621],[121.28532,23.716211],[121.285318,23.716392],[121.28522,23.716391]],[[121.29581,23.716508],[121.295812,23.716418],[121.296008,23.71642],[121.296006,23.71651],[121.29581,23.716508]],[[121.296694,23.716427],[121.296791,23.716519],[121.296693,23.716518],[121.296694,23.716427]],[[121.296792,23.716428],[121.296891,23.716339],[121.29689,23.71643],[121.296792,23.716428]],[[121.285515,23.716304],[121.28552,23.715943],[121.285618,23.715944],[121.285613,23.716305],[121.285515,23.716304]],[[121.297086,23.716432],[121.297087,23.716341],[121.297284,23.716344],[121.297282,23.716434],[121.297086,23.716432]],[[121.295617,23.716325],[121.29552,23.716234],[121.295618,23.716235],[121.295617,23.716325]],[[121.298068,23.716352],[121.29807,23.716172],[121.298168,23.716173],[121.298166,23.716353],[121.298068,23.716352]],[[121.291303,23.716187],[121.291304,23.716097],[121.291598,23.7161],[121.291597,23.716191],[121.291303,23.716187]],[[121.296108,23.71624],[121.296109,23.71615],[121.296305,23.716152],[121.296304,23.716243],[121.296108,23.71624]],[[121.299638,23.716279],[121.299541,23.716188],[121.299639,23.716189],[121.299638,23.716279]],[[121.295423,23.716142],[121.295326,23.716051],[121.295424,23.716052],[121.295423,23.716142]],[[121.296698,23.716157],[121.296601,23.716065],[121.296699,23.716066],[121.296698,23.716157]],[[121.297288,23.715982],[121.297385,23.716074],[121.297287,23.716073],[121.297288,23.715982]],[[121.297386,23.715984],[121.297486,23.715894],[121.297488,23.715714],[121.297782,23.715717],[121.297582,23.715986],[121.297386,23.715984]],[[121.297975,23.71599],[121.297974,23.71608],[121.297777,23.716078],[121.297779,23.715988],[121.297975,23.71599]],[[121.297975,23.71599],[121.298074,23.715901],[121.298073,23.715991],[121.297975,23.71599]],[[121.28964,23.715898],[121.289543,23.715807],[121.289641,23.715808],[121.28964,23.715898]],[[121.292975,23.715845],[121.292978,23.715574],[121.293076,23.715575],[121.293073,23.715846],[121.292975,23.715845]],[[121.294936,23.715866],[121.294839,23.715775],[121.294937,23.715776],[121.294936,23.715866]],[[121.287779,23.715697],[121.287682,23.715605],[121.28778,23.715607],[121.287779,23.715697]],[[121.288661,23.715707],[121.288664,23.715526],[121.288762,23.715527],[121.288759,23.715708],[121.288661,23.715707]],[[121.288858,23.715709],[121.28886,23.715528],[121.288958,23.715529],[121.288956,23.71571],[121.288858,23.715709]],[[121.289252,23.715533],[121.289446,23.715715],[121.28925,23.715713],[121.289252,23.715533]],[[121.293466,23.71576],[121.293469,23.715579],[121.293666,23.715491],[121.293664,23.715672],[121.293466,23.71576]],[[121.293666,23.715491],[121.293765,23.715402],[121.293764,23.715492],[121.293666,23.715491]],[[121.297096,23.715709],[121.297193,23.715801],[121.297095,23.7158],[121.297096,23.715709]],[[121.297194,23.715711],[121.297293,23.715621],[121.297292,23.715712],[121.297194,23.715711]],[[121.301899,23.715853],[121.301803,23.715761],[121.301901,23.715762],[121.301899,23.715853]],[[121.295726,23.715423],[121.295724,23.715604],[121.295626,23.715603],[121.29553,23.715421],[121.295726,23.715423]],[[121.292687,23.71539],[121.292783,23.715481],[121.292685,23.71548],[121.292687,23.71539]],[[121.292786,23.715301],[121.292982,23.715303],[121.292981,23.715393],[121.292785,23.715391],[121.292786,23.715301]],[[121.297688,23.715445],[121.297591,23.715354],[121.297689,23.715355],[121.297688,23.715445]],[[121.288865,23.715167],[121.288961,23.715258],[121.288863,23.715257],[121.288865,23.715167]],[[121.288964,23.715078],[121.28916,23.71508],[121.289159,23.71517],[121.288963,23.715168],[121.288964,23.715078]],[[121.289354,23.715263],[121.289355,23.715173],[121.289551,23.715175],[121.28955,23.715265],[121.289354,23.715263]],[[121.293178,23.715305],[121.29318,23.715124],[121.293278,23.715126],[121.293276,23.715306],[121.293178,23.715305]],[[121.288276,23.715161],[121.288277,23.71507],[121.288474,23.715072],[121.288472,23.715163],[121.288276,23.715161]],[[121.293967,23.714953],[121.294164,23.714864],[121.29416,23.715226],[121.293965,23.715133],[121.293967,23.714953]],[[121.28965,23.715085],[121.289651,23.714995],[121.289848,23.714997],[121.289846,23.715088],[121.28965,23.715085]],[[121.293478,23.714857],[121.293381,23.714765],[121.293479,23.714767],[121.293478,23.714857]],[[121.305442,23.714898],[121.305346,23.714807],[121.305444,23.714808],[121.305442,23.714898]],[[121.293386,23.714404],[121.29358,23.714587],[121.293382,23.714675],[121.293386,23.714404]],[[121.293776,23.714589],[121.293679,23.714498],[121.293777,23.714499],[121.293776,23.714589]],[[121.296721,23.714351],[121.296723,23.71417],[121.296821,23.714171],[121.296819,23.714352],[121.296721,23.714351]],[[121.298585,23.714281],[121.298488,23.71419],[121.298587,23.714191],[121.298585,23.714281]],[[121.30359,23.714065],[121.303687,23.714156],[121.303883,23.714159],[121.303782,23.714338],[121.303588,23.714246],[121.30359,23.714065]],[[121.304273,23.714343],[121.304274,23.714253],[121.30447,23.714255],[121.304469,23.714346],[121.304273,23.714343]],[[121.294076,23.714141],[121.293979,23.71405],[121.294077,23.714051],[121.294076,23.714141]],[[121.299764,23.714113],[121.299667,23.714022],[121.299766,23.714023],[121.299764,23.714113]],[[121.304863,23.714169],[121.304767,23.714078],[121.304865,23.714079],[121.304863,23.714169]],[[121.305452,23.714176],[121.305355,23.714084],[121.305453,23.714086],[121.305452,23.714176]],[[121.29702,23.713993],[121.297022,23.713812],[121.29712,23.713813],[121.297118,23.713994],[121.29702,23.713993]],[[121.299079,23.714016],[121.298884,23.713923],[121.298985,23.713744],[121.299083,23.713745],[121.299079,23.714016]],[[121.298887,23.713743],[121.298688,23.713921],[121.298692,23.71365],[121.298887,23.713743]],[[121.292904,23.713767],[121.292807,23.713676],[121.292905,23.713677],[121.292904,23.713767]],[[121.302613,23.713783],[121.302516,23.713692],[121.302614,23.713693],[121.302613,23.713783]],[[121.305166,23.713541],[121.305165,23.713631],[121.305264,23.713542],[121.30546,23.713544],[121.305459,23.713634],[121.305064,23.71381],[121.30497,23.713538],[121.305166,23.713541]],[[121.305556,23.713725],[121.305557,23.713635],[121.305949,23.713639],[121.305948,23.71373],[121.305556,23.713725]],[[121.298693,23.71356],[121.298695,23.713379],[121.298793,23.71338],[121.298791,23.713561],[121.298693,23.71356]],[[121.295556,23.713435],[121.295558,23.713254],[121.295656,23.713256],[121.295654,23.713436],[121.295556,23.713435]],[[121.302127,23.713417],[121.301836,23.713143],[121.301738,23.713142],[121.301644,23.71287],[121.30184,23.712872],[121.301838,23.713053],[121.302129,23.713236],[121.302127,23.713417]],[[121.304972,23.713358],[121.305168,23.71336],[121.305167,23.71345],[121.304971,23.713448],[121.304972,23.713358]],[[121.304972,23.713358],[121.304875,23.713266],[121.304973,23.713268],[121.304972,23.713358]],[[121.30615,23.71328],[121.306149,23.713371],[121.306246,23.713462],[121.305953,23.713369],[121.305954,23.713278],[121.30615,23.71328]],[[121.299289,23.712934],[121.299292,23.712754],[121.29939,23.712755],[121.299387,23.712935],[121.299289,23.712934]],[[121.29478,23.712794],[121.294683,23.712703],[121.294781,23.712704],[121.29478,23.712794]],[[121.29488,23.712615],[121.294783,23.712523],[121.294881,23.712525],[121.29488,23.712615]],[[121.304196,23.712717],[121.304197,23.712627],[121.304393,23.712629],[121.304392,23.712719],[121.304196,23.712717]],[[121.304784,23.712724],[121.304687,23.712632],[121.304785,23.712633],[121.304784,23.712724]],[[121.300571,23.712407],[121.300771,23.712138],[121.301063,23.712322],[121.300863,23.71259],[121.300571,23.712407]],[[121.30008,23.712491],[121.299983,23.7124],[121.300081,23.712401],[121.30008,23.712491]],[[121.295476,23.71208],[121.295379,23.711988],[121.295477,23.711989],[121.295476,23.71208]],[[121.304791,23.712182],[121.304694,23.712091],[121.304792,23.712092],[121.304791,23.712182]],[[121.295576,23.7119],[121.295479,23.711809],[121.295577,23.71181],[121.295576,23.7119]],[[121.301361,23.711964],[121.301364,23.711783],[121.301462,23.711784],[121.301459,23.711965],[121.301361,23.711964]],[[121.294308,23.711344],[121.294306,23.711525],[121.294011,23.711612],[121.294013,23.711431],[121.294308,23.711344]],[[121.304806,23.711008],[121.305,23.711191],[121.304804,23.711189],[121.304806,23.711008]],[[121.295784,23.710999],[121.295687,23.710908],[121.295785,23.710909],[121.295784,23.710999]],[[121.3,23.711046],[121.299903,23.710954],[121.300001,23.710956],[121.3,23.711046]],[[121.303726,23.711087],[121.30363,23.710995],[121.303728,23.710996],[121.303726,23.711087]],[[121.304218,23.711002],[121.304121,23.71091],[121.304219,23.710912],[121.304218,23.711002]],[[121.305691,23.710837],[121.305594,23.710746],[121.305692,23.710747],[121.305691,23.710837]],[[121.306377,23.710845],[121.306281,23.710754],[121.306379,23.710755],[121.306377,23.710845]],[[121.306773,23.710578],[121.306967,23.710761],[121.306771,23.710759],[121.306577,23.710576],[121.306581,23.710305],[121.306776,23.710398],[121.306773,23.710578]],[[121.306581,23.710305],[121.306484,23.710214],[121.306582,23.710215],[121.306581,23.710305]],[[121.298536,23.710488],[121.298149,23.710122],[121.298347,23.709944],[121.298642,23.709947],[121.298835,23.71013],[121.298536,23.710488]],[[121.308048,23.710592],[121.308147,23.710503],[121.308146,23.710593],[121.308048,23.710592]],[[121.308049,23.710502],[121.307855,23.710319],[121.307562,23.710226],[121.307566,23.709955],[121.307371,23.709862],[121.307374,23.709592],[121.307276,23.709591],[121.307378,23.709321],[121.307573,23.709413],[121.30747,23.709773],[121.307665,23.709866],[121.307662,23.710137],[121.308051,23.710321],[121.308049,23.710502]],[[121.301381,23.710429],[121.30148,23.71034],[121.301479,23.71043],[121.301381,23.710429]],[[121.301186,23.710336],[121.301189,23.710156],[121.301287,23.710157],[121.301382,23.710339],[121.301186,23.710336]],[[121.305207,23.710381],[121.305209,23.7102],[121.305307,23.710201],[121.305305,23.710382],[121.305207,23.710381]],[[121.306089,23.71039],[121.305992,23.710299],[121.30609,23.7103],[121.306089,23.71039]],[[121.306386,23.710213],[121.306289,23.710122],[121.306387,23.710123],[121.306386,23.710213]],[[121.301094,23.709884],[121.300997,23.709793],[121.301095,23.709794],[121.301094,23.709884]],[[121.303644,23.709912],[121.303547,23.709821],[121.303645,23.709822],[121.303644,23.709912]],[[121.305997,23.709938],[121.306096,23.709848],[121.306095,23.709939],[121.305997,23.709938]],[[121.305998,23.709847],[121.305901,23.709756],[121.305804,23.709665],[121.306,23.709667],[121.305998,23.709847]],[[121.300998,23.709702],[121.301,23.709612],[121.301196,23.709614],[121.301195,23.709704],[121.300998,23.709702]],[[121.299531,23.709415],[121.299434,23.709324],[121.299532,23.709325],[121.299531,23.709415]],[[121.304141,23.709376],[121.304044,23.709284],[121.304142,23.709285],[121.304141,23.709376]],[[121.307184,23.709138],[121.307183,23.709228],[121.306886,23.709406],[121.306889,23.709225],[121.307184,23.709138]],[[121.302574,23.709178],[121.302477,23.709086],[121.302575,23.709088],[121.302574,23.709178]],[[121.305518,23.709029],[121.305519,23.708939],[121.305716,23.708941],[121.305714,23.709032],[121.305518,23.709029]],[[121.306009,23.709035],[121.305912,23.708943],[121.30601,23.708945],[121.306009,23.709035]],[[121.306794,23.708953],[121.306697,23.708862],[121.306795,23.708863],[121.306794,23.708953]],[[121.303269,23.708553],[121.303172,23.708462],[121.30327,23.708463],[121.303269,23.708553]],[[121.305818,23.708581],[121.305819,23.708491],[121.305524,23.708578],[121.305526,23.708397],[121.306017,23.708403],[121.306018,23.708313],[121.306311,23.708406],[121.306112,23.708584],[121.305818,23.708581]],[[121.306311,23.708406],[121.30641,23.708317],[121.306409,23.708407],[121.306311,23.708406]],[[121.302878,23.708459],[121.30249,23.708093],[121.302686,23.708095],[121.30288,23.708278],[121.302878,23.708459]],[[121.297976,23.708315],[121.297879,23.708223],[121.297977,23.708224],[121.297976,23.708315]],[[121.303075,23.708371],[121.302978,23.708279],[121.303076,23.70828],[121.303075,23.708371]],[[121.302391,23.708182],[121.302294,23.708091],[121.302392,23.708092],[121.302391,23.708182]],[[121.302,23.708088],[121.302001,23.707998],[121.302197,23.708],[121.302196,23.70809],[121.302,23.708088]],[[121.302298,23.70782],[121.302497,23.707552],[121.302789,23.707735],[121.302589,23.708004],[121.302298,23.70782]],[[121.305629,23.708037],[121.305532,23.707946],[121.30563,23.707947],[121.305629,23.708037]],[[121.30661,23.708048],[121.306513,23.707957],[121.306611,23.707958],[121.30661,23.708048]],[[121.30318,23.70783],[121.303083,23.707739],[121.303181,23.70774],[121.30318,23.70783]],[[121.29769,23.707679],[121.297593,23.707588],[121.297691,23.707589],[121.29769,23.707679]],[[121.299651,23.707701],[121.299554,23.70761],[121.299653,23.707611],[121.299651,23.707701]],[[121.29926,23.707606],[121.299263,23.707426],[121.299361,23.707427],[121.299358,23.707607],[121.29926,23.707606]],[[121.301026,23.707535],[121.300737,23.707171],[121.301134,23.706814],[121.301139,23.706453],[121.300848,23.706179],[121.301046,23.706001],[121.301242,23.706003],[121.301241,23.706093],[121.301537,23.706006],[121.30173,23.706189],[121.301531,23.706457],[121.301918,23.706823],[121.301523,23.707089],[121.30152,23.70727],[121.301223,23.707538],[121.301026,23.707535]],[[121.299166,23.707334],[121.299169,23.707064],[121.299267,23.707065],[121.299264,23.707335],[121.299166,23.707334]],[[121.305247,23.707221],[121.30525,23.70704],[121.305152,23.707039],[121.305253,23.706769],[121.304866,23.706404],[121.305065,23.706135],[121.30555,23.706592],[121.305846,23.706414],[121.306136,23.706779],[121.305937,23.706957],[121.306033,23.707139],[121.305835,23.707317],[121.305441,23.707403],[121.305247,23.707221]],[[121.29917,23.706973],[121.299074,23.706882],[121.299172,23.706883],[121.29917,23.706973]],[[121.298977,23.706791],[121.29888,23.706699],[121.298978,23.7067],[121.298977,23.706791]],[[121.297514,23.706142],[121.297515,23.706052],[121.297711,23.706054],[121.29771,23.706144],[121.297514,23.706142]],[[121.30144,23.705915],[121.301343,23.705823],[121.301441,23.705824],[121.30144,23.705915]],[[121.297421,23.70578],[121.297422,23.70569],[121.297618,23.705692],[121.297617,23.705782],[121.297421,23.70578]],[[121.301735,23.705828],[121.301638,23.705736],[121.301736,23.705737],[121.301735,23.705828]],[[121.30174,23.705466],[121.301643,23.705375],[121.301741,23.705376],[121.30174,23.705466]],[[121.297819,23.705333],[121.297722,23.705242],[121.29782,23.705243],[121.297819,23.705333]],[[121.301744,23.705105],[121.301841,23.705197],[121.301743,23.705196],[121.301744,23.705105]],[[121.301844,23.705016],[121.301649,23.704924],[121.301753,23.704473],[121.301851,23.704474],[121.301853,23.704294],[121.301659,23.704111],[121.302055,23.703844],[121.302249,23.704027],[121.302049,23.704296],[121.302341,23.70448],[121.302434,23.704842],[121.302135,23.7052],[121.301939,23.705198],[121.301844,23.705016]],[[121.297529,23.704969],[121.297626,23.70506],[121.297528,23.705059],[121.297529,23.704969]],[[121.297627,23.70497],[121.297727,23.70488],[121.297725,23.704971],[121.297627,23.70497]],[[121.300875,23.704102],[121.301074,23.703834],[121.301366,23.704017],[121.301167,23.704286],[121.300875,23.704102]],[[121.298226,23.704164],[121.298129,23.704072],[121.298227,23.704073],[121.298226,23.704164]],[[121.299504,23.703907],[121.299704,23.703638],[121.299996,23.703822],[121.299796,23.704091],[121.299504,23.703907]],[[121.297444,23.703974],[121.297249,23.703882],[121.297252,23.703701],[121.297447,23.703794],[121.297444,23.703974]],[[121.29735,23.703702],[121.297449,23.703613],[121.297448,23.703704],[121.29735,23.703702]],[[121.305294,23.703609],[121.305488,23.703792],[121.305292,23.70379],[121.305294,23.703609]],[[121.297552,23.703253],[121.297647,23.703435],[121.29745,23.703523],[121.297355,23.703251],[121.297552,23.703253]],[[121.297852,23.702805],[121.297754,23.702804],[121.297749,23.703165],[121.297651,23.703164],[121.297663,23.702261],[121.297761,23.702262],[121.297852,23.702805]],[[121.297663,23.702261],[121.297566,23.70217],[121.297664,23.702171],[121.297663,23.702261]],[[121.297664,23.702171],[121.297763,23.702082],[121.297762,23.702172],[121.297664,23.702171]],[[121.307204,23.700018],[121.307107,23.699927],[121.307205,23.699928],[121.307204,23.700018]],[[121.307413,23.699027],[121.307414,23.698937],[121.30761,23.698939],[121.307606,23.69921],[121.307116,23.699204],[121.307019,23.699113],[121.30702,23.699023],[121.307413,23.699027]],[[121.306629,23.698928],[121.306825,23.69893],[121.306824,23.699021],[121.306628,23.699018],[121.306629,23.698928]],[[121.306629,23.698928],[121.306532,23.698837],[121.306631,23.698838],[121.306629,23.698928]]],[[[121.283562,23.71565],[121.283958,23.715384],[121.284061,23.715024],[121.284257,23.715026],[121.284256,23.715116],[121.284453,23.715028],[121.284066,23.714662],[121.284069,23.714392],[121.284465,23.714125],[121.28447,23.713764],[121.284568,23.713765],[121.284472,23.713583],[121.284274,23.713762],[121.28388,23.713848],[121.282987,23.71465],[121.282981,23.715102],[121.283274,23.715195],[121.283272,23.715376],[121.283562,23.71565]]],[[[121.284743,23.715392],[121.284452,23.715118],[121.284255,23.715206],[121.284252,23.715387],[121.284446,23.71557],[121.284642,23.715572],[121.284743,23.715392]]],[[[121.283295,23.721065],[121.283197,23.721064],[121.283301,23.720614],[121.283008,23.72052],[121.28311,23.72025],[121.282817,23.720157],[121.282819,23.719976],[121.283018,23.719798],[121.282627,23.719703],[121.282428,23.719882],[121.282425,23.720152],[121.282716,23.720336],[121.282518,23.720515],[121.282515,23.720695],[121.282904,23.72097],[121.282804,23.72115],[121.283097,23.721243],[121.283192,23.721425],[121.28339,23.721337],[121.283295,23.721065]]],[[[121.283287,23.721697],[121.283189,23.721696],[121.283187,23.721877],[121.283482,23.72179],[121.283389,23.721427],[121.283191,23.721515],[121.283287,23.721697]]],[[[121.296513,23.722837],[121.296318,23.722744],[121.296217,23.722924],[121.296412,23.723016],[121.296513,23.722837]]],[[[121.292464,23.724959],[121.292561,23.725051],[121.292855,23.725054],[121.292958,23.724694],[121.293055,23.724785],[121.293252,23.724697],[121.293255,23.724426],[121.29306,23.724334],[121.292862,23.724512],[121.292864,23.724331],[121.292766,23.72433],[121.292778,23.723428],[121.292486,23.723244],[121.292387,23.723333],[121.292483,23.723515],[121.292285,23.723603],[121.292283,23.723783],[121.292381,23.723784],[121.292276,23.724325],[121.292568,23.724509],[121.292469,23.724598],[121.292464,23.724959]],[[121.292568,23.724509],[121.292667,23.72442],[121.292666,23.72451],[121.292568,23.724509]]],[[[121.296283,23.725453],[121.296091,23.725089],[121.295896,23.724997],[121.295795,23.725267],[121.296085,23.725541],[121.296283,23.725453]]],[[[121.296762,23.726271],[121.296281,23.725543],[121.296084,23.725631],[121.296082,23.725812],[121.296277,23.725904],[121.296078,23.726083],[121.29617,23.726535],[121.296563,23.726539],[121.296565,23.726359],[121.296762,23.726271]]],[[[121.296755,23.726812],[121.297048,23.726906],[121.297346,23.726638],[121.297738,23.726643],[121.297737,23.726733],[121.298031,23.726736],[121.298033,23.726646],[121.297839,23.726463],[121.297643,23.726461],[121.297547,23.726279],[121.297054,23.726455],[121.297057,23.726274],[121.296862,23.726182],[121.296762,23.726271],[121.29676,23.726451],[121.296858,23.726452],[121.296755,23.726812]]],[[[121.309936,23.701041],[121.310333,23.700684],[121.310138,23.700592],[121.310046,23.700139],[121.309753,23.700046],[121.309658,23.699774],[121.309463,23.699681],[121.309363,23.699861],[121.309461,23.699862],[121.309453,23.700494],[121.309551,23.700495],[121.309542,23.701217],[121.309835,23.701311],[121.309936,23.701041]]],[[[121.308156,23.717456],[121.308252,23.717548],[121.308254,23.717457],[121.308156,23.717456]]],[[[121.304861,23.721935],[121.304666,23.721843],[121.304566,23.722022],[121.304761,23.722115],[121.304861,23.721935]]],[[[121.3073,23.722955],[121.306812,23.722769],[121.306522,23.722405],[121.306227,23.722492],[121.306319,23.722944],[121.306514,23.723037],[121.306609,23.723309],[121.306805,23.723311],[121.306803,23.723491],[121.306996,23.723674],[121.307682,23.723772],[121.307782,23.723592],[121.307493,23.723228],[121.307296,23.723226],[121.307396,23.723137],[121.3073,23.722955]],[[121.307295,23.723316],[121.307,23.723403],[121.306905,23.723131],[121.3072,23.723135],[121.307295,23.723316]]],[[[121.305135,23.723473],[121.305236,23.723294],[121.304945,23.72302],[121.304259,23.723012],[121.304159,23.723101],[121.304449,23.723466],[121.304645,23.723468],[121.304646,23.723378],[121.305135,23.723473]]],[[[121.305915,23.723843],[121.306019,23.723393],[121.305824,23.7233],[121.30573,23.723028],[121.305532,23.723116],[121.30553,23.723297],[121.305235,23.723384],[121.305329,23.723656],[121.30562,23.72393],[121.305915,23.723843]]],[[[121.306383,23.725564],[121.306679,23.725477],[121.306682,23.725206],[121.30678,23.725207],[121.306686,23.724935],[121.306392,23.724932],[121.30639,23.725022],[121.306294,23.724931],[121.305509,23.724922],[121.305211,23.72519],[121.305598,23.725645],[121.306186,23.725652],[121.306283,23.725743],[121.306383,23.725564]]],[[[121.305685,23.726459],[121.306176,23.726464],[121.306175,23.726555],[121.306469,23.726558],[121.306468,23.726648],[121.306665,23.72656],[121.306471,23.726377],[121.306473,23.726197],[121.306082,23.726102],[121.306083,23.726012],[121.305592,23.726097],[121.305591,23.726187],[121.305295,23.726274],[121.305389,23.726636],[121.305585,23.726639],[121.305685,23.726459]]],[[[121.305962,23.727817],[121.305475,23.72754],[121.305382,23.727178],[121.305091,23.726904],[121.304797,23.726901],[121.304507,23.726536],[121.30431,23.726625],[121.304601,23.726899],[121.304598,23.727079],[121.304891,23.727173],[121.304887,23.727534],[121.30537,23.728081],[121.305859,23.728177],[121.305959,23.728087],[121.305962,23.727817]]],[[[121.303409,23.728059],[121.303216,23.727786],[121.302726,23.727781],[121.302629,23.72769],[121.302631,23.727509],[121.302829,23.727421],[121.302734,23.727149],[121.302535,23.727328],[121.302241,23.727324],[121.302049,23.727051],[121.301851,23.727139],[121.301945,23.727502],[121.302043,23.727503],[121.301745,23.72777],[121.30184,23.728042],[121.302233,23.727956],[121.302329,23.728138],[121.30331,23.728149],[121.303409,23.728059]]]]}},{"type":"Feature","properties":{"kind":"bare_dam","month":"2026-03","area_ha":150.54},"geometry":{"type":"MultiPolygon","coordinates":[[[[121.313443,23.687625],[121.313539,23.687806],[121.313736,23.687718],[121.313749,23.686725],[121.313555,23.686542],[121.313259,23.686629],[121.313452,23.686902],[121.313154,23.68717],[121.313152,23.687351],[121.313346,23.687533],[121.313542,23.687536],[121.313443,23.687625]],[[121.313542,23.687536],[121.313641,23.687446],[121.31364,23.687537],[121.313542,23.687536]]],[[[121.293852,23.701226],[121.294046,23.701318],[121.294044,23.701499],[121.29424,23.701501],[121.294146,23.701229],[121.294638,23.701054],[121.294927,23.701509],[121.295809,23.701518],[121.295909,23.701339],[121.296302,23.701343],[121.2966,23.700985],[121.296796,23.700987],[121.296897,23.700808],[121.297191,23.700811],[121.297291,23.700632],[121.297586,23.700635],[121.297686,23.700455],[121.299059,23.70047],[121.299064,23.700019],[121.298968,23.699928],[121.298672,23.700015],[121.298671,23.700105],[121.298476,23.700013],[121.298179,23.70028],[121.297788,23.700186],[121.29779,23.700005],[121.298083,23.700099],[121.298084,23.700008],[121.298675,23.699834],[121.298775,23.699655],[121.298971,23.699657],[121.299467,23.699211],[121.299669,23.698761],[121.299963,23.698765],[121.300065,23.698495],[121.300162,23.698586],[121.300359,23.698498],[121.300263,23.698317],[121.300655,23.698321],[121.301052,23.697964],[121.301544,23.697879],[121.301648,23.697429],[121.301844,23.697431],[121.302141,23.697163],[121.302144,23.696983],[121.302242,23.696984],[121.302236,23.697435],[121.30184,23.697702],[121.301739,23.697972],[121.301443,23.698059],[121.301441,23.698239],[121.301929,23.698425],[121.30203,23.698155],[121.302424,23.698069],[121.302427,23.697798],[121.302824,23.697442],[121.302921,23.697533],[121.303412,23.697448],[121.303702,23.697812],[121.303898,23.697815],[121.303796,23.698084],[121.303698,23.698083],[121.303795,23.698175],[121.303791,23.698536],[121.303693,23.698535],[121.303786,23.698897],[121.30359,23.698895],[121.30349,23.699074],[121.302999,23.699069],[121.302899,23.699248],[121.302605,23.699245],[121.302504,23.699425],[121.301916,23.699418],[121.301625,23.699144],[121.301824,23.698966],[121.301729,23.698694],[121.301433,23.698871],[121.301431,23.699052],[121.300945,23.698685],[121.300845,23.698865],[121.301039,23.698957],[121.301037,23.699138],[121.300841,23.699136],[121.30055,23.698861],[121.300155,23.699128],[121.300347,23.699401],[121.300151,23.699399],[121.300056,23.699217],[121.299661,23.699393],[121.299757,23.699575],[121.299954,23.699487],[121.30005,23.699669],[121.300149,23.699579],[121.30054,23.699674],[121.300538,23.699855],[121.30044,23.699854],[121.300435,23.700215],[121.300047,23.699849],[121.299948,23.699938],[121.300041,23.700301],[121.299747,23.700297],[121.299448,23.700655],[121.302194,23.700685],[121.302294,23.700506],[121.302686,23.70051],[121.303579,23.699707],[121.303486,23.699345],[121.303682,23.699347],[121.303785,23.698987],[121.303982,23.698899],[121.303988,23.698448],[121.304185,23.69836],[121.304192,23.697818],[121.304388,23.69782],[121.305481,23.696748],[121.306167,23.696756],[121.306267,23.696576],[121.306856,23.696583],[121.306955,23.696494],[121.306964,23.695771],[121.307162,23.695683],[121.306968,23.6955],[121.306983,23.694327],[121.307975,23.693435],[121.308368,23.693349],[121.308371,23.693168],[121.308079,23.692984],[121.308081,23.692804],[121.308866,23.692812],[121.309065,23.692543],[121.309261,23.692546],[121.309262,23.692455],[121.309457,23.692548],[121.309558,23.692368],[121.309754,23.69237],[121.309849,23.692552],[121.310144,23.692555],[121.310244,23.692376],[121.310734,23.692381],[121.311528,23.691667],[121.311535,23.691126],[121.311732,23.691037],[121.311736,23.690767],[121.311933,23.690678],[121.311841,23.690226],[121.311939,23.690227],[121.311941,23.690046],[121.312137,23.690049],[121.312335,23.68987],[121.312338,23.68969],[121.312636,23.689332],[121.312543,23.688969],[121.312934,23.689064],[121.312935,23.688974],[121.313131,23.688976],[121.313232,23.688796],[121.313527,23.688709],[121.313533,23.688258],[121.313144,23.687983],[121.312849,23.68807],[121.31285,23.687979],[121.312361,23.687884],[121.31236,23.687974],[121.311868,23.688059],[121.311571,23.688327],[121.311573,23.688146],[121.31177,23.688058],[121.311774,23.687787],[121.312068,23.68779],[121.312168,23.687611],[121.312755,23.687708],[121.312954,23.687529],[121.312956,23.687349],[121.312278,23.686709],[121.311985,23.686616],[121.311787,23.686794],[121.311789,23.686613],[121.311496,23.68652],[121.3114,23.686338],[121.311105,23.686425],[121.311012,23.686063],[121.310716,23.68615],[121.31072,23.685879],[121.310818,23.68588],[121.310724,23.685518],[121.310821,23.68561],[121.311019,23.685521],[121.311307,23.685976],[121.311602,23.685889],[121.311599,23.68616],[121.311501,23.686159],[121.311596,23.68634],[121.311988,23.686345],[121.312089,23.686165],[121.31258,23.68608],[121.312774,23.686263],[121.312772,23.686444],[121.313063,23.686627],[121.313163,23.686538],[121.313067,23.686356],[121.313362,23.686269],[121.313364,23.686089],[121.312783,23.685541],[121.312391,23.685536],[121.312295,23.685355],[121.312001,23.685352],[121.311906,23.68517],[121.311611,23.685167],[121.311613,23.685076],[121.311219,23.685162],[121.31132,23.684983],[121.310829,23.684978],[121.310826,23.685248],[121.310631,23.685156],[121.310528,23.685516],[121.310331,23.685604],[121.310424,23.685966],[121.310231,23.685784],[121.309839,23.685779],[121.30984,23.685689],[121.309643,23.685777],[121.309836,23.68596],[121.309834,23.686141],[121.309736,23.68614],[121.309633,23.6865],[121.309336,23.686767],[121.309043,23.686674],[121.308852,23.68622],[121.308656,23.686218],[121.307466,23.687289],[121.307171,23.687376],[121.307068,23.687736],[121.307263,23.687828],[121.307357,23.6881],[121.307161,23.688098],[121.306871,23.687824],[121.306379,23.687909],[121.305784,23.688444],[121.305588,23.688442],[121.305488,23.688621],[121.305194,23.688618],[121.305091,23.688978],[121.304895,23.688976],[121.304793,23.689246],[121.304504,23.688882],[121.304308,23.688879],[121.303812,23.689325],[121.30332,23.68941],[121.303119,23.689769],[121.302923,23.689767],[121.302527,23.690124],[121.302134,23.69012],[121.302133,23.69021],[121.301937,23.690208],[121.301745,23.689935],[121.301253,23.69002],[121.300865,23.689745],[121.30057,23.689741],[121.300569,23.689832],[121.300373,23.68983],[121.300374,23.689739],[121.298708,23.689721],[121.298607,23.6899],[121.298018,23.689984],[121.297522,23.69043],[121.297514,23.691062],[121.297805,23.691246],[121.297801,23.691607],[121.297899,23.691608],[121.297795,23.692059],[121.297893,23.69206],[121.297891,23.69224],[121.298084,23.692423],[121.298478,23.692337],[121.298375,23.692697],[121.29857,23.69279],[121.298565,23.693151],[121.298367,23.693329],[121.29866,23.693423],[121.298164,23.693869],[121.298161,23.694049],[121.297965,23.694047],[121.297767,23.694226],[121.297564,23.694765],[121.297366,23.694853],[121.297461,23.695125],[121.297659,23.694947],[121.297951,23.695131],[121.297946,23.695492],[121.29785,23.6954],[121.297359,23.695395],[121.297259,23.695575],[121.296866,23.69566],[121.296765,23.69584],[121.296668,23.695749],[121.295982,23.695741],[121.295883,23.69583],[121.295979,23.696012],[121.295683,23.696099],[121.295484,23.696368],[121.295289,23.696275],[121.295186,23.696635],[121.294895,23.696361],[121.294698,23.696449],[121.294602,23.696268],[121.294404,23.696446],[121.293031,23.696431],[121.29303,23.696521],[121.292932,23.69652],[121.293034,23.69625],[121.292838,23.696248],[121.29254,23.696516],[121.292536,23.696787],[121.292339,23.696875],[121.292331,23.697507],[121.292526,23.697599],[121.292522,23.69787],[121.292424,23.697869],[121.29252,23.698051],[121.292421,23.69814],[121.292617,23.698142],[121.292718,23.697872],[121.292913,23.697965],[121.292714,23.698233],[121.292518,23.698231],[121.292513,23.698592],[121.292708,23.698685],[121.292703,23.699046],[121.292897,23.699229],[121.293093,23.699231],[121.293091,23.699411],[121.292993,23.69941],[121.293086,23.699773],[121.292891,23.69968],[121.292877,23.700764],[121.293458,23.701312],[121.29385,23.701316],[121.293852,23.701226]],[[121.301838,23.697882],[121.301935,23.697974],[121.301837,23.697973],[121.301838,23.697882]],[[121.303899,23.697724],[121.304095,23.697726],[121.304094,23.697817],[121.303898,23.697815],[121.303899,23.697724]],[[121.301529,23.699053],[121.301526,23.699233],[121.301428,23.699232],[121.301431,23.699052],[121.301529,23.699053]],[[121.301037,23.699138],[121.301134,23.699229],[121.301036,23.699228],[121.301037,23.699138]],[[121.311219,23.685162],[121.31112,23.685252],[121.311121,23.685161],[121.311219,23.685162]],[[121.29866,23.693423],[121.298759,23.693334],[121.298758,23.693424],[121.29866,23.693423]],[[121.297946,23.695492],[121.298043,23.695583],[121.297945,23.695582],[121.297946,23.695492]],[[121.293852,23.701226],[121.293755,23.701134],[121.293853,23.701136],[121.293852,23.701226]],[[121.294358,23.699967],[121.294746,23.700333],[121.295236,23.700338],[121.295336,23.700159],[121.29563,23.700162],[121.295726,23.700343],[121.29602,23.700347],[121.29622,23.700078],[121.296416,23.70008],[121.296218,23.700259],[121.296411,23.700441],[121.296909,23.699905],[121.297301,23.699909],[121.2973,23.7],[121.297593,23.700093],[121.297491,23.700363],[121.297296,23.70027],[121.297295,23.700361],[121.296607,23.700444],[121.29631,23.700711],[121.295918,23.700707],[121.295822,23.700525],[121.295528,23.700522],[121.295529,23.700432],[121.295235,23.700428],[121.295234,23.700519],[121.294745,23.700423],[121.294645,23.700512],[121.294258,23.700147],[121.293766,23.700232],[121.293573,23.700049],[121.293278,23.700046],[121.293183,23.699864],[121.294358,23.699967]],[[121.29465,23.700151],[121.294749,23.700062],[121.294748,23.700152],[121.29465,23.700151]],[[121.302395,23.700326],[121.302492,23.700418],[121.302393,23.700417],[121.302395,23.700326]],[[121.300729,23.700218],[121.300732,23.699947],[121.301227,23.699591],[121.301421,23.699774],[121.301223,23.699952],[121.301219,23.700223],[121.30112,23.700313],[121.300729,23.700218]],[[121.296029,23.699715],[121.296125,23.699806],[121.296027,23.699805],[121.296029,23.699715]],[[121.295444,23.699437],[121.295443,23.699528],[121.295246,23.699526],[121.295248,23.699435],[121.295444,23.699437]],[[121.29564,23.69944],[121.295737,23.699531],[121.295639,23.69953],[121.29564,23.69944]],[[121.294661,23.699338],[121.294757,23.69943],[121.294659,23.699429],[121.294661,23.699338]],[[121.30123,23.699411],[121.301327,23.699502],[121.301229,23.699501],[121.30123,23.699411]],[[121.297327,23.697923],[121.29684,23.697647],[121.296842,23.697466],[121.29714,23.697199],[121.297631,23.697114],[121.297825,23.697296],[121.297726,23.697386],[121.29782,23.697658],[121.297622,23.697836],[121.297427,23.697744],[121.297327,23.697923]],[[121.299683,23.697678],[121.299878,23.69777],[121.299974,23.697952],[121.299778,23.69795],[121.299683,23.697678]],[[121.299683,23.697678],[121.299488,23.697586],[121.299491,23.697405],[121.299686,23.697497],[121.299683,23.697678]],[[121.293604,23.697611],[121.293803,23.697433],[121.293707,23.697251],[121.294004,23.697074],[121.293907,23.696982],[121.294007,23.696803],[121.294203,23.696805],[121.294299,23.696987],[121.294496,23.696899],[121.294591,23.697171],[121.294886,23.697083],[121.294791,23.696812],[121.295182,23.696906],[121.294784,23.697353],[121.294588,23.697351],[121.294493,23.697169],[121.294198,23.697166],[121.294097,23.697436],[121.293604,23.697611]],[[121.293119,23.697245],[121.29312,23.697154],[121.29361,23.69716],[121.293608,23.69734],[121.293119,23.697245]],[[121.299493,23.697224],[121.299394,23.697314],[121.299395,23.697223],[121.299493,23.697224]],[[121.299395,23.697223],[121.299201,23.697041],[121.298906,23.697128],[121.298907,23.697037],[121.298613,23.697034],[121.298517,23.696853],[121.298222,23.69694],[121.298029,23.696667],[121.297733,23.696844],[121.297539,23.696661],[121.297543,23.69639],[121.29774,23.696302],[121.297645,23.69603],[121.297844,23.695852],[121.298231,23.696217],[121.298528,23.69604],[121.298721,23.696223],[121.29862,23.696492],[121.299397,23.697043],[121.299395,23.697223]],[[121.299397,23.697043],[121.299496,23.696954],[121.299495,23.697044],[121.299397,23.697043]],[[121.30195,23.6968],[121.302047,23.696891],[121.301949,23.69689],[121.30195,23.6968]],[[121.295384,23.696457],[121.295481,23.696548],[121.295383,23.696547],[121.295384,23.696457]],[[121.303532,23.695824],[121.30353,23.695914],[121.303137,23.696],[121.302839,23.696268],[121.302837,23.696448],[121.302541,23.696626],[121.302543,23.696445],[121.302641,23.696446],[121.302744,23.696086],[121.302941,23.695998],[121.302943,23.695818],[121.303139,23.69582],[121.303141,23.695729],[121.303433,23.695823],[121.303435,23.695733],[121.30373,23.695646],[121.303728,23.695826],[121.303532,23.695824]],[[121.30373,23.695646],[121.303829,23.695556],[121.303828,23.695647],[121.30373,23.695646]],[[121.303831,23.695376],[121.304028,23.695378],[121.304026,23.695468],[121.303829,23.695556],[121.303831,23.695376]],[[121.298433,23.695768],[121.298431,23.695949],[121.298333,23.695948],[121.298335,23.695767],[121.298433,23.695768]],[[121.299216,23.695867],[121.298828,23.695592],[121.298831,23.695321],[121.299026,23.695413],[121.299216,23.695867]],[[121.299612,23.6956],[121.299709,23.695692],[121.299611,23.695691],[121.299612,23.6956]],[[121.298633,23.695499],[121.298534,23.695589],[121.298535,23.695498],[121.298633,23.695499]],[[121.298535,23.695498],[121.298438,23.695407],[121.298536,23.695408],[121.298535,23.695498]],[[121.304521,23.695112],[121.304421,23.695292],[121.304225,23.69529],[121.304227,23.695109],[121.304521,23.695112]],[[121.304521,23.695112],[121.304621,23.695023],[121.304619,23.695114],[121.304521,23.695112]],[[121.298443,23.695046],[121.298343,23.695135],[121.298344,23.695045],[121.298443,23.695046]],[[121.298344,23.695045],[121.298248,23.694953],[121.298346,23.694954],[121.298344,23.695045]],[[121.298934,23.694961],[121.298937,23.69469],[121.299035,23.694691],[121.299129,23.695053],[121.298934,23.694961]],[[121.304722,23.694753],[121.305316,23.694308],[121.305318,23.694128],[121.305125,23.693945],[121.305323,23.693767],[121.305519,23.693769],[121.305616,23.69386],[121.305509,23.694581],[121.30531,23.69476],[121.305016,23.694757],[121.304916,23.694936],[121.30472,23.694934],[121.304722,23.694753]],[[121.298452,23.694323],[121.29865,23.694145],[121.298845,23.694237],[121.298843,23.694418],[121.29845,23.694504],[121.298452,23.694323]],[[121.299039,23.69442],[121.299136,23.694512],[121.299038,23.69451],[121.299039,23.69442]],[[121.306399,23.693959],[121.306496,23.69405],[121.306398,23.694049],[121.306399,23.693959]],[[121.30042,23.693803],[121.300517,23.693895],[121.300419,23.693894],[121.30042,23.693803]],[[121.300817,23.693446],[121.300914,23.693538],[121.300815,23.693537],[121.300817,23.693446]],[[121.306309,23.693326],[121.306409,23.693237],[121.306703,23.69324],[121.306704,23.69315],[121.306997,23.693243],[121.307196,23.692975],[121.307488,23.693158],[121.307486,23.693339],[121.307193,23.693245],[121.307192,23.693336],[121.3068,23.693331],[121.306699,23.693511],[121.306306,23.693597],[121.306309,23.693326]],[[121.307289,23.693427],[121.307386,23.693518],[121.307288,23.693517],[121.307289,23.693427]],[[121.306312,23.693145],[121.306021,23.692871],[121.30622,23.692693],[121.306512,23.692786],[121.30651,23.692967],[121.306312,23.693145]],[[121.306811,23.692429],[121.30691,23.692339],[121.307896,23.691989],[121.308095,23.69172],[121.308291,23.691722],[121.308589,23.691455],[121.308591,23.691274],[121.308889,23.691006],[121.309184,23.690919],[121.309078,23.69155],[121.308882,23.691548],[121.308682,23.691817],[121.308486,23.691815],[121.308385,23.692085],[121.30819,23.691992],[121.307891,23.69235],[121.307695,23.692348],[121.307694,23.692438],[121.307499,23.692346],[121.307299,23.692614],[121.307202,23.692523],[121.306809,23.692609],[121.306811,23.692429]],[[121.300444,23.691907],[121.300342,23.692267],[121.300146,23.692265],[121.299947,23.692444],[121.29956,23.692078],[121.299166,23.692164],[121.299073,23.691802],[121.298685,23.691436],[121.298293,23.691432],[121.298198,23.69125],[121.298297,23.691161],[121.298885,23.691168],[121.298883,23.691348],[121.299076,23.691531],[121.29947,23.691445],[121.299664,23.691628],[121.299861,23.69154],[121.29986,23.69163],[121.300252,23.691634],[121.300251,23.691725],[121.300742,23.69164],[121.300738,23.69191],[121.300444,23.691907]],[[121.300742,23.69164],[121.300841,23.69155],[121.30084,23.691641],[121.300742,23.69164]],[[121.304169,23.692038],[121.304266,23.69213],[121.304168,23.692129],[121.304169,23.692038]],[[121.309465,23.691916],[121.309467,23.691825],[121.309761,23.691829],[121.309856,23.69201],[121.309465,23.691916]],[[121.301819,23.691742],[121.301726,23.69138],[121.301531,23.691287],[121.301534,23.691016],[121.301436,23.691015],[121.301438,23.690925],[121.301733,23.690838],[121.301735,23.690657],[121.301445,23.690383],[121.302227,23.690572],[121.302126,23.690752],[121.30271,23.691119],[121.302706,23.69139],[121.30221,23.691836],[121.301819,23.691742]],[[121.30329,23.691758],[121.303387,23.691849],[121.303289,23.691848],[121.30329,23.691758]],[[121.303588,23.69149],[121.303684,23.691582],[121.303586,23.691581],[121.303588,23.69149]],[[121.303,23.691393],[121.303101,23.691214],[121.303394,23.691308],[121.303195,23.691486],[121.303,23.691393]],[[121.310158,23.691472],[121.310058,23.691561],[121.310059,23.691471],[121.310158,23.691472]],[[121.310059,23.691471],[121.309963,23.691379],[121.310061,23.69138],[121.310059,23.691471]],[[121.304084,23.691044],[121.304179,23.691226],[121.303787,23.691222],[121.303789,23.691041],[121.304084,23.691044]],[[121.310654,23.691026],[121.310851,23.690938],[121.310755,23.690756],[121.310362,23.690842],[121.310366,23.690481],[121.310565,23.690302],[121.310761,23.690304],[121.310855,23.690576],[121.311445,23.690493],[121.311443,23.690673],[121.311047,23.69094],[121.311045,23.69112],[121.310651,23.691206],[121.310654,23.691026]],[[121.305554,23.69106],[121.305167,23.690695],[121.305463,23.690517],[121.305753,23.690882],[121.305554,23.69106]],[[121.304282,23.690866],[121.304183,23.690955],[121.304184,23.690865],[121.304282,23.690866]],[[121.304184,23.690865],[121.304087,23.690773],[121.304185,23.690774],[121.304184,23.690865]],[[121.305851,23.690883],[121.305853,23.690702],[121.306148,23.690615],[121.306053,23.690434],[121.305856,23.690431],[121.305958,23.690162],[121.306056,23.690163],[121.306152,23.690344],[121.306445,23.690438],[121.306441,23.690709],[121.306244,23.690797],[121.306242,23.690977],[121.305851,23.690883]],[[121.303793,23.69077],[121.303598,23.690678],[121.303506,23.690225],[121.3038,23.690228],[121.303998,23.69005],[121.303996,23.690231],[121.303799,23.690319],[121.303796,23.690499],[121.303894,23.6905],[121.303793,23.69077]],[[121.303892,23.690681],[121.303989,23.690772],[121.303891,23.690771],[121.303892,23.690681]],[[121.30958,23.690653],[121.309577,23.690833],[121.309479,23.690832],[121.309482,23.690652],[121.30958,23.690653]],[[121.309486,23.690291],[121.309583,23.690382],[121.309485,23.690381],[121.309486,23.690291]],[[121.306547,23.690078],[121.306546,23.690168],[121.30635,23.690166],[121.306351,23.690076],[121.306547,23.690078]],[[121.309787,23.689752],[121.309881,23.690114],[121.309488,23.6902],[121.309593,23.68966],[121.309787,23.689752]],[[121.309693,23.68948],[121.309791,23.689481],[121.309794,23.68921],[121.309993,23.689032],[121.310189,23.689034],[121.310087,23.689304],[121.31038,23.689397],[121.310579,23.689219],[121.310386,23.688946],[121.310582,23.688948],[121.310781,23.68877],[121.310783,23.688589],[121.311272,23.688685],[121.311372,23.688505],[121.311568,23.688507],[121.311566,23.688688],[121.311468,23.688687],[121.311564,23.688868],[121.311368,23.688866],[121.311266,23.689136],[121.310971,23.689223],[121.310969,23.689404],[121.310676,23.68931],[121.310476,23.689579],[121.30979,23.689571],[121.309789,23.689662],[121.309691,23.689661],[121.309693,23.68948]],[[121.311451,23.690041],[121.311453,23.689861],[121.311746,23.689954],[121.311744,23.690135],[121.311451,23.690041]],[[121.310667,23.689942],[121.310666,23.690033],[121.31047,23.69003],[121.310471,23.68994],[121.310667,23.689942]],[[121.310474,23.68976],[121.310571,23.689851],[121.310473,23.68985],[121.310474,23.68976]],[[121.310867,23.689674],[121.310964,23.689765],[121.310866,23.689764],[121.310867,23.689674]],[[121.311063,23.689676],[121.31116,23.689767],[121.311062,23.689766],[121.311063,23.689676]],[[121.311947,23.689595],[121.312044,23.689686],[121.311946,23.689685],[121.311947,23.689595]],[[121.307929,23.689371],[121.308026,23.689462],[121.307928,23.689461],[121.307929,23.689371]],[[121.306955,23.688908],[121.306957,23.688728],[121.306666,23.688454],[121.306863,23.688456],[121.306963,23.688276],[121.307258,23.688189],[121.307256,23.68837],[121.307546,23.688644],[121.30725,23.688821],[121.307148,23.689091],[121.306854,23.689088],[121.306857,23.688907],[121.306955,23.688908]],[[121.307739,23.688917],[121.307836,23.689008],[121.307738,23.689007],[121.307739,23.688917]],[[121.31,23.68849],[121.310198,23.688312],[121.310394,23.688314],[121.309997,23.688671],[121.31,23.68849]],[[121.307752,23.687924],[121.30775,23.688104],[121.307651,23.688103],[121.307654,23.687923],[121.307752,23.687924]],[[121.307947,23.688016],[121.308044,23.688108],[121.307946,23.688107],[121.307947,23.688016]],[[121.308338,23.688111],[121.308145,23.687838],[121.307852,23.687744],[121.307855,23.687564],[121.308053,23.687385],[121.308347,23.687389],[121.308548,23.68703],[121.308646,23.687031],[121.30874,23.687303],[121.30884,23.687213],[121.309035,23.687306],[121.309233,23.687127],[121.309231,23.687308],[121.309133,23.687307],[121.309225,23.687759],[121.309029,23.687757],[121.308933,23.687576],[121.308736,23.687664],[121.309026,23.687938],[121.309024,23.688118],[121.308338,23.688111]],[[121.310597,23.687774],[121.310596,23.687865],[121.3104,23.687862],[121.310401,23.687772],[121.310597,23.687774]],[[121.310893,23.687687],[121.31089,23.687868],[121.310792,23.687867],[121.310795,23.687686],[121.310893,23.687687]],[[121.310698,23.687595],[121.310598,23.687684],[121.310011,23.687587],[121.30992,23.687045],[121.310118,23.686956],[121.310212,23.687228],[121.310408,23.68723],[121.310504,23.687412],[121.310701,23.687324],[121.310698,23.687595]],[[121.31002,23.686955],[121.309923,23.686864],[121.310021,23.686865],[121.31002,23.686955]],[[121.310799,23.687325],[121.310604,23.687233],[121.310509,23.687051],[121.310705,23.687053],[121.310799,23.687325]],[[121.311481,23.687694],[121.311384,23.687602],[121.311482,23.687603],[121.311481,23.687694]],[[121.311482,23.687603],[121.311581,23.687514],[121.31158,23.687604],[121.311482,23.687603]],[[121.311582,23.687424],[121.311778,23.687426],[121.311777,23.687516],[121.311581,23.687514],[121.311582,23.687424]],[[121.307465,23.687379],[121.307562,23.68747],[121.307464,23.687469],[121.307465,23.687379]],[[121.307662,23.687291],[121.307759,23.687382],[121.307661,23.687381],[121.307662,23.687291]],[[121.312389,23.685717],[121.312486,23.685808],[121.312388,23.685807],[121.312389,23.685717]]],[[[121.298129,23.696577],[121.298326,23.696489],[121.298328,23.696309],[121.298035,23.696215],[121.297935,23.696395],[121.298129,23.696577]]],[[[121.301043,23.698686],[121.301241,23.698508],[121.301534,23.698601],[121.301635,23.698422],[121.301245,23.698237],[121.301244,23.698327],[121.300948,23.698414],[121.300946,23.698595],[121.301043,23.698686]]]]}},{"type":"Feature","properties":{"kind":"water","month":"2026-03","area_ha":18.64},"geometry":{"type":"MultiPolygon","coordinates":[[[[121.283292,23.691357],[121.283392,23.691177],[121.283197,23.691085],[121.283105,23.690632],[121.283006,23.690722],[121.282615,23.690627],[121.282711,23.690809],[121.282907,23.690811],[121.282999,23.691263],[121.283096,23.691355],[121.283292,23.691357]],[[121.283002,23.690992],[121.283102,23.690903],[121.2831,23.690993],[121.283002,23.690992]]],[[[121.283679,23.691722],[121.283586,23.69136],[121.283095,23.691445],[121.283482,23.69181],[121.283575,23.692173],[121.284067,23.692088],[121.284069,23.691907],[121.283875,23.691724],[121.283679,23.691722]]],[[[121.284065,23.692178],[121.284165,23.692089],[121.284067,23.692088],[121.284065,23.692178]]],[[[121.284259,23.692361],[121.284162,23.692269],[121.284161,23.69236],[121.284259,23.692361]]],[[[121.284259,23.692361],[121.284258,23.692451],[121.284356,23.692452],[121.284357,23.692362],[121.284259,23.692361]]],[[[121.284256,23.692632],[121.284547,23.692815],[121.284649,23.692546],[121.284356,23.692452],[121.284256,23.692632]]],[[[121.289828,23.693957],[121.289532,23.694045],[121.289528,23.694406],[121.289724,23.694408],[121.289727,23.694137],[121.289825,23.694138],[121.289828,23.693957]]],[[[121.289904,23.695584],[121.289806,23.695583],[121.289804,23.695763],[121.289902,23.695764],[121.289904,23.695584]]],[[[121.294996,23.696182],[121.294899,23.69609],[121.294898,23.696181],[121.294996,23.696182]]],[[[121.294995,23.696272],[121.294897,23.696271],[121.294801,23.696089],[121.294605,23.696087],[121.294698,23.696449],[121.294797,23.69636],[121.294992,23.696453],[121.294995,23.696272]]],[[[121.293917,23.69617],[121.293721,23.696168],[121.293621,23.696347],[121.293034,23.69625],[121.292932,23.69652],[121.293031,23.696431],[121.294012,23.696442],[121.293917,23.69617]]],[[[121.290763,23.697399],[121.290665,23.697398],[121.290669,23.697127],[121.290964,23.69704],[121.291057,23.697402],[121.291252,23.697495],[121.291161,23.696952],[121.291658,23.696506],[121.291461,23.696504],[121.291464,23.696323],[121.29127,23.696141],[121.29078,23.696135],[121.290782,23.695955],[121.290586,23.695952],[121.290486,23.696132],[121.289995,23.696127],[121.289998,23.695946],[121.289802,23.695944],[121.289708,23.695582],[121.289218,23.695576],[121.289121,23.695485],[121.289021,23.695664],[121.289412,23.695759],[121.289407,23.69612],[121.289505,23.696121],[121.289303,23.69657],[121.289594,23.696844],[121.289687,23.697207],[121.289979,23.697391],[121.289977,23.697571],[121.290753,23.698212],[121.291145,23.698216],[121.29105,23.697944],[121.291244,23.698127],[121.291538,23.69813],[121.291737,23.697952],[121.291543,23.697769],[121.291547,23.697498],[121.29135,23.697496],[121.291447,23.697587],[121.291446,23.697678],[121.29125,23.697675],[121.291346,23.697857],[121.291052,23.697854],[121.291054,23.697673],[121.290761,23.69758],[121.290763,23.697399]],[[121.291346,23.697857],[121.291443,23.697948],[121.291345,23.697947],[121.291346,23.697857]]],[[[121.295182,23.696906],[121.294791,23.696812],[121.294885,23.697174],[121.294983,23.697175],[121.295182,23.696906]]],[[[121.294493,23.697169],[121.294588,23.697351],[121.294784,23.697353],[121.294787,23.697173],[121.294591,23.697171],[121.294496,23.696899],[121.294201,23.696986],[121.294203,23.696805],[121.294007,23.696803],[121.293908,23.696892],[121.294004,23.697074],[121.293706,23.697341],[121.294097,23.697436],[121.294002,23.697164],[121.294493,23.697169]]],[[[121.292429,23.697508],[121.292331,23.697507],[121.292329,23.697687],[121.292132,23.697685],[121.292325,23.697958],[121.292522,23.69787],[121.292429,23.697508]]],[[[121.292801,23.699047],[121.292605,23.699045],[121.292604,23.699135],[121.2928,23.699137],[121.292801,23.699047]]],[[[121.293093,23.699231],[121.292896,23.699319],[121.292898,23.699138],[121.2928,23.699137],[121.292796,23.699408],[121.292895,23.699409],[121.292988,23.699772],[121.293086,23.699773],[121.293088,23.699592],[121.29299,23.699591],[121.293093,23.699231]]],[[[121.294748,23.700152],[121.294651,23.700061],[121.29465,23.700151],[121.294748,23.700152]]],[[[121.295236,23.700338],[121.294746,23.700333],[121.294358,23.699967],[121.293183,23.699864],[121.293278,23.700046],[121.293573,23.700049],[121.293766,23.700232],[121.294258,23.700147],[121.294645,23.700512],[121.294745,23.700423],[121.295234,23.700519],[121.295236,23.700338]]],[[[121.306055,23.690253],[121.305958,23.690162],[121.305957,23.690252],[121.306055,23.690253]]],[[[121.306445,23.690438],[121.306153,23.690254],[121.306055,23.690253],[121.306054,23.690343],[121.305858,23.690341],[121.305856,23.690431],[121.306149,23.690525],[121.306146,23.690796],[121.306441,23.690709],[121.306445,23.690438]]],[[[121.303798,23.690409],[121.303602,23.690407],[121.303695,23.690769],[121.303892,23.690681],[121.303798,23.690409]]],[[[121.305463,23.690517],[121.305166,23.690785],[121.305557,23.69088],[121.30556,23.690609],[121.305463,23.690517]]],[[[121.303989,23.690772],[121.303892,23.690681],[121.303891,23.690771],[121.303989,23.690772]]],[[[121.306049,23.690704],[121.305853,23.690702],[121.305948,23.690974],[121.306242,23.690977],[121.306049,23.690704]]],[[[121.3068,23.693331],[121.307192,23.693336],[121.307193,23.693245],[121.307096,23.693154],[121.306997,23.693243],[121.3069,23.693152],[121.306409,23.693237],[121.306306,23.693597],[121.306699,23.693511],[121.3068,23.693331]]],[[[121.305313,23.694579],[121.305509,23.694581],[121.305613,23.694131],[121.305317,23.694218],[121.305119,23.694397],[121.305117,23.694577],[121.304722,23.694753],[121.30472,23.694934],[121.304916,23.694936],[121.305016,23.694757],[121.30531,23.69476],[121.305313,23.694579]]],[[[121.303831,23.695376],[121.303829,23.695556],[121.303927,23.695557],[121.304028,23.695378],[121.303831,23.695376]]],[[[121.303828,23.695647],[121.303731,23.695555],[121.30373,23.695646],[121.303828,23.695647]]],[[[121.299026,23.695413],[121.298831,23.695321],[121.298828,23.695592],[121.299216,23.695867],[121.299026,23.695413]]],[[[121.302839,23.696268],[121.302937,23.696269],[121.30294,23.696088],[121.303728,23.695826],[121.30373,23.695646],[121.303435,23.695733],[121.303433,23.695823],[121.303237,23.695821],[121.303239,23.69573],[121.302943,23.695818],[121.302941,23.695998],[121.302744,23.696086],[121.302541,23.696626],[121.302837,23.696448],[121.302839,23.696268]]],[[[121.301935,23.697974],[121.301838,23.697882],[121.301837,23.697973],[121.301935,23.697974]]],[[[121.302027,23.698426],[121.301928,23.698515],[121.301732,23.698513],[121.301832,23.698334],[121.301538,23.698331],[121.301632,23.698602],[121.301827,23.698695],[121.301825,23.698875],[121.302021,23.698878],[121.302019,23.699058],[121.301726,23.698965],[121.301722,23.699236],[121.301916,23.699418],[121.302504,23.699425],[121.302605,23.699245],[121.302899,23.699248],[121.302999,23.699069],[121.30349,23.699074],[121.30359,23.698895],[121.303786,23.698897],[121.303788,23.698716],[121.30369,23.698715],[121.3038,23.697814],[121.303606,23.697631],[121.30341,23.697629],[121.303412,23.697448],[121.303118,23.697445],[121.303312,23.697628],[121.30292,23.697623],[121.302919,23.697714],[121.302626,23.69762],[121.302622,23.697891],[121.302427,23.697798],[121.302424,23.698069],[121.30262,23.698071],[121.302616,23.698342],[121.302813,23.698344],[121.30281,23.698525],[121.302516,23.698522],[121.302423,23.69816],[121.30203,23.698155],[121.302027,23.698426]],[[121.302321,23.698429],[121.30271,23.698705],[121.302711,23.698614],[121.303006,23.698527],[121.303005,23.698618],[121.303201,23.69862],[121.303199,23.6988],[121.303102,23.698709],[121.302414,23.698792],[121.302417,23.698611],[121.30222,23.698699],[121.302127,23.698247],[121.302323,23.698249],[121.302321,23.698429]],[[121.301927,23.698606],[121.302023,23.698697],[121.301925,23.698696],[121.301927,23.698606]],[[121.302814,23.698254],[121.30272,23.697892],[121.303108,23.698257],[121.303304,23.69826],[121.303398,23.698532],[121.303205,23.698349],[121.302814,23.698254]]],[[[121.30024,23.700122],[121.300435,23.700215],[121.30054,23.699674],[121.300344,23.699672],[121.300345,23.699582],[121.30005,23.699669],[121.299954,23.699487],[121.299757,23.699575],[121.299564,23.699302],[121.299956,23.699306],[121.299959,23.699126],[121.300253,23.699129],[121.30055,23.698861],[121.300843,23.698955],[121.30075,23.698593],[121.300945,23.698685],[121.301048,23.698325],[121.301244,23.698327],[121.301245,23.698237],[121.30144,23.698329],[121.301443,23.698059],[121.301739,23.697972],[121.30184,23.697702],[121.302236,23.697435],[121.302242,23.696984],[121.302144,23.696983],[121.30214,23.697254],[121.301648,23.697429],[121.301544,23.697879],[121.301052,23.697964],[121.30105,23.698145],[121.300854,23.698142],[121.300655,23.698321],[121.300263,23.698317],[121.300262,23.698407],[121.300458,23.698409],[121.300456,23.69859],[121.299669,23.698761],[121.299566,23.699122],[121.298971,23.699657],[121.298775,23.699655],[121.298675,23.699834],[121.298479,23.699832],[121.298083,23.700099],[121.29779,23.700005],[121.297788,23.700186],[121.298179,23.70028],[121.298476,23.700013],[121.298573,23.700104],[121.298868,23.700017],[121.29897,23.699747],[121.299166,23.699749],[121.299167,23.699659],[121.299363,23.699661],[121.299366,23.699481],[121.299562,23.699483],[121.299659,23.699574],[121.299559,23.699663],[121.299649,23.700296],[121.300041,23.700301],[121.300044,23.70012],[121.299946,23.700119],[121.300048,23.699759],[121.300243,23.699851],[121.30024,23.700122]],[[121.299948,23.699938],[121.299851,23.699847],[121.299949,23.699848],[121.299948,23.699938]]],[[[121.301039,23.698957],[121.300843,23.698955],[121.300841,23.699136],[121.301037,23.699138],[121.301039,23.698957]]],[[[121.301134,23.699229],[121.301037,23.699138],[121.301036,23.699228],[121.301134,23.699229]]],[[[121.301028,23.69986],[121.300732,23.699947],[121.300827,23.700219],[121.301122,23.700132],[121.301028,23.69986]]],[[[121.296607,23.700444],[121.297295,23.700361],[121.297296,23.70027],[121.297491,23.700363],[121.297593,23.700093],[121.2973,23.7],[121.297301,23.699909],[121.296909,23.699905],[121.296906,23.700086],[121.29671,23.700083],[121.296411,23.700441],[121.295726,23.700343],[121.29563,23.700162],[121.295237,23.700248],[121.295333,23.700429],[121.295822,23.700525],[121.295918,23.700707],[121.29631,23.700711],[121.296607,23.700444]]],[[[121.312382,23.686259],[121.312285,23.686167],[121.312089,23.686165],[121.311988,23.686345],[121.311498,23.686339],[121.311499,23.686249],[121.311303,23.686247],[121.311307,23.685976],[121.311209,23.685975],[121.311115,23.685613],[121.310724,23.685518],[121.310722,23.685699],[121.31082,23.6857],[121.310716,23.68615],[121.31111,23.686064],[121.311105,23.686425],[121.3114,23.686338],[121.311496,23.68652],[121.31179,23.686523],[121.311787,23.686794],[121.311984,23.686706],[121.311888,23.686524],[121.312084,23.686526],[121.312082,23.686707],[121.312376,23.68671],[121.312374,23.686891],[121.31257,23.686893],[121.312567,23.687073],[121.312665,23.687074],[121.312668,23.686894],[121.312865,23.686806],[121.312967,23.686536],[121.312772,23.686444],[121.312774,23.686263],[121.31258,23.68608],[121.312384,23.686078],[121.312382,23.686259]],[[121.312674,23.686442],[121.312576,23.686441],[121.312578,23.686261],[121.312676,23.686262],[121.312674,23.686442]],[[121.312769,23.686624],[121.312768,23.686714],[121.312572,23.686712],[121.312573,23.686622],[121.312769,23.686624]]],[[[121.310021,23.686865],[121.309922,23.686954],[121.31002,23.686955],[121.310021,23.686865]]],[[[121.310698,23.687595],[121.3107,23.687414],[121.310406,23.687411],[121.310408,23.68723],[121.310212,23.687228],[121.310307,23.6875],[121.310111,23.687498],[121.310118,23.686956],[121.30992,23.687045],[121.310011,23.687587],[121.310698,23.687595]]],[[[121.308145,23.687838],[121.308338,23.688111],[121.309024,23.688118],[121.309026,23.687938],[121.308829,23.688026],[121.308738,23.687483],[121.309029,23.687757],[121.309225,23.687759],[121.309228,23.687488],[121.309032,23.687486],[121.308938,23.687214],[121.308642,23.687301],[121.308646,23.687031],[121.308548,23.68703],[121.308445,23.68739],[121.308053,23.687385],[121.308149,23.687567],[121.307855,23.687564],[121.307852,23.687744],[121.308145,23.687838]],[[121.308345,23.687569],[121.308439,23.687841],[121.308048,23.687746],[121.308149,23.687567],[121.308345,23.687569]],[[121.308442,23.68766],[121.308541,23.687571],[121.30854,23.687662],[121.308442,23.68766]]],[[[121.312757,23.687617],[121.312755,23.687708],[121.312168,23.687611],[121.312068,23.68779],[121.311774,23.687787],[121.31177,23.688058],[121.311573,23.688146],[121.311571,23.688327],[121.311868,23.688059],[121.31236,23.687974],[121.312361,23.687884],[121.313045,23.688072],[121.313146,23.687802],[121.312953,23.687619],[121.312757,23.687617]]],[[[121.313533,23.688258],[121.313637,23.687807],[121.313344,23.687714],[121.31334,23.687985],[121.313144,23.687983],[121.313143,23.688073],[121.313339,23.688075],[121.313533,23.688258]]],[[[121.307546,23.688644],[121.30745,23.688553],[121.307448,23.688643],[121.307546,23.688644]]],[[[121.307258,23.688189],[121.306963,23.688276],[121.306961,23.688457],[121.306666,23.688454],[121.306762,23.688635],[121.306958,23.688638],[121.306854,23.689088],[121.307148,23.689091],[121.30725,23.688821],[121.307447,23.688733],[121.307258,23.688189]]],[[[121.311564,23.688868],[121.311467,23.688777],[121.311466,23.688867],[121.311564,23.688868]]],[[[121.31068,23.688949],[121.310583,23.688858],[121.310582,23.688948],[121.31068,23.688949]]],[[[121.310582,23.688948],[121.310386,23.688946],[121.310385,23.689036],[121.310581,23.689038],[121.310582,23.688948]]],[[[121.310476,23.689579],[121.310676,23.68931],[121.310969,23.689404],[121.310972,23.689133],[121.311266,23.689136],[121.31117,23.688954],[121.311367,23.688957],[121.311568,23.688507],[121.311372,23.688505],[121.311272,23.688685],[121.310783,23.688589],[121.310781,23.68877],[121.310683,23.688769],[121.310778,23.68895],[121.31068,23.688949],[121.310581,23.689038],[121.310578,23.689309],[121.309693,23.68948],[121.309691,23.689661],[121.30979,23.689571],[121.310476,23.689579]]],[[[121.309993,23.689032],[121.309794,23.68921],[121.309792,23.689391],[121.309988,23.689393],[121.310187,23.689215],[121.310189,23.689034],[121.309993,23.689032]]],[[[121.309787,23.689752],[121.309593,23.68966],[121.309488,23.6902],[121.309881,23.690114],[121.309787,23.689752]]],[[[121.311146,23.69085],[121.311443,23.690673],[121.311445,23.690493],[121.310659,23.690574],[121.310761,23.690304],[121.310565,23.690302],[121.310562,23.690483],[121.310366,23.690481],[121.310362,23.690842],[121.310461,23.690753],[121.310852,23.690847],[121.310654,23.691026],[121.310651,23.691206],[121.311045,23.69112],[121.311146,23.69085]]],[[[121.308689,23.691275],[121.30859,23.691364],[121.308688,23.691365],[121.308689,23.691275]]],[[[121.308688,23.691365],[121.307896,23.691989],[121.30691,23.692339],[121.306809,23.692609],[121.306908,23.69252],[121.307299,23.692614],[121.307301,23.692434],[121.307891,23.69235],[121.307992,23.69208],[121.308189,23.692082],[121.30819,23.691992],[121.308385,23.692085],[121.308388,23.691814],[121.308682,23.691817],[121.308784,23.691547],[121.309078,23.69155],[121.309079,23.69146],[121.308688,23.691365]]]]}}]}