{"type":"FeatureCollection","features":[{"type":"Feature","properties":{"kind":"bare_slide","month":"2026-07","area_ha":428.85},"geometry":{"type":"MultiPolygon","coordinates":[[[[121.296587,23.724643],[121.296684,23.724735],[121.296487,23.724823],[121.296485,23.725003],[121.296678,23.725186],[121.296874,23.725188],[121.296872,23.725369],[121.297066,23.725552],[121.296966,23.725731],[121.296771,23.725639],[121.29667,23.725818],[121.296767,23.72591],[121.296866,23.72582],[121.297257,23.725915],[121.29736,23.725555],[121.297652,23.725739],[121.29795,23.725471],[121.297953,23.7252],[121.298151,23.725112],[121.298155,23.724751],[121.297961,23.724568],[121.298158,23.72457],[121.298156,23.724661],[121.298354,23.724573],[121.298259,23.724301],[121.298557,23.724033],[121.29856,23.723762],[121.298956,23.723496],[121.299059,23.723136],[121.299255,23.723138],[121.29974,23.723595],[121.299736,23.723865],[121.299931,23.723958],[121.299915,23.725222],[121.299717,23.72531],[121.299714,23.725581],[121.29892,23.726294],[121.298626,23.726291],[121.298525,23.726471],[121.296956,23.726453],[121.296667,23.726089],[121.296276,23.725994],[121.296182,23.725632],[121.295696,23.725266],[121.295597,23.725355],[121.295791,23.725538],[121.295784,23.726079],[121.295685,23.726169],[121.295881,23.726171],[121.295879,23.726351],[121.296075,23.726353],[121.296072,23.726534],[121.296465,23.726538],[121.296462,23.726719],[121.296658,23.726721],[121.296656,23.726902],[121.297244,23.726908],[121.297247,23.726728],[121.29862,23.726743],[121.298715,23.726924],[121.29901,23.726928],[121.299208,23.726749],[121.299312,23.726299],[121.299607,23.726212],[121.299609,23.726121],[121.299902,23.726215],[121.2999,23.726305],[121.300391,23.726311],[121.300487,23.726492],[121.30137,23.726412],[121.301569,23.726233],[121.301474,23.725961],[121.301672,23.725873],[121.301865,23.726056],[121.302064,23.725878],[121.302069,23.725516],[121.302265,23.725519],[121.302263,23.725609],[121.302461,23.725521],[121.302465,23.72516],[121.302861,23.724893],[121.302866,23.724532],[121.30316,23.724535],[121.303161,23.724445],[121.303357,23.724447],[121.303355,23.724628],[121.303744,23.724903],[121.303742,23.725083],[121.303935,23.725266],[121.304131,23.725268],[121.304128,23.725539],[121.304516,23.725904],[121.304413,23.726265],[121.304608,23.726357],[121.304707,23.726268],[121.304709,23.726087],[121.304611,23.726086],[121.304714,23.725726],[121.304519,23.725634],[121.304623,23.725183],[121.304138,23.724726],[121.303942,23.724724],[121.303945,23.724544],[121.303653,23.72436],[121.303655,23.724179],[121.303364,23.723905],[121.303562,23.723817],[121.303564,23.723637],[121.30376,23.723639],[121.304058,23.723371],[121.303961,23.72328],[121.304063,23.72301],[121.303674,23.722735],[121.303676,23.722554],[121.304265,23.722561],[121.304458,23.722743],[121.304851,23.722748],[121.304852,23.722657],[121.305145,23.722751],[121.305244,23.722662],[121.30505,23.722479],[121.305152,23.722209],[121.304663,23.722113],[121.304861,23.721935],[121.304767,23.721663],[121.304471,23.72175],[121.304367,23.722201],[121.303289,23.722189],[121.303096,23.721916],[121.302607,23.72182],[121.302517,23.721187],[121.302322,23.721095],[121.302341,23.71965],[121.302638,23.719382],[121.302544,23.71911],[121.303035,23.719025],[121.304226,23.717955],[121.304715,23.718051],[121.304611,23.718501],[121.304901,23.718865],[121.305097,23.718867],[121.305199,23.718598],[121.3051,23.718597],[121.305007,23.718234],[121.305502,23.717879],[121.305504,23.717698],[121.305797,23.717792],[121.305888,23.718334],[121.306181,23.718428],[121.306282,23.718248],[121.306773,23.718163],[121.306875,23.717894],[121.307173,23.717626],[121.308054,23.717726],[121.308252,23.717548],[121.308255,23.717367],[121.308059,23.717365],[121.30806,23.717275],[121.307569,23.717269],[121.307571,23.717179],[121.306983,23.717082],[121.306888,23.716901],[121.306594,23.716897],[121.306595,23.716807],[121.306301,23.716804],[121.306302,23.716713],[121.306006,23.716801],[121.306012,23.716349],[121.30631,23.716081],[121.306313,23.715811],[121.306413,23.715721],[121.306706,23.715815],[121.307004,23.715457],[121.307201,23.715459],[121.307302,23.715189],[121.307697,23.715013],[121.3077,23.714742],[121.308195,23.714386],[121.307906,23.714022],[121.307511,23.714198],[121.307606,23.71447],[121.307215,23.714376],[121.307317,23.714016],[121.307711,23.71393],[121.307518,23.713657],[121.307714,23.713659],[121.307908,23.713841],[121.308305,23.713485],[121.308014,23.713211],[121.308016,23.71303],[121.307725,23.712846],[121.30773,23.712395],[121.307536,23.712302],[121.30754,23.711941],[121.307739,23.711763],[121.307935,23.711765],[121.308127,23.712038],[121.308325,23.71195],[121.308131,23.711767],[121.308137,23.711316],[121.307942,23.711223],[121.307946,23.710862],[121.307751,23.71077],[121.30795,23.710591],[121.307953,23.71032],[121.307856,23.710229],[121.307659,23.710317],[121.307663,23.710046],[121.307371,23.709862],[121.307471,23.709683],[121.307179,23.709499],[121.30728,23.70932],[121.307182,23.709319],[121.307185,23.709048],[121.306991,23.708865],[121.306596,23.709132],[121.306494,23.709401],[121.3062,23.709398],[121.306009,23.709035],[121.30581,23.709213],[121.305518,23.709029],[121.305219,23.709387],[121.305023,23.709385],[121.305027,23.709114],[121.305223,23.709117],[121.305421,23.708938],[121.305326,23.708756],[121.305032,23.708753],[121.305329,23.708486],[121.305333,23.708215],[121.305235,23.708214],[121.305337,23.707854],[121.305239,23.707853],[121.305145,23.707581],[121.304849,23.707668],[121.304851,23.707577],[121.30446,23.707483],[121.30456,23.707303],[121.304756,23.707305],[121.304755,23.707396],[121.304952,23.707308],[121.304954,23.707127],[121.305152,23.707039],[121.305154,23.706858],[121.305056,23.706857],[121.305156,23.706678],[121.305447,23.706952],[121.305644,23.706864],[121.305838,23.707046],[121.305836,23.707227],[121.305639,23.707315],[121.305633,23.707767],[121.305535,23.707765],[121.305629,23.708037],[121.30553,23.708127],[121.305724,23.708309],[121.306018,23.708313],[121.306016,23.708493],[121.305525,23.708488],[121.305425,23.708667],[121.305619,23.70885],[121.306206,23.708947],[121.306302,23.709128],[121.306499,23.70904],[121.306403,23.708859],[121.306797,23.708773],[121.306804,23.708231],[121.306707,23.708139],[121.306509,23.708228],[121.306507,23.708408],[121.306213,23.708405],[121.306215,23.708224],[121.306313,23.708225],[121.306216,23.708134],[121.306326,23.707232],[121.30662,23.707236],[121.306814,23.707418],[121.30681,23.707689],[121.307102,23.707873],[121.3069,23.708322],[121.307288,23.708688],[121.307583,23.708601],[121.307588,23.708239],[121.307199,23.707964],[121.307202,23.707784],[121.3074,23.707605],[121.307596,23.707607],[121.308079,23.708155],[121.308374,23.708158],[121.30876,23.708613],[121.309153,23.708527],[121.309346,23.7088],[121.30974,23.708624],[121.309746,23.708173],[121.309844,23.708174],[121.309749,23.707992],[121.309454,23.707989],[121.309355,23.708078],[121.30945,23.70835],[121.309156,23.708347],[121.309158,23.708166],[121.308964,23.707984],[121.308768,23.707981],[121.308091,23.707252],[121.307895,23.707249],[121.307597,23.707517],[121.307206,23.707423],[121.30711,23.707241],[121.306816,23.707238],[121.306235,23.70669],[121.306238,23.706419],[121.306436,23.706331],[121.306438,23.70615],[121.306049,23.705875],[121.306052,23.705694],[121.30615,23.705695],[121.306055,23.705423],[121.306551,23.704977],[121.306356,23.704885],[121.306058,23.705243],[121.305861,23.705241],[121.305866,23.70488],[121.306063,23.704791],[121.305968,23.70461],[121.306861,23.703807],[121.307547,23.703814],[121.307548,23.703724],[121.307744,23.703726],[121.30784,23.703908],[121.308037,23.70382],[121.30794,23.703728],[121.30804,23.703639],[121.308048,23.703007],[121.307659,23.702732],[121.30766,23.702642],[121.307856,23.702644],[121.307855,23.702734],[121.308052,23.702646],[121.307859,23.702463],[121.307863,23.702102],[121.307765,23.702101],[121.307869,23.701651],[121.307967,23.701652],[121.307875,23.701199],[121.308073,23.701021],[121.308076,23.70084],[121.307978,23.700839],[121.308079,23.700569],[121.307981,23.700568],[121.307986,23.700207],[121.307497,23.700111],[121.307499,23.699931],[121.307891,23.699935],[121.30789,23.700025],[121.308087,23.699937],[121.308098,23.699125],[121.308294,23.699127],[121.308486,23.6994],[121.308685,23.699221],[121.308491,23.699039],[121.308498,23.698497],[121.308303,23.698405],[121.308305,23.698224],[121.308404,23.698225],[121.30831,23.697863],[121.308408,23.697864],[121.308511,23.697504],[121.308413,23.697503],[121.308127,23.696868],[121.30793,23.696956],[121.307834,23.696774],[121.307541,23.696681],[121.307739,23.696502],[121.307742,23.696322],[121.308038,23.696144],[121.30804,23.695964],[121.308238,23.695876],[121.308141,23.695784],[121.308245,23.695334],[121.307953,23.69515],[121.307766,23.694426],[121.307668,23.694424],[121.307574,23.694153],[121.307377,23.69415],[121.306981,23.694507],[121.306968,23.6955],[121.307163,23.695593],[121.306964,23.695771],[121.306955,23.696494],[121.306856,23.696583],[121.306267,23.696576],[121.306167,23.696756],[121.305481,23.696748],[121.304191,23.697908],[121.304185,23.69836],[121.303988,23.698448],[121.303982,23.698899],[121.303785,23.698987],[121.303781,23.699258],[121.303584,23.699346],[121.303676,23.699799],[121.303382,23.699796],[121.302985,23.700152],[121.302972,23.701146],[121.302675,23.701413],[121.302086,23.701407],[121.301986,23.701586],[121.299633,23.70156],[121.299537,23.701379],[121.298753,23.70137],[121.298657,23.701188],[121.298069,23.701182],[121.298553,23.701639],[121.29845,23.701999],[121.298254,23.701997],[121.298256,23.701906],[121.297862,23.701992],[121.297863,23.701902],[121.297374,23.701806],[121.297279,23.701625],[121.297082,23.701623],[121.297081,23.701713],[121.296885,23.701711],[121.296588,23.701978],[121.296095,23.702154],[121.29609,23.702515],[121.29638,23.702879],[121.296377,23.70306],[121.296179,23.703238],[121.296177,23.703419],[121.29637,23.703601],[121.296172,23.70378],[121.296266,23.704052],[121.295775,23.704137],[121.295673,23.704406],[121.295477,23.704404],[121.295382,23.704223],[121.295183,23.704401],[121.294794,23.704126],[121.294597,23.704214],[121.294685,23.705028],[121.294487,23.705116],[121.294385,23.705476],[121.294483,23.705477],[121.294577,23.705749],[121.294774,23.705661],[121.295063,23.706115],[121.294864,23.706294],[121.294671,23.706111],[121.294474,23.706109],[121.294374,23.706288],[121.293885,23.706193],[121.293884,23.706283],[121.293588,23.70637],[121.293585,23.706641],[121.293683,23.706642],[121.293583,23.706821],[121.293679,23.706913],[121.293975,23.706826],[121.29388,23.706554],[121.294272,23.706558],[121.29417,23.706918],[121.294658,23.707104],[121.294553,23.707645],[121.294358,23.707552],[121.294256,23.707822],[121.294158,23.707821],[121.294253,23.708093],[121.294351,23.708094],[121.294251,23.708183],[121.294243,23.708815],[121.294045,23.708994],[121.293651,23.70908],[121.293453,23.709258],[121.29345,23.709439],[121.292856,23.709884],[121.293049,23.710157],[121.292652,23.710513],[121.292549,23.710873],[121.292353,23.710871],[121.292155,23.71105],[121.292152,23.71123],[121.291757,23.711497],[121.291753,23.711768],[121.290761,23.71266],[121.290758,23.71284],[121.290366,23.712836],[121.290168,23.713014],[121.290163,23.713375],[121.289967,23.713373],[121.289767,23.713642],[121.289374,23.713728],[121.289371,23.713909],[121.289174,23.713997],[121.289171,23.714267],[121.288974,23.714265],[121.288676,23.714623],[121.288479,23.714621],[121.288385,23.714349],[121.288188,23.714437],[121.288092,23.714256],[121.287798,23.714252],[121.287604,23.71407],[121.287407,23.714158],[121.286921,23.713791],[121.286819,23.714061],[121.286721,23.71406],[121.286718,23.714331],[121.286229,23.714235],[121.286228,23.714325],[121.285834,23.714411],[121.285831,23.714682],[121.286024,23.714865],[121.286222,23.714777],[121.286119,23.715137],[121.285923,23.715135],[121.285723,23.715403],[121.285429,23.7154],[121.285327,23.71567],[121.28503,23.715937],[121.284735,23.715934],[121.284634,23.716204],[121.284438,23.716202],[121.284238,23.71647],[121.283944,23.716467],[121.283646,23.716735],[121.283058,23.716728],[121.283057,23.716818],[121.282761,23.716905],[121.282856,23.717177],[121.283051,23.71727],[121.283048,23.71745],[121.282852,23.717448],[121.282654,23.717627],[121.282748,23.717899],[121.282846,23.7179],[121.28284,23.718351],[121.282741,23.71844],[121.282447,23.718437],[121.282347,23.718616],[121.282052,23.718613],[121.281952,23.718793],[121.281756,23.718791],[121.281757,23.7187],[121.281561,23.718698],[121.281569,23.718066],[121.281375,23.717883],[121.280983,23.717879],[121.28088,23.718239],[121.280683,23.718327],[121.280774,23.71887],[121.280476,23.719138],[121.280084,23.719133],[121.280083,23.719223],[121.279887,23.719221],[121.279888,23.719131],[121.279494,23.719217],[121.279398,23.719126],[121.279298,23.719215],[121.279394,23.719396],[121.279493,23.719307],[121.279982,23.719403],[121.279981,23.719493],[121.280375,23.719407],[121.280468,23.719769],[121.28076,23.719953],[121.280756,23.720224],[121.281247,23.72023],[121.281346,23.72014],[121.28154,23.720323],[121.281534,23.720775],[121.28173,23.720777],[121.281727,23.720957],[121.282806,23.720969],[121.282801,23.72133],[121.282998,23.721333],[121.282995,23.721513],[121.283191,23.721515],[121.283187,23.721877],[121.283383,23.721879],[121.283378,23.72224],[121.283574,23.722242],[121.283572,23.722423],[121.283768,23.722425],[121.283765,23.722605],[121.283962,23.722608],[121.283959,23.722788],[121.284155,23.72279],[121.284153,23.722971],[121.285526,23.722986],[121.285524,23.723167],[121.28572,23.723169],[121.285717,23.723349],[121.286307,23.723266],[121.286305,23.723446],[121.286501,23.723448],[121.286498,23.723629],[121.286694,23.723631],[121.286692,23.723812],[121.286888,23.723814],[121.286886,23.723994],[121.287278,23.723999],[121.287276,23.724179],[121.287668,23.724184],[121.287666,23.724364],[121.287862,23.724366],[121.287857,23.724728],[121.288053,23.72473],[121.288051,23.72491],[121.288247,23.724913],[121.288242,23.725274],[121.288635,23.725278],[121.288632,23.725459],[121.288828,23.725461],[121.288826,23.725641],[121.28912,23.725645],[121.289221,23.725465],[121.289514,23.725559],[121.289713,23.72529],[121.289907,23.725473],[121.290104,23.725385],[121.2902,23.725566],[121.290497,23.725389],[121.29069,23.725572],[121.290491,23.72584],[121.290785,23.725844],[121.290783,23.726024],[121.291077,23.726027],[121.291374,23.72576],[121.291085,23.725395],[121.291283,23.725217],[121.29148,23.725219],[121.291569,23.725852],[121.291371,23.726031],[121.291663,23.726214],[121.291562,23.726394],[121.292935,23.726409],[121.292937,23.726319],[121.293525,23.726325],[121.293527,23.726145],[121.29392,23.726149],[121.293921,23.726059],[121.293627,23.726056],[121.29363,23.725785],[121.293436,23.725602],[121.293537,23.725422],[121.29344,23.725331],[121.293242,23.725419],[121.293345,23.725059],[121.293247,23.725058],[121.293154,23.724696],[121.293057,23.724604],[121.29286,23.724693],[121.292764,23.724511],[121.29247,23.724508],[121.292375,23.724236],[121.292571,23.724238],[121.292572,23.724148],[121.292865,23.724241],[121.293071,23.723521],[121.293666,23.722986],[121.293863,23.722988],[121.293963,23.722809],[121.294554,23.722634],[121.294458,23.722453],[121.294065,23.722539],[121.294169,23.722088],[121.294366,23.722],[121.294368,23.72182],[121.294075,23.721726],[121.294076,23.721636],[121.294372,23.721549],[121.294473,23.721279],[121.294669,23.721281],[121.294765,23.721463],[121.295059,23.721466],[121.294861,23.721645],[121.294955,23.721916],[121.295351,23.72165],[121.295347,23.722011],[121.295148,23.722189],[121.295343,23.722282],[121.29524,23.722642],[121.295435,23.722734],[121.295427,23.723366],[121.295524,23.723458],[121.295426,23.723457],[121.295423,23.723637],[121.295133,23.723363],[121.294935,23.723451],[121.294927,23.724083],[121.295122,23.724176],[121.295321,23.723997],[121.295318,23.724178],[121.29522,23.724177],[121.295218,23.724357],[121.295413,23.72445],[121.295312,23.724629],[121.295507,23.724722],[121.295607,23.724633],[121.295512,23.724361],[121.295708,23.724363],[121.295705,23.724634],[121.295803,23.724635],[121.295896,23.724997],[121.296093,23.724909],[121.295909,23.724004],[121.296207,23.723736],[121.29611,23.723645],[121.295911,23.723823],[121.295716,23.723731],[121.295623,23.723369],[121.295721,23.72337],[121.295924,23.72283],[121.295632,23.722646],[121.295635,23.722466],[121.295733,23.722467],[121.29564,23.722105],[121.295933,23.722198],[121.296026,23.72256],[121.296125,23.722471],[121.29632,23.722564],[121.296519,23.722385],[121.296325,23.722202],[121.296327,23.722022],[121.296619,23.722206],[121.296617,23.722386],[121.29681,23.722569],[121.297008,23.722481],[121.297005,23.722661],[121.29671,23.722749],[121.29661,23.722928],[121.296416,23.722745],[121.296219,23.722833],[121.296315,23.722925],[121.296211,23.723375],[121.296113,23.723374],[121.296209,23.723556],[121.296408,23.723377],[121.296603,23.72347],[121.296801,23.723291],[121.296704,23.7232],[121.296805,23.72302],[121.297099,23.723024],[121.297199,23.722844],[121.297493,23.722847],[121.297594,23.722668],[121.298182,23.722674],[121.298079,23.723034],[121.29759,23.722939],[121.297293,23.723206],[121.29729,23.723387],[121.297388,23.723388],[121.297284,23.723838],[121.297186,23.723837],[121.297092,23.723565],[121.296798,23.723562],[121.296796,23.723652],[121.296601,23.72356],[121.296502,23.723649],[121.296396,23.72428],[121.296688,23.724464],[121.296587,23.724643]],[[121.307657,23.710498],[121.307559,23.710497],[121.307561,23.710316],[121.307659,23.710317],[121.307657,23.710498]],[[121.307559,23.710497],[121.30746,23.710586],[121.307461,23.710496],[121.307559,23.710497]],[[121.30746,23.710586],[121.30736,23.710675],[121.307362,23.710585],[121.30746,23.710586]],[[121.30737,23.709953],[121.307172,23.710041],[121.307174,23.709951],[121.306879,23.709947],[121.306881,23.709857],[121.307274,23.709771],[121.30737,23.709953]],[[121.306793,23.709043],[121.30689,23.709135],[121.306792,23.709134],[121.306793,23.709043]],[[121.305772,23.704608],[121.305774,23.704427],[121.305872,23.704428],[121.305968,23.70461],[121.305772,23.704608]],[[121.305774,23.704427],[121.305677,23.704336],[121.305775,23.704337],[121.305774,23.704427]],[[121.295064,23.706025],[121.295163,23.705936],[121.295265,23.705666],[121.295558,23.70576],[121.295554,23.70603],[121.295064,23.706025]],[[121.289615,23.725289],[121.289616,23.725199],[121.28942,23.725196],[121.289222,23.725375],[121.289223,23.725285],[121.288733,23.725279],[121.288636,23.725188],[121.28874,23.724737],[121.289036,23.72456],[121.289139,23.7242],[121.289536,23.723843],[121.289928,23.723848],[121.290217,23.724302],[121.290316,23.724213],[121.29051,23.724396],[121.290707,23.724308],[121.291288,23.724856],[121.290989,23.725214],[121.290695,23.72521],[121.290502,23.724937],[121.290208,23.724934],[121.290108,23.725114],[121.289814,23.72511],[121.289615,23.725289]],[[121.295351,23.72165],[121.29545,23.721561],[121.295449,23.721651],[121.295351,23.72165]],[[121.295454,23.72129],[121.295649,23.721382],[121.295549,23.721562],[121.29545,23.721561],[121.295454,23.72129]],[[121.296689,23.724374],[121.296787,23.724375],[121.296695,23.723922],[121.296891,23.723924],[121.296987,23.724106],[121.297379,23.72411],[121.297573,23.724293],[121.29757,23.724474],[121.297373,23.724562],[121.29737,23.724833],[121.297271,23.724832],[121.297368,23.724923],[121.297362,23.725374],[121.297169,23.725192],[121.297076,23.724739],[121.296689,23.724374]],[[121.291956,23.726308],[121.291762,23.726125],[121.291764,23.725945],[121.291962,23.725857],[121.291966,23.725495],[121.291675,23.725312],[121.291677,23.725131],[121.292163,23.725498],[121.29206,23.725858],[121.292255,23.72595],[121.292152,23.72631],[121.291956,23.726308]],[[121.301082,23.725957],[121.300983,23.726046],[121.300984,23.725956],[121.301082,23.725957]],[[121.292851,23.725325],[121.293046,23.725417],[121.293044,23.725598],[121.292848,23.725595],[121.292851,23.725325]],[[121.301187,23.725416],[121.301185,23.725597],[121.300889,23.725684],[121.300894,23.725323],[121.301187,23.725416]],[[121.300796,23.725322],[121.300797,23.725232],[121.300601,23.725229],[121.300607,23.724778],[121.300509,23.724777],[121.300707,23.724598],[121.300903,23.724601],[121.301194,23.724875],[121.300796,23.725322]],[[121.301583,23.72515],[121.301779,23.725152],[121.301777,23.725333],[121.301481,23.72542],[121.301583,23.72515]],[[121.293052,23.724966],[121.292953,23.725055],[121.292954,23.724965],[121.293052,23.724966]],[[121.301495,23.724336],[121.301693,23.724248],[121.301794,23.723978],[121.301891,23.72407],[121.302087,23.724072],[121.302088,23.723982],[121.30248,23.724076],[121.302371,23.724888],[121.301784,23.724791],[121.301683,23.72497],[121.301487,23.724968],[121.301495,23.724336]],[[121.288156,23.72437],[121.288254,23.724371],[121.288157,23.724279],[121.288258,23.7241],[121.288549,23.724284],[121.28835,23.724552],[121.288156,23.72437]],[[121.291489,23.724497],[121.291198,23.724223],[121.291397,23.724044],[121.291689,23.724228],[121.291489,23.724497]],[[121.298159,23.72448],[121.298061,23.724479],[121.298063,23.724298],[121.298161,23.7243],[121.298159,23.72448]],[[121.291885,23.72423],[121.291786,23.72432],[121.291787,23.724229],[121.291885,23.72423]],[[121.301109,23.72388],[121.301305,23.723883],[121.3014,23.724155],[121.301203,23.724152],[121.301109,23.72388]],[[121.292576,23.723877],[121.292477,23.723966],[121.292478,23.723876],[121.292576,23.723877]],[[121.289047,23.723747],[121.288854,23.723474],[121.289052,23.723386],[121.289244,23.723659],[121.289047,23.723747]],[[121.292283,23.723783],[121.292087,23.723781],[121.291992,23.723509],[121.292383,23.723604],[121.292283,23.723783]],[[121.292383,23.723604],[121.292483,23.723515],[121.292481,23.723605],[121.292383,23.723604]],[[121.301797,23.723798],[121.301697,23.723887],[121.301698,23.723797],[121.301797,23.723798]],[[121.287676,23.723552],[121.287482,23.723369],[121.287485,23.723188],[121.287881,23.722922],[121.288074,23.723105],[121.288071,23.723375],[121.287872,23.723554],[121.287676,23.723552]],[[121.292198,23.722789],[121.292301,23.722429],[121.292204,23.722338],[121.292006,23.722426],[121.291912,23.722154],[121.29221,23.721886],[121.292215,23.721435],[121.292513,23.721167],[121.292709,23.721169],[121.292903,23.721352],[121.292804,23.721441],[121.2929,23.721623],[121.292701,23.721801],[121.292798,23.721893],[121.292995,23.721805],[121.292992,23.722075],[121.293379,23.722441],[121.293277,23.722801],[121.293179,23.7228],[121.293175,23.723071],[121.293077,23.72307],[121.293073,23.72334],[121.292685,23.723065],[121.292787,23.722705],[121.292885,23.722706],[121.292789,23.722615],[121.292794,23.722164],[121.292893,23.722165],[121.292797,23.721983],[121.292401,23.722249],[121.292395,23.722701],[121.292198,23.722789]],[[121.292395,23.722701],[121.292492,23.722792],[121.292394,23.722791],[121.292395,23.722701]],[[121.292588,23.722974],[121.292489,23.723063],[121.29249,23.722973],[121.292588,23.722974]],[[121.301715,23.722533],[121.302113,23.722086],[121.302407,23.722089],[121.302597,23.722542],[121.302795,23.722454],[121.3027,23.722182],[121.302994,23.722185],[121.302992,23.722366],[121.302894,23.722365],[121.302985,23.722908],[121.302789,23.722906],[121.302498,23.722632],[121.302198,23.72308],[121.301707,23.723165],[121.301715,23.722533]],[[121.287293,23.722825],[121.287003,23.722551],[121.287201,23.722373],[121.287493,23.722556],[121.287293,23.722825]],[[121.285728,23.722537],[121.285336,23.722533],[121.28524,23.722351],[121.285044,23.722349],[121.284756,23.721894],[121.284954,23.721716],[121.285148,23.721898],[121.285247,23.721809],[121.28554,23.721903],[121.285641,23.721723],[121.285446,23.721631],[121.285448,23.72145],[121.285645,23.721362],[121.28555,23.72118],[121.285846,23.721003],[121.28604,23.721186],[121.285938,23.721456],[121.286522,23.721823],[121.286421,23.722003],[121.286616,23.722095],[121.28671,23.722457],[121.286511,23.722636],[121.28612,23.722541],[121.285922,23.72272],[121.285728,23.722537]],[[121.293574,23.722533],[121.293476,23.722532],[121.293579,23.722172],[121.293776,23.722084],[121.293779,23.721903],[121.293975,23.721906],[121.293971,23.722177],[121.293774,23.722265],[121.293767,23.722806],[121.293572,23.722714],[121.293574,23.722533]],[[121.284457,23.722252],[121.284359,23.722251],[121.284361,23.72207],[121.284459,23.722071],[121.284457,23.722252]],[[121.288968,23.722302],[121.288579,23.722027],[121.288779,23.721758],[121.28917,23.721853],[121.289467,23.721585],[121.289363,23.722035],[121.289167,23.722033],[121.288968,23.722302]],[[121.296912,23.722299],[121.296814,23.722298],[121.296817,23.722027],[121.296916,23.722028],[121.296912,23.722299]],[[121.283682,23.721521],[121.283488,23.721338],[121.28349,23.721158],[121.283689,23.720979],[121.283885,23.720981],[121.284274,23.721257],[121.284268,23.721708],[121.284069,23.721886],[121.283873,23.721884],[121.283874,23.721794],[121.283579,23.721881],[121.283682,23.721521]],[[121.293193,23.721716],[121.293095,23.721715],[121.293097,23.721535],[121.293294,23.721447],[121.293391,23.721538],[121.293385,23.721989],[121.293287,23.721988],[121.293193,23.721716]],[[121.295644,23.721743],[121.29584,23.721746],[121.295837,23.722016],[121.295642,23.721924],[121.295644,23.721743]],[[121.296234,23.72166],[121.296432,23.721481],[121.296435,23.721301],[121.29624,23.721208],[121.296342,23.720848],[121.296539,23.72085],[121.296537,23.720941],[121.296833,23.720854],[121.29683,23.721034],[121.296632,23.721213],[121.296822,23.721666],[121.296528,23.721663],[121.296426,23.721933],[121.296328,23.721932],[121.296234,23.72166]],[[121.287309,23.721651],[121.287212,23.72156],[121.28731,23.721561],[121.287309,23.721651]],[[121.287212,23.72156],[121.287115,23.721469],[121.287213,23.72147],[121.287212,23.72156]],[[121.288,23.721298],[121.287801,23.721476],[121.287508,23.721383],[121.28742,23.720659],[121.287712,23.720843],[121.288011,23.720485],[121.2883,23.72085],[121.287904,23.721116],[121.288,23.721298]],[[121.287912,23.720484],[121.287816,23.720393],[121.287914,23.720394],[121.287912,23.720484]],[[121.287718,23.720392],[121.287625,23.719939],[121.288019,23.719853],[121.288119,23.719674],[121.288511,23.719678],[121.2889,23.719953],[121.288702,23.720132],[121.288598,23.720582],[121.288402,23.72058],[121.288208,23.720397],[121.288309,23.720127],[121.288116,23.719945],[121.28782,23.720032],[121.287915,23.720304],[121.287718,23.720392]],[[121.288196,23.7213],[121.288197,23.72121],[121.288491,23.721213],[121.28839,23.721483],[121.287999,23.721388],[121.288,23.721298],[121.288196,23.7213]],[[121.29369,23.72118],[121.293985,23.721093],[121.293983,23.721274],[121.293393,23.721357],[121.293395,23.721267],[121.293689,23.72127],[121.29369,23.72118]],[[121.294082,23.721184],[121.29428,23.721096],[121.294276,23.721367],[121.294178,23.721366],[121.294082,23.721184]],[[121.297121,23.721308],[121.297022,23.721397],[121.297023,23.721307],[121.297121,23.721308]],[[121.289771,23.720866],[121.289673,23.720865],[121.28977,23.720956],[121.289669,23.721136],[121.289378,23.720952],[121.289577,23.720683],[121.289771,23.720866]],[[121.289773,23.720685],[121.289578,23.720593],[121.289581,23.720412],[121.289776,23.720505],[121.289773,23.720685]],[[121.294882,23.720019],[121.29498,23.72002],[121.295083,23.71966],[121.294695,23.719295],[121.294596,23.719384],[121.294685,23.720108],[121.294087,23.720823],[121.293892,23.720731],[121.293495,23.721088],[121.2932,23.721175],[121.292911,23.72072],[121.292616,23.720807],[121.292422,23.720624],[121.292721,23.720266],[121.293704,23.720097],[121.293903,23.719918],[121.293906,23.719647],[121.294199,23.719741],[121.294298,23.719652],[121.294205,23.71929],[121.294402,23.719201],[121.294405,23.719021],[121.294699,23.719024],[121.294901,23.718575],[121.295197,23.718397],[121.295293,23.718579],[121.294997,23.718756],[121.295092,23.718938],[121.294994,23.718937],[121.294891,23.719297],[121.295182,23.719571],[121.295275,23.719933],[121.295078,23.720022],[121.295075,23.720292],[121.29488,23.7202],[121.294882,23.720019]],[[121.295489,23.718581],[121.295488,23.718672],[121.295292,23.718669],[121.295293,23.718579],[121.295489,23.718581]],[[121.294977,23.720291],[121.294877,23.720381],[121.294878,23.72029],[121.294977,23.720291]],[[121.295064,23.721105],[121.294965,23.721194],[121.294966,23.721104],[121.295064,23.721105]],[[121.295358,23.721108],[121.295259,23.721197],[121.29526,23.721107],[121.295358,23.721108]],[[121.288988,23.720767],[121.288888,23.720856],[121.28889,23.720766],[121.288988,23.720767]],[[121.291439,23.720794],[121.29134,23.720883],[121.291341,23.720793],[121.291439,23.720794]],[[121.291931,23.720709],[121.291831,23.720798],[121.291732,23.720888],[121.291735,23.720707],[121.291931,23.720709]],[[121.295559,23.720749],[121.295557,23.72093],[121.295361,23.720928],[121.295364,23.720657],[121.295559,23.720749]],[[121.295364,23.720657],[121.295267,23.720565],[121.295365,23.720567],[121.295364,23.720657]],[[121.290557,23.720784],[121.29046,23.720693],[121.290558,23.720694],[121.290557,23.720784]],[[121.29046,23.720693],[121.290363,23.720602],[121.290461,23.720603],[121.29046,23.720693]],[[121.290363,23.720602],[121.290266,23.72051],[121.290364,23.720511],[121.290363,23.720602]],[[121.295068,23.720834],[121.294871,23.720832],[121.294873,23.720742],[121.295069,23.720744],[121.295068,23.720834]],[[121.289382,23.720591],[121.289283,23.72068],[121.289284,23.72059],[121.289382,23.720591]],[[121.296149,23.720665],[121.296049,23.720755],[121.296051,23.720664],[121.296149,23.720665]],[[121.285564,23.720097],[121.285461,23.720457],[121.285264,23.720545],[121.285169,23.720273],[121.285366,23.720185],[121.285369,23.720005],[121.285564,23.720097]],[[121.285369,23.720005],[121.285272,23.719913],[121.28537,23.719914],[121.285369,23.720005]],[[121.291245,23.720611],[121.290951,23.720608],[121.290952,23.720518],[121.291247,23.720521],[121.291245,23.720611]],[[121.297035,23.720404],[121.297228,23.720587],[121.297032,23.720585],[121.297035,23.720404]],[[121.297035,23.720404],[121.296938,23.720313],[121.297036,23.720314],[121.297035,23.720404]],[[121.29017,23.720329],[121.290071,23.720418],[121.290072,23.720327],[121.29017,23.720329]],[[121.295661,23.720479],[121.29576,23.72039],[121.295759,23.720481],[121.295661,23.720479]],[[121.295762,23.72021],[121.295567,23.720117],[121.295473,23.719845],[121.295767,23.719849],[121.295763,23.720119],[121.295957,23.720302],[121.29576,23.72039],[121.295762,23.72021]],[[121.295767,23.719849],[121.295866,23.719759],[121.295865,23.71985],[121.295767,23.719849]],[[121.283307,23.720162],[121.283016,23.719888],[121.283215,23.71971],[121.283508,23.719803],[121.283506,23.719984],[121.283307,23.720162]],[[121.289191,23.720227],[121.289093,23.720226],[121.289095,23.720046],[121.289193,23.720047],[121.289191,23.720227]],[[121.29792,23.720233],[121.29782,23.720323],[121.297822,23.720232],[121.29792,23.720233]],[[121.285957,23.720011],[121.285763,23.719828],[121.285963,23.71956],[121.286257,23.719563],[121.286451,23.719746],[121.286449,23.719926],[121.28625,23.720105],[121.285957,23.720011]],[[121.287428,23.720027],[121.287329,23.720117],[121.28733,23.720026],[121.287428,23.720027]],[[121.29645,23.720127],[121.296253,23.720215],[121.296256,23.719944],[121.296354,23.719945],[121.29645,23.720127]],[[121.296356,23.719765],[121.296455,23.719766],[121.296452,23.719946],[121.296354,23.719945],[121.296356,23.719765]],[[121.296356,23.719765],[121.29626,23.719673],[121.296358,23.719674],[121.296356,23.719765]],[[121.301655,23.719552],[121.30195,23.719555],[121.301948,23.719646],[121.30155,23.720093],[121.301655,23.719552]],[[121.280959,23.719685],[121.28086,23.719774],[121.280861,23.719684],[121.280959,23.719685]],[[121.289003,23.719593],[121.289198,23.719686],[121.289199,23.719595],[121.289494,23.719508],[121.289392,23.719868],[121.289001,23.719774],[121.289003,23.719593]],[[121.286843,23.71975],[121.286649,23.719567],[121.286753,23.719117],[121.28656,23.718934],[121.286955,23.718668],[121.287248,23.718761],[121.287447,23.718583],[121.287543,23.718764],[121.287146,23.719121],[121.287238,23.719574],[121.287039,23.719752],[121.286843,23.71975]],[[121.296063,23.719671],[121.295964,23.71976],[121.295965,23.71967],[121.296063,23.719671]],[[121.297637,23.719327],[121.297536,23.719597],[121.297337,23.719776],[121.297141,23.719773],[121.297244,23.719413],[121.297442,23.719235],[121.297637,23.719327]],[[121.297442,23.719235],[121.297345,23.719144],[121.297443,23.719145],[121.297442,23.719235]],[[121.297345,23.719144],[121.297248,23.719052],[121.297346,23.719053],[121.297345,23.719144]],[[121.297346,23.719053],[121.297446,23.718964],[121.297445,23.719054],[121.297346,23.719053]],[[121.297348,23.718963],[121.297251,23.718872],[121.297154,23.71878],[121.29735,23.718782],[121.297348,23.718963]],[[121.281256,23.719507],[121.281062,23.719325],[121.281065,23.719144],[121.281263,23.718966],[121.281459,23.718968],[121.281653,23.719151],[121.281651,23.719331],[121.281452,23.71951],[121.281256,23.719507]],[[121.288612,23.719499],[121.288514,23.719498],[121.288516,23.719317],[121.288614,23.719318],[121.288612,23.719499]],[[121.288712,23.719319],[121.28891,23.719231],[121.288906,23.719502],[121.288808,23.719501],[121.288712,23.719319]],[[121.295476,23.719574],[121.295282,23.719392],[121.295285,23.719211],[121.295774,23.719307],[121.296269,23.718951],[121.296271,23.718771],[121.296369,23.718772],[121.296278,23.718229],[121.296476,23.718141],[121.296374,23.71841],[121.296569,23.718503],[121.296465,23.718953],[121.296563,23.718954],[121.296658,23.719226],[121.29636,23.719494],[121.296263,23.719403],[121.296066,23.719491],[121.295872,23.719308],[121.295672,23.719577],[121.295476,23.719574]],[[121.296947,23.719591],[121.296849,23.71959],[121.296851,23.719409],[121.29695,23.71941],[121.296947,23.719591]],[[121.298127,23.719333],[121.298324,23.719335],[121.298322,23.719425],[121.298027,23.719512],[121.298127,23.719333]],[[121.288814,23.719049],[121.288618,23.719047],[121.288619,23.718957],[121.288815,23.718959],[121.288814,23.719049]],[[121.289503,23.718876],[121.289699,23.718879],[121.289696,23.719059],[121.289598,23.719058],[121.289503,23.718876]],[[121.295584,23.718853],[121.295682,23.718854],[121.295684,23.718674],[121.295879,23.718766],[121.295678,23.719125],[121.295482,23.719123],[121.295584,23.718853]],[[121.28921,23.718783],[121.289014,23.718781],[121.289015,23.71869],[121.289211,23.718693],[121.28921,23.718783]],[[121.288722,23.718597],[121.288622,23.718686],[121.288624,23.718596],[121.288722,23.718597]],[[121.284015,23.718545],[121.283723,23.718361],[121.283725,23.71818],[121.284022,23.718003],[121.284216,23.718186],[121.284213,23.718366],[121.284015,23.718545]],[[121.290978,23.718532],[121.29088,23.71853],[121.290886,23.718079],[121.290984,23.71808],[121.290978,23.718532]],[[121.289312,23.718423],[121.289412,23.718334],[121.289411,23.718424],[121.289312,23.718423]],[[121.289414,23.718153],[121.289512,23.718154],[121.28951,23.718335],[121.289412,23.718334],[121.289414,23.718153]],[[121.294119,23.718386],[121.294019,23.718475],[121.294021,23.718385],[121.294119,23.718386]],[[121.29353,23.718379],[121.29363,23.71829],[121.293628,23.71838],[121.29353,23.718379]],[[121.29363,23.71829],[121.293828,23.718111],[121.293924,23.718293],[121.29363,23.71829]],[[121.293926,23.718113],[121.293635,23.717838],[121.293439,23.717836],[121.293442,23.717656],[121.293638,23.717658],[121.293832,23.717841],[121.293833,23.71775],[121.294128,23.717663],[121.29413,23.717483],[121.294327,23.717485],[121.294823,23.717039],[121.294629,23.716856],[121.294728,23.716767],[121.294632,23.716585],[121.294533,23.716674],[121.29424,23.716581],[121.29444,23.716312],[121.294635,23.716405],[121.294735,23.716225],[121.29454,23.716133],[121.294446,23.715861],[121.294248,23.715949],[121.294343,23.716221],[121.294052,23.715947],[121.294449,23.71559],[121.294455,23.715139],[121.294552,23.71523],[121.294749,23.715142],[121.294459,23.714868],[121.294466,23.714326],[121.294659,23.714509],[121.294857,23.714421],[121.294763,23.714058],[121.295059,23.713971],[121.295456,23.713614],[121.295562,23.712984],[121.295758,23.712986],[121.295952,23.713168],[121.29615,23.71299],[121.296056,23.712718],[121.296351,23.712631],[121.296545,23.712814],[121.296446,23.712903],[121.296539,23.713265],[121.296246,23.713172],[121.296245,23.713262],[121.295949,23.713349],[121.296042,23.713802],[121.296139,23.713893],[121.296337,23.713714],[121.296532,23.713807],[121.296634,23.713537],[121.296831,23.713449],[121.296934,23.713089],[121.297032,23.71309],[121.297029,23.713271],[121.297126,23.713362],[121.297323,23.713274],[121.297321,23.713454],[121.297613,23.713638],[121.297511,23.713908],[121.297804,23.714002],[121.298302,23.713465],[121.298206,23.713284],[121.297909,23.713461],[121.297912,23.71328],[121.298109,23.713192],[121.298114,23.712831],[121.297919,23.712739],[121.297921,23.712558],[121.298219,23.71229],[121.298221,23.71211],[121.298419,23.712022],[121.298421,23.711841],[121.298617,23.711843],[121.29861,23.712385],[121.298311,23.712743],[121.298404,23.713105],[121.298701,23.712928],[121.298606,23.712656],[121.298803,23.712658],[121.298903,23.712479],[121.299197,23.712482],[121.299396,23.712303],[121.299393,23.712484],[121.299096,23.712752],[121.299192,23.712843],[121.29939,23.712755],[121.299485,23.712936],[121.299683,23.712848],[121.299679,23.713119],[121.299971,23.713303],[121.300063,23.713755],[121.300257,23.713938],[121.300061,23.713936],[121.299868,23.713663],[121.299671,23.713751],[121.299864,23.714024],[121.299369,23.71438],[121.299466,23.714471],[121.299363,23.714831],[121.299071,23.714648],[121.299073,23.714467],[121.299171,23.714468],[121.299079,23.714016],[121.298786,23.713922],[121.298588,23.7141],[121.298585,23.714281],[121.298289,23.714458],[121.298283,23.71491],[121.298477,23.715093],[121.298874,23.714736],[121.298972,23.714737],[121.298969,23.714917],[121.298871,23.714916],[121.298868,23.715187],[121.298571,23.715364],[121.298569,23.715545],[121.298271,23.715813],[121.298075,23.715811],[121.297975,23.71599],[121.297584,23.715895],[121.297385,23.716074],[121.297382,23.716345],[121.297284,23.716344],[121.297189,23.716072],[121.296891,23.716339],[121.296695,23.716337],[121.2966,23.716155],[121.296107,23.716331],[121.296005,23.7166],[121.295711,23.716597],[121.295213,23.717224],[121.29482,23.717219],[121.294521,23.717577],[121.294226,23.717664],[121.294224,23.717845],[121.293928,23.717932],[121.293926,23.718113]],[[121.293638,23.717658],[121.293737,23.717569],[121.293736,23.717659],[121.293638,23.717658]],[[121.294466,23.714326],[121.294369,23.714235],[121.294467,23.714236],[121.294466,23.714326]],[[121.296057,23.712628],[121.295858,23.712806],[121.295863,23.712445],[121.296057,23.712628]],[[121.297323,23.713274],[121.297423,23.713185],[121.297422,23.713275],[121.297323,23.713274]],[[121.297423,23.713185],[121.297522,23.713095],[121.29772,23.712917],[121.297619,23.713187],[121.297423,23.713185]],[[121.298585,23.714281],[121.298682,23.714372],[121.298584,23.714371],[121.298585,23.714281]],[[121.296695,23.716337],[121.296596,23.716426],[121.296597,23.716336],[121.296695,23.716337]],[[121.294514,23.718119],[121.294711,23.718121],[121.294805,23.718393],[121.294413,23.718389],[121.294514,23.718119]],[[121.287354,23.718221],[121.287064,23.717856],[121.287068,23.717585],[121.287266,23.717407],[121.287462,23.717409],[121.287656,23.717592],[121.287557,23.717681],[121.287551,23.718132],[121.287354,23.718221]],[[121.289805,23.718248],[121.289904,23.718158],[121.289903,23.718249],[121.289805,23.718248]],[[121.289906,23.718068],[121.290004,23.718069],[121.290013,23.717347],[121.289915,23.717346],[121.289921,23.716894],[121.289824,23.716803],[121.290117,23.716897],[121.290014,23.717257],[121.290209,23.717349],[121.290297,23.718163],[121.290099,23.718251],[121.289906,23.718068]],[[121.2956,23.717589],[121.295597,23.71786],[121.295499,23.717859],[121.295591,23.718312],[121.295493,23.71831],[121.295207,23.717675],[121.2956,23.717589]],[[121.295207,23.717675],[121.29511,23.717584],[121.295208,23.717585],[121.295207,23.717675]],[[121.296673,23.718053],[121.297166,23.717877],[121.297071,23.717605],[121.297364,23.717699],[121.297563,23.717521],[121.29756,23.717701],[121.297261,23.718059],[121.29677,23.718144],[121.296571,23.718322],[121.296673,23.718053]],[[121.285786,23.718113],[121.285494,23.717929],[121.285496,23.717748],[121.285793,23.717571],[121.285791,23.717752],[121.285984,23.717934],[121.285786,23.718113]],[[121.291182,23.717992],[121.291083,23.717991],[121.291089,23.717539],[121.291187,23.717541],[121.291182,23.717992]],[[121.288832,23.717695],[121.289028,23.717697],[121.289025,23.717878],[121.288927,23.717877],[121.288832,23.717695]],[[121.295794,23.717772],[121.295892,23.717773],[121.29589,23.717954],[121.295792,23.717953],[121.295794,23.717772]],[[121.295894,23.717592],[121.295992,23.717594],[121.29599,23.717774],[121.295892,23.717773],[121.295894,23.717592]],[[121.305996,23.717613],[121.30629,23.717616],[121.306288,23.717797],[121.306092,23.717795],[121.305996,23.717613]],[[121.306778,23.717802],[121.306582,23.7178],[121.306584,23.71762],[121.30678,23.717622],[121.306778,23.717802]],[[121.288739,23.717243],[121.288936,23.717245],[121.288933,23.717425],[121.288835,23.717424],[121.288739,23.717243]],[[121.305605,23.717519],[121.305506,23.717608],[121.305507,23.717517],[121.305605,23.717519]],[[121.289327,23.717339],[121.28913,23.717337],[121.289133,23.717157],[121.289329,23.717159],[121.289327,23.717339]],[[121.289524,23.717251],[121.289425,23.71734],[121.289426,23.71725],[121.289524,23.717251]],[[121.291392,23.716911],[121.291588,23.716913],[121.291586,23.717093],[121.291288,23.717361],[121.291392,23.716911]],[[121.293839,23.717299],[121.294035,23.717301],[121.294034,23.717391],[121.293837,23.717389],[121.293839,23.717299]],[[121.294035,23.717301],[121.294134,23.717212],[121.294233,23.717123],[121.294231,23.717303],[121.294035,23.717301]],[[121.295702,23.717319],[121.295602,23.717409],[121.295604,23.717318],[121.295702,23.717319]],[[121.297762,23.717252],[121.297957,23.717344],[121.297956,23.717435],[121.29776,23.717432],[121.297762,23.717252]],[[121.299918,23.717366],[121.299819,23.717455],[121.29982,23.717365],[121.299918,23.717366]],[[121.290508,23.716991],[121.290606,23.716992],[121.290708,23.716723],[121.291004,23.716545],[121.2909,23.716996],[121.290406,23.717261],[121.290508,23.716991]],[[121.299429,23.71727],[121.29933,23.717359],[121.299331,23.717269],[121.299429,23.71727]],[[121.300411,23.717191],[121.300509,23.717192],[121.300507,23.717372],[121.300409,23.717371],[121.300411,23.717191]],[[121.300509,23.717192],[121.300608,23.717103],[121.300607,23.717193],[121.300509,23.717192]],[[121.29943,23.71718],[121.299332,23.717179],[121.299335,23.716998],[121.299433,23.716999],[121.29943,23.71718]],[[121.299824,23.717094],[121.299826,23.716913],[121.299924,23.716914],[121.299922,23.717095],[121.299824,23.717094]],[[121.299826,23.716913],[121.299729,23.716822],[121.299632,23.716731],[121.299828,23.716733],[121.299826,23.716913]],[[121.293746,23.716846],[121.293647,23.716936],[121.293648,23.716845],[121.293746,23.716846]],[[121.289139,23.716705],[121.289039,23.716794],[121.289041,23.716704],[121.289139,23.716705]],[[121.291589,23.716823],[121.291491,23.716822],[121.291493,23.716641],[121.291591,23.716642],[121.291589,23.716823]],[[121.300221,23.716737],[121.300122,23.716826],[121.300123,23.716736],[121.300221,23.716737]],[[121.28983,23.716352],[121.290026,23.716354],[121.290121,23.716626],[121.289828,23.716532],[121.28983,23.716352]],[[121.294141,23.71667],[121.294043,23.716669],[121.294045,23.716489],[121.294143,23.71649],[121.294141,23.71667]],[[121.296299,23.716604],[121.2962,23.716693],[121.296201,23.716603],[121.296299,23.716604]],[[121.29875,23.716721],[121.298554,23.716719],[121.298556,23.716538],[121.298654,23.716539],[121.29875,23.716721]],[[121.298752,23.71654],[121.298557,23.716448],[121.298558,23.716358],[121.298755,23.71636],[121.298752,23.71654]],[[121.291987,23.716375],[121.292385,23.715928],[121.292581,23.715931],[121.292084,23.716467],[121.291789,23.716554],[121.291791,23.716373],[121.291987,23.716375]],[[121.297773,23.716439],[121.297675,23.716438],[121.297677,23.716258],[121.297775,23.716259],[121.297773,23.716439]],[[121.302089,23.716396],[121.301989,23.716486],[121.301991,23.716395],[121.302089,23.716396]],[[121.29356,23.716122],[121.29346,23.716211],[121.293462,23.716121],[121.29356,23.716122]],[[121.293367,23.715849],[121.293564,23.715761],[121.293772,23.71486],[121.294068,23.714773],[121.293955,23.715855],[121.293757,23.716034],[121.29366,23.715942],[121.293463,23.716031],[121.293367,23.715849]],[[121.292978,23.715574],[121.293076,23.715575],[121.293073,23.715846],[121.292877,23.715844],[121.292978,23.715574]],[[121.301706,23.71567],[121.301903,23.715582],[121.301998,23.715854],[121.3018,23.715942],[121.301706,23.71567]],[[121.30102,23.715572],[121.300921,23.715661],[121.300922,23.715571],[121.30102,23.715572]],[[121.292982,23.715303],[121.292883,23.715392],[121.292884,23.715302],[121.292982,23.715303]],[[121.293281,23.714945],[121.293379,23.714946],[121.293376,23.715127],[121.293178,23.715305],[121.293281,23.714945]],[[121.305342,23.715078],[121.305044,23.715345],[121.304852,23.715072],[121.305148,23.714895],[121.305342,23.715078]],[[121.305342,23.715078],[121.305442,23.714898],[121.305249,23.714715],[121.305543,23.714719],[121.305742,23.71445],[121.305939,23.714452],[121.306028,23.715085],[121.305835,23.714902],[121.305639,23.7149],[121.305538,23.71508],[121.305342,23.715078]],[[121.301916,23.714589],[121.301915,23.714679],[121.30221,23.714592],[121.302007,23.715131],[121.301811,23.715129],[121.301813,23.714949],[121.301715,23.714948],[121.301719,23.714677],[121.301916,23.714589]],[[121.301719,23.714677],[121.301622,23.714585],[121.30172,23.714586],[121.301719,23.714677]],[[121.287691,23.714883],[121.287593,23.714882],[121.287596,23.714702],[121.287694,23.714703],[121.287691,23.714883]],[[121.293478,23.714857],[121.29338,23.714856],[121.293382,23.714675],[121.29348,23.714676],[121.293478,23.714857]],[[121.302601,23.714686],[121.302502,23.714776],[121.302503,23.714685],[121.302601,23.714686]],[[121.304366,23.714706],[121.304267,23.714795],[121.304268,23.714705],[121.304366,23.714706]],[[121.293289,23.714313],[121.293485,23.714315],[121.293482,23.714586],[121.293384,23.714585],[121.293289,23.714313]],[[121.287209,23.714246],[121.287109,23.714425],[121.286913,23.714423],[121.286915,23.714243],[121.287209,23.714246]],[[121.29417,23.714413],[121.294071,23.714502],[121.294072,23.714412],[121.29417,23.714413]],[[121.298681,23.714463],[121.298582,23.714552],[121.298583,23.714462],[121.298681,23.714463]],[[121.293876,23.71441],[121.293778,23.714409],[121.29378,23.714228],[121.293879,23.714229],[121.293876,23.71441]],[[121.304774,23.713536],[121.304971,23.713448],[121.304974,23.713177],[121.305269,23.713181],[121.305369,23.713001],[121.306349,23.713012],[121.306449,23.712923],[121.306448,23.713013],[121.306742,23.713016],[121.307129,23.713381],[121.307122,23.713923],[121.306725,23.71428],[121.305941,23.714271],[121.30594,23.714362],[121.305156,23.714263],[121.305158,23.714173],[121.304862,23.71426],[121.304964,23.71399],[121.304672,23.713806],[121.304774,23.713536]],[[121.304672,23.713806],[121.304573,23.713895],[121.304574,23.713805],[121.304672,23.713806]],[[121.293881,23.714049],[121.293782,23.714138],[121.293783,23.714048],[121.293881,23.714049]],[[121.30398,23.71425],[121.303686,23.714247],[121.303687,23.714156],[121.303981,23.71416],[121.30398,23.71425]],[[121.293491,23.713864],[121.293392,23.713953],[121.293393,23.713863],[121.293491,23.713864]],[[121.293981,23.713869],[121.293882,23.713958],[121.293883,23.713868],[121.293981,23.713869]],[[121.293003,23.713678],[121.292806,23.713766],[121.292809,23.713495],[121.293005,23.713497],[121.293003,23.713678]],[[121.294577,23.713334],[121.294675,23.713335],[121.294671,23.713606],[121.294474,23.713694],[121.294577,23.713334]],[[121.303593,23.713794],[121.303693,23.713705],[121.303691,23.713795],[121.303593,23.713794]],[[121.303694,23.713615],[121.303988,23.713618],[121.303987,23.713708],[121.303789,23.713796],[121.303694,23.713615]],[[121.291436,23.71348],[121.291337,23.713569],[121.291338,23.713479],[121.291436,23.71348]],[[121.300556,23.71358],[121.30036,23.713578],[121.300361,23.713488],[121.300557,23.71349],[121.300556,23.71358]],[[121.294968,23.713429],[121.294969,23.713338],[121.295165,23.71334],[121.295164,23.713431],[121.294968,23.713429]],[[121.294969,23.713338],[121.294872,23.713247],[121.29497,23.713248],[121.294969,23.713338]],[[121.304091,23.713258],[121.303991,23.713347],[121.303993,23.713257],[121.304091,23.713258]],[[121.301835,23.713233],[121.302035,23.712964],[121.30223,23.713057],[121.302229,23.713147],[121.301835,23.713233]],[[121.302229,23.713147],[121.302326,23.713239],[121.302228,23.713237],[121.302229,23.713147]],[[121.300963,23.712411],[121.301255,23.712595],[121.301253,23.712775],[121.301054,23.712954],[121.300858,23.712952],[121.300664,23.712769],[121.300863,23.71259],[121.300767,23.712409],[121.300571,23.712407],[121.300675,23.711956],[121.300871,23.711958],[121.301065,23.712141],[121.300963,23.712411]],[[121.300571,23.712407],[121.300472,23.712496],[121.300473,23.712406],[121.300571,23.712407]],[[121.301065,23.712141],[121.301164,23.712052],[121.301163,23.712142],[121.301065,23.712141]],[[121.294782,23.712614],[121.294683,23.712703],[121.294684,23.712613],[121.294782,23.712614]],[[121.295078,23.712527],[121.295274,23.712529],[121.295271,23.712709],[121.294977,23.712706],[121.295078,23.712527]],[[121.297531,23.712373],[121.297629,23.712374],[121.297625,23.712735],[121.297429,23.712733],[121.297531,23.712373]],[[121.302725,23.712701],[121.302626,23.71279],[121.302627,23.7127],[121.302725,23.712701]],[[121.300569,23.712587],[121.30047,23.712676],[121.300471,23.712586],[121.300569,23.712587]],[[121.302334,23.712607],[121.302235,23.712696],[121.302236,23.712605],[121.302334,23.712607]],[[121.293513,23.712148],[121.293709,23.71215],[121.293706,23.712421],[121.293511,23.712329],[121.293513,23.712148]],[[121.299687,23.712487],[121.299787,23.712398],[121.299785,23.712488],[121.299687,23.712487]],[[121.299787,23.712398],[121.299986,23.712129],[121.300181,23.712222],[121.30008,23.712491],[121.299787,23.712398]],[[121.299788,23.712308],[121.299691,23.712216],[121.299789,23.712217],[121.299788,23.712308]],[[121.295767,23.712263],[121.295668,23.712353],[121.295669,23.712262],[121.295767,23.712263]],[[121.296063,23.712176],[121.295964,23.712266],[121.295864,23.712355],[121.295867,23.712174],[121.296063,23.712176]],[[121.296158,23.712358],[121.296258,23.712269],[121.296257,23.712359],[121.296158,23.712358]],[[121.296258,23.712269],[121.296357,23.71218],[121.296356,23.71227],[121.296258,23.712269]],[[121.295081,23.712256],[121.29518,23.712167],[121.295179,23.712257],[121.295081,23.712256]],[[121.29518,23.712167],[121.29528,23.712077],[121.295278,23.712168],[121.29518,23.712167]],[[121.296749,23.712184],[121.29665,23.712273],[121.296651,23.712183],[121.296749,23.712184]],[[121.297343,23.711739],[121.29754,23.711741],[121.297538,23.711831],[121.297241,23.712099],[121.297343,23.711739]],[[121.299693,23.712036],[121.299594,23.712125],[121.299595,23.712035],[121.299693,23.712036]],[[121.296658,23.711641],[121.297052,23.711555],[121.296952,23.711644],[121.297046,23.712007],[121.296655,23.711912],[121.296658,23.711641]],[[121.301461,23.711875],[121.301363,23.711873],[121.301366,23.711603],[121.301464,23.711604],[121.301461,23.711875]],[[121.295972,23.711634],[121.295873,23.711723],[121.295874,23.711633],[121.295972,23.711634]],[[121.296366,23.711457],[121.296464,23.711458],[121.296462,23.711639],[121.296265,23.711727],[121.296366,23.711457]],[[121.300089,23.711769],[121.299991,23.711768],[121.299993,23.711588],[121.300091,23.711589],[121.300089,23.711769]],[[121.294011,23.711612],[121.29372,23.711338],[121.293918,23.711159],[121.294211,23.711253],[121.294209,23.711434],[121.294011,23.711612]],[[121.298622,23.711482],[121.29872,23.711483],[121.298717,23.711664],[121.298619,23.711663],[121.298622,23.711482]],[[121.298723,23.711212],[121.298918,23.711305],[121.298818,23.711484],[121.29872,23.711483],[121.298723,23.711212]],[[121.306759,23.711662],[121.30666,23.711751],[121.306661,23.711661],[121.306759,23.711662]],[[121.304016,23.711451],[121.304212,23.711453],[121.30421,23.711634],[121.304112,23.711633],[121.304016,23.711451]],[[121.303918,23.71145],[121.303819,23.711539],[121.30382,23.711449],[121.303918,23.71145]],[[121.304997,23.711462],[121.304898,23.711461],[121.304901,23.71128],[121.304999,23.711281],[121.304997,23.711462]],[[121.298232,23.711297],[121.298135,23.711206],[121.298233,23.711207],[121.298232,23.711297]],[[121.298135,23.711206],[121.298038,23.711115],[121.298136,23.711116],[121.298135,23.711206]],[[121.298136,23.711116],[121.298235,23.711026],[121.298234,23.711117],[121.298136,23.711116]],[[121.304018,23.711271],[121.304214,23.711273],[121.304213,23.711363],[121.304017,23.711361],[121.304018,23.711271]],[[121.304214,23.711273],[121.304413,23.711094],[121.304507,23.711366],[121.304214,23.711273]],[[121.305978,23.711382],[121.305881,23.711291],[121.305979,23.711292],[121.305978,23.711382]],[[121.305783,23.71129],[121.305786,23.711109],[121.305884,23.71111],[121.305881,23.711291],[121.305783,23.71129]],[[121.30637,23.711387],[121.306174,23.711384],[121.306177,23.711204],[121.306373,23.711206],[121.30637,23.711387]],[[121.295784,23.710999],[121.295585,23.711178],[121.295588,23.710997],[121.295784,23.710999]],[[121.295784,23.710999],[121.295883,23.71091],[121.295882,23.711001],[121.295784,23.710999]],[[121.298628,23.711031],[121.298528,23.71112],[121.298529,23.71103],[121.298628,23.711031]],[[121.296766,23.71092],[121.296666,23.711009],[121.296668,23.710919],[121.296766,23.71092]],[[121.297356,23.710746],[121.297454,23.710747],[121.297451,23.711018],[121.297255,23.711016],[121.297356,23.710746]],[[121.297844,23.710932],[121.297745,23.711021],[121.297746,23.710931],[121.297844,23.710932]],[[121.304318,23.710822],[121.304514,23.710824],[121.304513,23.710915],[121.304218,23.711002],[121.304318,23.710822]],[[121.3052,23.710922],[121.3051,23.711011],[121.305102,23.710921],[121.3052,23.710922]],[[121.304122,23.71082],[121.304023,23.710909],[121.304024,23.710819],[121.304122,23.71082]],[[121.297945,23.710752],[121.297749,23.71075],[121.29775,23.71066],[121.297946,23.710662],[121.297945,23.710752]],[[121.298926,23.710673],[121.298827,23.710762],[121.298828,23.710672],[121.298926,23.710673]],[[121.305789,23.710838],[121.305593,23.710836],[121.305597,23.710565],[121.305793,23.710568],[121.305789,23.710838]],[[121.307163,23.710763],[121.307064,23.710852],[121.307065,23.710762],[121.307163,23.710763]],[[121.297555,23.710567],[121.297456,23.710657],[121.297457,23.710566],[121.297555,23.710567]],[[121.301971,23.710345],[121.302166,23.710438],[121.302163,23.710618],[121.301672,23.710703],[121.301675,23.710432],[121.30197,23.710435],[121.301971,23.710345]],[[121.304812,23.710557],[121.305009,23.710469],[121.305105,23.71065],[121.304908,23.710738],[121.304812,23.710557]],[[121.306673,23.710758],[121.306286,23.710302],[121.306089,23.71039],[121.305996,23.710028],[121.3057,23.710115],[121.305313,23.70975],[121.305019,23.709746],[121.304923,23.709565],[121.30512,23.709477],[121.305314,23.709659],[121.305514,23.709391],[121.30571,23.709393],[121.305706,23.709664],[121.305803,23.709755],[121.306,23.709667],[121.30629,23.710031],[121.306781,23.709946],[121.306682,23.710036],[121.306776,23.710398],[121.307069,23.710491],[121.307067,23.710582],[121.306869,23.71076],[121.306673,23.710758]],[[121.29834,23.710486],[121.298051,23.710121],[121.298056,23.70976],[121.298251,23.709853],[121.298449,23.709674],[121.298834,23.71022],[121.298536,23.710488],[121.29834,23.710486]],[[121.300695,23.710421],[121.300893,23.710243],[121.300891,23.710424],[121.300695,23.710421]],[[121.305403,23.710383],[121.305304,23.710472],[121.305305,23.710382],[121.305403,23.710383]],[[121.297466,23.709844],[121.297368,23.709843],[121.297373,23.709482],[121.297471,23.709483],[121.297466,23.709844]],[[121.300801,23.70979],[121.300702,23.70988],[121.300703,23.709789],[121.300801,23.70979]],[[121.306591,23.709493],[121.306787,23.709495],[121.306785,23.709675],[121.306391,23.709761],[121.306394,23.709581],[121.30659,23.709583],[121.306591,23.709493]],[[121.301197,23.709524],[121.301098,23.709613],[121.301099,23.709523],[121.301197,23.709524]],[[121.304825,23.709564],[121.304726,23.709653],[121.304727,23.709563],[121.304825,23.709564]],[[121.299825,23.709419],[121.299726,23.709508],[121.299727,23.709417],[121.299825,23.709419]],[[121.300707,23.709518],[121.30051,23.709516],[121.300512,23.709426],[121.300708,23.709428],[121.300707,23.709518]],[[121.301788,23.70935],[121.301688,23.709439],[121.301689,23.709349],[121.301788,23.70935]],[[121.297572,23.709213],[121.297473,23.709302],[121.297474,23.709212],[121.297572,23.709213]],[[121.299336,23.709323],[121.29934,23.709052],[121.299438,23.709053],[121.299434,23.709324],[121.299336,23.709323]],[[121.29934,23.709052],[121.299243,23.708961],[121.299341,23.708962],[121.29934,23.709052]],[[121.306984,23.709407],[121.306886,23.709406],[121.306889,23.709225],[121.306987,23.709226],[121.306984,23.709407]],[[121.295024,23.709095],[121.294925,23.709184],[121.294926,23.709094],[121.295024,23.709095]],[[121.299732,23.709056],[121.299633,23.709145],[121.299634,23.709055],[121.299732,23.709056]],[[121.302479,23.708996],[121.302379,23.709085],[121.302381,23.708995],[121.302479,23.708996]],[[121.300226,23.708791],[121.300126,23.70888],[121.300128,23.70879],[121.300226,23.708791]],[[121.30297,23.708911],[121.302774,23.708909],[121.302775,23.708819],[121.302971,23.708821],[121.30297,23.708911]],[[121.303267,23.708734],[121.303167,23.708823],[121.303168,23.708733],[121.303267,23.708734]],[[121.30317,23.708643],[121.303072,23.708641],[121.303075,23.708371],[121.303173,23.708372],[121.30317,23.708643]],[[121.30219,23.708541],[121.302092,23.70854],[121.302095,23.70836],[121.302193,23.708361],[121.30219,23.708541]],[[121.300234,23.708159],[121.30043,23.708161],[121.300526,23.708343],[121.300132,23.708429],[121.300234,23.708159]],[[121.301216,23.708079],[121.301315,23.70799],[121.301312,23.708171],[121.300917,23.708437],[121.300921,23.708076],[121.301216,23.708079]],[[121.302781,23.708367],[121.302683,23.708366],[121.302685,23.708186],[121.302783,23.708187],[121.302781,23.708367]],[[121.303274,23.708192],[121.303177,23.708101],[121.303275,23.708102],[121.303274,23.708192]],[[121.302882,23.708098],[121.302884,23.708007],[121.303178,23.708011],[121.303177,23.708101],[121.302882,23.708098]],[[121.308864,23.708163],[121.308765,23.708252],[121.308766,23.708162],[121.308864,23.708163]],[[121.304845,23.708029],[121.304747,23.708028],[121.304749,23.707847],[121.304847,23.707848],[121.304845,23.708029]],[[121.297688,23.70786],[121.29759,23.707859],[121.297592,23.707678],[121.29769,23.707679],[121.297688,23.70786]],[[121.301513,23.707812],[121.301414,23.707901],[121.301415,23.707811],[121.301513,23.707812]],[[121.296022,23.707751],[121.296025,23.707571],[121.296123,23.707572],[121.29612,23.707752],[121.296022,23.707751]],[[121.296025,23.707571],[121.295928,23.707479],[121.296026,23.70748],[121.296025,23.707571]],[[121.295928,23.707479],[121.295831,23.707388],[121.295929,23.707389],[121.295928,23.707479]],[[121.301907,23.707726],[121.302006,23.707636],[121.302005,23.707727],[121.301907,23.707726]],[[121.302008,23.707456],[121.302204,23.707458],[121.302203,23.707548],[121.302006,23.707636],[121.302008,23.707456]],[[121.29779,23.70759],[121.297693,23.707499],[121.297791,23.7075],[121.29779,23.70759]],[[121.297595,23.707498],[121.297597,23.707317],[121.297695,23.707318],[121.297693,23.707499],[121.297595,23.707498]],[[121.301029,23.707355],[121.301225,23.707357],[121.301224,23.707447],[121.301028,23.707445],[121.301029,23.707355]],[[121.301029,23.707355],[121.300932,23.707263],[121.30103,23.707265],[121.301029,23.707355]],[[121.300834,23.707262],[121.300738,23.707081],[121.300935,23.706993],[121.300938,23.706812],[121.301134,23.706814],[121.301132,23.706995],[121.300834,23.707262]],[[121.301225,23.707357],[121.301324,23.707268],[121.301323,23.707358],[121.301225,23.707357]],[[121.301324,23.707268],[121.301423,23.707179],[121.301422,23.707269],[121.301324,23.707268]],[[121.297602,23.706956],[121.297598,23.707227],[121.2975,23.707226],[121.297306,23.707043],[121.297309,23.706862],[121.297602,23.706956]],[[121.297211,23.706861],[121.297213,23.706681],[121.297311,23.706682],[121.297309,23.706862],[121.297211,23.706861]],[[121.299663,23.706798],[121.299559,23.707248],[121.299461,23.707247],[121.299469,23.706615],[121.299663,23.706798]],[[121.299371,23.706614],[121.299374,23.706434],[121.299472,23.706435],[121.299469,23.706615],[121.299371,23.706614]],[[121.301718,23.707182],[121.301618,23.707271],[121.301619,23.707181],[121.301718,23.707182]],[[121.300248,23.707075],[121.299955,23.706982],[121.300059,23.706532],[121.300253,23.706714],[121.300248,23.707075]],[[121.300157,23.706533],[121.300256,23.706443],[121.300255,23.706534],[121.300157,23.706533]],[[121.296918,23.706768],[121.296818,23.706857],[121.29682,23.706767],[121.296918,23.706768]],[[121.302152,23.703936],[121.302154,23.703755],[121.302353,23.703577],[121.302543,23.70403],[121.302049,23.704296],[121.302145,23.704478],[121.302342,23.704389],[121.302336,23.704841],[121.301939,23.705198],[121.301937,23.705378],[121.301839,23.705377],[121.301932,23.705739],[121.301734,23.705918],[121.30212,23.706374],[121.301923,23.706462],[121.301921,23.706642],[121.301623,23.70691],[121.301427,23.706908],[121.301233,23.706725],[121.30114,23.706363],[121.300945,23.70627],[121.300947,23.70609],[121.301244,23.705912],[121.301149,23.70564],[121.301346,23.705552],[121.301251,23.705371],[121.301648,23.705014],[121.30165,23.704833],[121.301552,23.704832],[121.30175,23.704654],[121.301655,23.704472],[121.301852,23.704384],[121.301955,23.704024],[121.302152,23.703936]],[[121.301553,23.704742],[121.301456,23.704651],[121.301554,23.704652],[121.301553,23.704742]],[[121.301955,23.704024],[121.301858,23.703933],[121.301956,23.703934],[121.301955,23.704024]],[[121.296723,23.706675],[121.296623,23.706765],[121.296625,23.706674],[121.296723,23.706675]],[[121.29702,23.706408],[121.296921,23.706497],[121.296922,23.706407],[121.29702,23.706408]],[[121.296241,23.706038],[121.296438,23.70595],[121.296532,23.706222],[121.296335,23.70631],[121.296241,23.706038]],[[121.297122,23.706138],[121.297023,23.706227],[121.297024,23.706137],[121.297122,23.706138]],[[121.297416,23.706141],[121.297317,23.70623],[121.297318,23.70614],[121.297416,23.706141]],[[121.297227,23.705597],[121.297422,23.70569],[121.297421,23.70578],[121.297225,23.705778],[121.297227,23.705597]],[[121.295175,23.705033],[121.294981,23.70485],[121.295084,23.70449],[121.295571,23.704766],[121.295566,23.705128],[121.295271,23.705215],[121.295366,23.705396],[121.295072,23.705393],[121.295175,23.705033]],[[121.296936,23.705323],[121.296837,23.705412],[121.296838,23.705322],[121.296936,23.705323]],[[121.304981,23.70505],[121.304882,23.70514],[121.304883,23.705049],[121.304981,23.70505]],[[121.297725,23.704971],[121.297627,23.70497],[121.297634,23.704428],[121.297732,23.704429],[121.297725,23.704971]],[[121.300969,23.704374],[121.300776,23.704192],[121.300875,23.704102],[121.30078,23.70383],[121.301176,23.703564],[121.30137,23.703747],[121.301366,23.704017],[121.301268,23.704016],[121.301364,23.704198],[121.301165,23.704376],[121.300969,23.704374]],[[121.299991,23.704183],[121.299797,23.704],[121.2998,23.70382],[121.300096,23.703642],[121.300188,23.704095],[121.299991,23.704183]],[[121.29823,23.703893],[121.298131,23.703982],[121.298132,23.703892],[121.29823,23.703893]],[[121.304505,23.703962],[121.304604,23.703872],[121.304603,23.703963],[121.304505,23.703962]],[[121.304604,23.703872],[121.304703,23.703783],[121.304702,23.703873],[121.304604,23.703872]],[[121.297353,23.703432],[121.297547,23.703614],[121.29725,23.703792],[121.297253,23.703611],[121.297351,23.703612],[121.297353,23.703432]],[[121.301568,23.703568],[121.30147,23.703567],[121.301573,23.703207],[121.301866,23.703301],[121.301767,23.70339],[121.301764,23.70357],[121.301862,23.703571],[121.301761,23.703841],[121.301663,23.70384],[121.301568,23.703568]],[[121.296957,23.703698],[121.296859,23.703697],[121.296862,23.703516],[121.29696,23.703518],[121.296957,23.703698]],[[121.297749,23.703165],[121.29765,23.703254],[121.29755,23.703343],[121.297553,23.703163],[121.297749,23.703165]],[[121.297257,23.70325],[121.297159,23.703249],[121.297162,23.703068],[121.29726,23.703069],[121.297257,23.70325]],[[121.298045,23.702988],[121.298145,23.702898],[121.298143,23.702989],[121.298045,23.702988]],[[121.298145,23.702898],[121.298244,23.702809],[121.298243,23.7029],[121.298145,23.702898]],[[121.303539,23.702867],[121.30344,23.702866],[121.303443,23.702686],[121.303541,23.702687],[121.303539,23.702867]],[[121.299522,23.702552],[121.29972,23.702374],[121.299718,23.702555],[121.299522,23.702552]],[[121.300804,23.702025],[121.300704,23.702114],[121.300706,23.702024],[121.300804,23.702025]],[[121.304532,23.701885],[121.304433,23.701974],[121.304434,23.701884],[121.304532,23.701885]],[[121.304735,23.701345],[121.304636,23.701435],[121.304637,23.701344],[121.304735,23.701345]],[[121.304246,23.70125],[121.304147,23.701339],[121.304148,23.701249],[121.304246,23.70125]],[[121.30454,23.701253],[121.304441,23.701342],[121.304442,23.701252],[121.30454,23.701253]],[[121.304052,23.701067],[121.303953,23.701156],[121.303954,23.701066],[121.304052,23.701067]],[[121.307493,23.700382],[121.307589,23.700564],[121.307294,23.700651],[121.307297,23.70038],[121.307493,23.700382]],[[121.303967,23.700073],[121.303869,23.700072],[121.303871,23.699891],[121.303969,23.699892],[121.303967,23.700073]],[[121.306716,23.699832],[121.306911,23.699924],[121.307011,23.699745],[121.307207,23.699747],[121.307204,23.700018],[121.30681,23.700104],[121.306716,23.699832]],[[121.305645,23.699188],[121.305449,23.699186],[121.305552,23.698826],[121.305259,23.698732],[121.30526,23.698642],[121.305554,23.698645],[121.305753,23.698467],[121.30575,23.698648],[121.305944,23.69883],[121.30614,23.698832],[121.306137,23.699103],[121.306039,23.699102],[121.306035,23.699373],[121.305839,23.699371],[121.305645,23.699188]],[[121.307317,23.698845],[121.307515,23.698667],[121.30771,23.698759],[121.307703,23.699301],[121.307606,23.69921],[121.307408,23.699388],[121.307017,23.699294],[121.306924,23.698931],[121.307317,23.698845]],[[121.306925,23.698841],[121.306824,23.699021],[121.30653,23.699017],[121.306434,23.698836],[121.306828,23.69875],[121.306925,23.698841]],[[121.305351,23.699185],[121.305155,23.699183],[121.305157,23.699002],[121.305354,23.699004],[121.305351,23.699185]],[[121.307251,23.696316],[121.307346,23.696588],[121.30715,23.696586],[121.307153,23.696315],[121.307251,23.696316]]],[[[121.282479,23.715999],[121.282677,23.715821],[121.282872,23.715913],[121.283272,23.715376],[121.283465,23.715559],[121.283859,23.715473],[121.283962,23.715113],[121.284354,23.715117],[121.284654,23.714669],[121.284848,23.714852],[121.285044,23.714854],[121.285143,23.714765],[121.285149,23.714313],[121.285247,23.714314],[121.285154,23.713952],[121.284959,23.71386],[121.28466,23.714218],[121.284464,23.714215],[121.283979,23.713758],[121.283185,23.714472],[121.283081,23.714922],[121.282883,23.715101],[121.282491,23.715096],[121.282094,23.715453],[121.282091,23.715634],[121.282479,23.715999]]],[[[121.295118,23.716952],[121.29512,23.716771],[121.295416,23.716684],[121.295321,23.716412],[121.294826,23.716768],[121.294921,23.71704],[121.295118,23.716952]]],[[[121.305237,23.723203],[121.304944,23.72311],[121.304848,23.722928],[121.304358,23.722923],[121.304259,23.723012],[121.304353,23.723284],[121.305137,23.723383],[121.305237,23.723203]]],[[[121.29667,23.725818],[121.296475,23.725726],[121.296375,23.725905],[121.29657,23.725998],[121.29667,23.725818]]],[[[121.302624,23.728051],[121.303215,23.727877],[121.303119,23.727695],[121.30263,23.727599],[121.302634,23.727329],[121.302732,23.72733],[121.302636,23.727148],[121.302537,23.727237],[121.302047,23.727142],[121.301945,23.727502],[121.301747,23.72759],[121.301842,23.727862],[121.302332,23.727867],[121.302331,23.727957],[121.302625,23.727961],[121.302624,23.728051]]],[[[121.309841,23.700859],[121.310136,23.700772],[121.310237,23.700503],[121.310139,23.700502],[121.310047,23.700049],[121.309754,23.699956],[121.309463,23.699681],[121.309363,23.699861],[121.309461,23.699862],[121.309543,23.701127],[121.30964,23.701218],[121.309837,23.70113],[121.309841,23.700859]]],[[[121.309827,23.709528],[121.309729,23.709527],[121.309732,23.709256],[121.30983,23.709257],[121.309735,23.709076],[121.309243,23.709161],[121.309049,23.708978],[121.309149,23.708889],[121.309054,23.708617],[121.308758,23.708794],[121.308753,23.709155],[121.309237,23.709612],[121.309532,23.709615],[121.309725,23.709798],[121.309827,23.709528]]],[[[121.305916,23.723753],[121.305919,23.723572],[121.305821,23.723571],[121.305923,23.723211],[121.30573,23.723028],[121.305236,23.723294],[121.30533,23.723566],[121.305621,23.72384],[121.305916,23.723753]],[[121.305723,23.72357],[121.305625,23.723569],[121.305627,23.723388],[121.305725,23.723389],[121.305723,23.72357]]],[[[121.306385,23.725473],[121.306685,23.725025],[121.306196,23.72493],[121.306002,23.724747],[121.305608,23.724833],[121.305508,23.725012],[121.305213,23.725099],[121.305599,23.725555],[121.306089,23.725561],[121.30609,23.72547],[121.306385,23.725473]]],[[[121.305865,23.727725],[121.305475,23.72754],[121.305479,23.727269],[121.304994,23.726813],[121.304798,23.726811],[121.304799,23.72672],[121.304504,23.726807],[121.304891,23.727173],[121.304984,23.727625],[121.305371,23.727991],[121.305764,23.727995],[121.305865,23.727725]]]]}},{"type":"Feature","properties":{"kind":"bare_dam","month":"2026-07","area_ha":141.31},"geometry":{"type":"MultiPolygon","coordinates":[[[[121.297517,23.690791],[121.297815,23.690524],[121.298011,23.690526],[121.29801,23.690616],[121.298207,23.690528],[121.29811,23.690437],[121.298214,23.689986],[121.298018,23.689984],[121.297522,23.69043],[121.297517,23.690791]]],[[[121.292877,23.700764],[121.293458,23.701312],[121.293948,23.701317],[121.294044,23.701499],[121.295809,23.701518],[121.295909,23.701339],[121.296302,23.701343],[121.2965,23.701165],[121.296502,23.700984],[121.296306,23.700982],[121.29631,23.700711],[121.296408,23.700712],[121.296313,23.70044],[121.296115,23.700619],[121.295821,23.700615],[121.295822,23.700525],[121.295429,23.700611],[121.295333,23.700429],[121.295039,23.700426],[121.29504,23.700336],[121.294844,23.700334],[121.294843,23.700424],[121.294452,23.700329],[121.294453,23.700239],[121.294059,23.700325],[121.293964,23.700143],[121.293472,23.700228],[121.293084,23.699953],[121.293086,23.699773],[121.29328,23.699955],[121.293477,23.699867],[121.293476,23.699958],[121.293868,23.699962],[121.293867,23.700052],[121.293966,23.699963],[121.294162,23.699965],[121.294161,23.700055],[121.29426,23.699966],[121.294554,23.699969],[121.294553,23.70006],[121.295045,23.699975],[121.295238,23.700158],[121.295437,23.699979],[121.295532,23.700161],[121.295729,23.700163],[121.295927,23.699985],[121.295734,23.699711],[121.295932,23.699623],[121.295934,23.699443],[121.296032,23.699444],[121.295936,23.699262],[121.296135,23.699084],[121.296427,23.699268],[121.296327,23.699357],[121.296422,23.699629],[121.296816,23.699453],[121.296722,23.699181],[121.296527,23.699088],[121.296533,23.698637],[121.296435,23.698636],[121.296536,23.698366],[121.296341,23.698273],[121.296541,23.698005],[121.296737,23.698007],[121.296931,23.69819],[121.296832,23.698279],[121.297025,23.698462],[121.296924,23.698731],[121.297214,23.699005],[121.296916,23.699363],[121.297011,23.699545],[121.296913,23.699544],[121.296811,23.699904],[121.296907,23.699995],[121.297105,23.699907],[121.2972,23.700089],[121.297593,23.700093],[121.297591,23.700183],[121.297888,23.700006],[121.297985,23.700097],[121.297884,23.700277],[121.298078,23.70046],[121.298372,23.700463],[121.298082,23.700189],[121.29838,23.699831],[121.298188,23.699558],[121.298386,23.699379],[121.298777,23.699474],[121.299075,23.699206],[121.298591,23.69875],[121.2984,23.698296],[121.298697,23.698119],[121.298988,23.698393],[121.299088,23.698213],[121.298602,23.697847],[121.298503,23.697936],[121.298406,23.697845],[121.298014,23.69784],[121.298013,23.697931],[121.297524,23.697835],[121.297325,23.698013],[121.29723,23.697832],[121.297034,23.69783],[121.296743,23.697555],[121.296943,23.697287],[121.297238,23.6972],[121.296947,23.696926],[121.296952,23.696564],[121.29725,23.696297],[121.297346,23.696388],[121.297544,23.6963],[121.297548,23.695939],[121.297646,23.69594],[121.297747,23.69576],[121.298041,23.695764],[121.298136,23.696036],[121.298232,23.696127],[121.29843,23.696039],[121.298524,23.696311],[121.29931,23.696229],[121.2996,23.696503],[121.299598,23.696684],[121.299793,23.696776],[121.299691,23.697046],[121.299298,23.697132],[121.299299,23.697042],[121.298712,23.696945],[121.298328,23.696309],[121.298131,23.696397],[121.298129,23.696577],[121.298227,23.696578],[121.298125,23.696848],[121.298613,23.697034],[121.298709,23.697216],[121.298905,23.697218],[121.298803,23.697488],[121.298998,23.69758],[121.298996,23.697761],[121.299093,23.697852],[121.299486,23.697766],[121.299386,23.697946],[121.29958,23.698038],[121.299578,23.698219],[121.299283,23.698306],[121.299181,23.698576],[121.299668,23.698852],[121.29977,23.698582],[121.300065,23.698495],[121.300363,23.698227],[121.300169,23.698045],[121.300269,23.697865],[121.300366,23.697956],[121.300564,23.697778],[121.300759,23.69787],[121.300862,23.69751],[121.300959,23.697602],[121.301646,23.697519],[121.301944,23.697251],[121.30195,23.6968],[121.302145,23.696892],[121.302443,23.696625],[121.302445,23.696444],[121.302739,23.696447],[121.303037,23.69618],[121.30324,23.69564],[121.30373,23.695646],[121.303432,23.695913],[121.30343,23.696094],[121.303134,23.696271],[121.303131,23.696452],[121.302735,23.696718],[121.302433,23.697347],[121.301941,23.697522],[121.302037,23.697614],[121.301937,23.697793],[121.302132,23.697886],[121.302129,23.698156],[121.301833,23.698243],[121.301536,23.698511],[121.30163,23.698783],[121.301432,23.698961],[121.301044,23.698596],[121.300846,23.698774],[121.30065,23.698772],[121.300848,23.698594],[121.300654,23.698411],[121.300259,23.698678],[121.300451,23.698951],[121.300058,23.699037],[121.299864,23.698854],[121.299662,23.699303],[121.299564,23.699302],[121.299562,23.699483],[121.29966,23.699484],[121.299559,23.699663],[121.299754,23.699756],[121.299654,23.699935],[121.300045,23.70003],[121.300041,23.700301],[121.30014,23.700302],[121.300038,23.700572],[121.300135,23.700663],[121.302194,23.700685],[121.302294,23.700506],[121.302686,23.70051],[121.303579,23.699707],[121.303486,23.699345],[121.303682,23.699347],[121.303785,23.698987],[121.303982,23.698899],[121.303988,23.698448],[121.304185,23.69836],[121.304191,23.697908],[121.305481,23.696748],[121.306167,23.696756],[121.306267,23.696576],[121.306856,23.696583],[121.306955,23.696494],[121.306964,23.695771],[121.307162,23.695683],[121.306968,23.6955],[121.306983,23.694327],[121.307975,23.693435],[121.308368,23.693349],[121.308371,23.693168],[121.308078,23.693074],[121.308082,23.692713],[121.309064,23.692634],[121.309264,23.692365],[121.310048,23.692374],[121.310049,23.692283],[121.310734,23.692381],[121.311528,23.691667],[121.311535,23.691126],[121.311438,23.691034],[121.311536,23.691035],[121.311539,23.690764],[121.311838,23.690407],[121.311843,23.690045],[121.312337,23.68978],[121.312341,23.689419],[121.312538,23.689331],[121.312444,23.689059],[121.312249,23.688966],[121.312251,23.688786],[121.312935,23.688974],[121.313036,23.688794],[121.313527,23.688709],[121.313537,23.687897],[121.313735,23.687809],[121.313743,23.687176],[121.313548,23.687084],[121.313647,23.686995],[121.313554,23.686633],[121.313163,23.686538],[121.31317,23.685996],[121.313073,23.685905],[121.312777,23.685992],[121.312683,23.68572],[121.312294,23.685445],[121.312096,23.685623],[121.311705,23.685529],[121.311704,23.685619],[121.311212,23.685704],[121.31112,23.685252],[121.311022,23.685251],[121.311124,23.684981],[121.310829,23.684978],[121.310826,23.685248],[121.310629,23.685337],[121.310524,23.685877],[121.310719,23.68597],[121.31081,23.686512],[121.311005,23.686605],[121.311002,23.686785],[121.310806,23.686783],[121.310706,23.686963],[121.310413,23.686869],[121.310514,23.686599],[121.310319,23.686507],[121.310121,23.686686],[121.310024,23.686594],[121.309827,23.686682],[121.309822,23.687043],[121.309333,23.686948],[121.309233,23.687127],[121.308939,23.687124],[121.308938,23.687214],[121.308644,23.687211],[121.308645,23.687121],[121.308446,23.687299],[121.307957,23.687204],[121.307759,23.687382],[121.30785,23.687925],[121.307457,23.688011],[121.307452,23.688372],[121.307258,23.688189],[121.306865,23.688275],[121.306769,23.688094],[121.306475,23.68809],[121.306474,23.688181],[121.306179,23.688268],[121.306272,23.68863],[121.306174,23.688629],[121.306079,23.688357],[121.305883,23.688355],[121.305783,23.688534],[121.305587,23.688532],[121.305191,23.688799],[121.305188,23.68907],[121.304992,23.689068],[121.304793,23.689246],[121.3045,23.689152],[121.304501,23.689062],[121.304402,23.689151],[121.303912,23.689146],[121.303812,23.689325],[121.30332,23.68941],[121.303119,23.689769],[121.302529,23.689944],[121.302429,23.690123],[121.301937,23.690208],[121.301549,23.689933],[121.301156,23.689928],[121.301158,23.689838],[121.300863,23.689835],[121.300865,23.689745],[121.299884,23.689734],[121.299883,23.689824],[121.300176,23.689918],[121.299978,23.690096],[121.299975,23.690277],[121.300072,23.690368],[121.300562,23.690373],[121.300656,23.690736],[121.300854,23.690557],[121.301147,23.690651],[121.301347,23.690382],[121.301739,23.690386],[121.301738,23.690477],[121.302227,23.690572],[121.302126,23.690752],[121.302418,23.690936],[121.302316,23.691205],[121.302801,23.691662],[121.302503,23.69193],[121.302209,23.691927],[121.302113,23.691745],[121.301819,23.691742],[121.301621,23.69192],[121.301331,23.691556],[121.30094,23.691461],[121.300841,23.69155],[121.300937,23.691732],[121.300741,23.69173],[121.300639,23.692],[121.300443,23.691998],[121.299947,23.692444],[121.300042,23.692716],[121.300434,23.69272],[121.300433,23.69281],[121.30063,23.692722],[121.300437,23.692449],[121.300733,23.692362],[121.300731,23.692452],[121.301024,23.692546],[121.301022,23.692726],[121.300825,23.692814],[121.300821,23.693085],[121.300624,23.693173],[121.300621,23.693444],[121.300424,23.693442],[121.300427,23.693262],[121.299942,23.692805],[121.29955,23.6928],[121.29926,23.692526],[121.299264,23.692165],[121.29956,23.692078],[121.299469,23.691535],[121.299665,23.691537],[121.299664,23.691628],[121.299763,23.691539],[121.300546,23.691637],[121.300645,23.691548],[121.300549,23.691367],[121.300353,23.691364],[121.300063,23.69109],[121.299769,23.691087],[121.299673,23.690905],[121.299378,23.690993],[121.299088,23.690628],[121.298892,23.690626],[121.298594,23.690894],[121.29898,23.69144],[121.299274,23.691443],[121.299074,23.691712],[121.298785,23.691347],[121.298491,23.691344],[121.298492,23.691254],[121.298198,23.69125],[121.298199,23.69116],[121.298003,23.691158],[121.297804,23.691336],[121.2977,23.691787],[121.297894,23.69197],[121.297891,23.69224],[121.298084,23.692423],[121.298378,23.692426],[121.298376,23.692607],[121.29857,23.69279],[121.298565,23.693151],[121.298467,23.69315],[121.29856,23.693512],[121.298362,23.69369],[121.298166,23.693688],[121.298064,23.693958],[121.297669,23.694225],[121.297665,23.694495],[121.297366,23.694853],[121.29746,23.695216],[121.297262,23.695304],[121.297259,23.695575],[121.296966,23.695481],[121.296866,23.69566],[121.296571,23.695657],[121.29657,23.695748],[121.296374,23.695745],[121.296375,23.695655],[121.295786,23.695739],[121.295785,23.695829],[121.295292,23.696004],[121.29529,23.696185],[121.295388,23.696186],[121.295286,23.696456],[121.29509,23.696454],[121.294997,23.696091],[121.294704,23.695998],[121.294705,23.695908],[121.294606,23.695997],[121.294116,23.695991],[121.294115,23.696082],[121.293624,23.696076],[121.293524,23.696256],[121.292838,23.696248],[121.29254,23.696516],[121.292536,23.696787],[121.292339,23.696875],[121.292326,23.697868],[121.292617,23.698142],[121.292913,23.697965],[121.292812,23.698234],[121.293007,23.698327],[121.293004,23.698508],[121.292906,23.698506],[121.292714,23.698233],[121.292518,23.698231],[121.292513,23.698592],[121.292708,23.698685],[121.292703,23.699046],[121.293094,23.699141],[121.293091,23.699411],[121.292893,23.6995],[121.292877,23.700764]],[[121.295733,23.699802],[121.295634,23.699891],[121.295635,23.699801],[121.295733,23.699802]],[[121.297648,23.69585],[121.297551,23.695758],[121.297649,23.695759],[121.297648,23.69585]],[[121.300165,23.698315],[121.300068,23.698224],[121.300166,23.698225],[121.300165,23.698315]],[[121.301432,23.698961],[121.301529,23.699053],[121.301431,23.699052],[121.301432,23.698961]],[[121.300058,23.699037],[121.299959,23.699126],[121.29996,23.699036],[121.300058,23.699037]],[[121.300046,23.69994],[121.299851,23.699847],[121.299952,23.699668],[121.299758,23.699485],[121.300051,23.699578],[121.300046,23.69994]],[[121.313548,23.687084],[121.313449,23.687173],[121.31345,23.687083],[121.313548,23.687084]],[[121.298378,23.692426],[121.298478,23.692337],[121.298476,23.692427],[121.298378,23.692426]],[[121.297459,23.695306],[121.297659,23.694947],[121.297757,23.694948],[121.297754,23.695219],[121.297949,23.695311],[121.297847,23.695581],[121.29775,23.69549],[121.297553,23.695578],[121.297557,23.695307],[121.297459,23.695306]],[[121.293004,23.698508],[121.293101,23.698599],[121.293003,23.698598],[121.293004,23.698508]],[[121.292991,23.699501],[121.293088,23.699592],[121.29299,23.699591],[121.292991,23.699501]],[[121.295034,23.700787],[121.295131,23.700879],[121.295033,23.700878],[121.295034,23.700787]],[[121.30092,23.700581],[121.300727,23.700398],[121.300923,23.700401],[121.30092,23.700581]],[[121.302001,23.700412],[121.301903,23.700411],[121.301907,23.700141],[121.302005,23.700142],[121.302001,23.700412]],[[121.301907,23.700141],[121.30181,23.700049],[121.301908,23.70005],[121.301907,23.700141]],[[121.302202,23.700053],[121.302299,23.700145],[121.302201,23.700144],[121.302202,23.700053]],[[121.302008,23.699871],[121.302105,23.699962],[121.302007,23.699961],[121.302008,23.699871]],[[121.294265,23.699605],[121.294264,23.699695],[121.294068,23.699693],[121.294069,23.699603],[121.294265,23.699605]],[[121.30103,23.699679],[121.301127,23.699771],[121.301029,23.69977],[121.30103,23.699679]],[[121.294079,23.69879],[121.294469,23.698975],[121.294565,23.699157],[121.294861,23.698979],[121.295054,23.699253],[121.294855,23.699431],[121.294564,23.699247],[121.294463,23.699427],[121.294657,23.699609],[121.294461,23.699607],[121.29388,23.699059],[121.293583,23.699236],[121.293581,23.699417],[121.293385,23.699415],[121.2931,23.698689],[121.293294,23.698872],[121.293687,23.698786],[121.293783,23.698968],[121.293979,23.69897],[121.294079,23.69879]],[[121.294079,23.69879],[121.293982,23.698699],[121.29408,23.6987],[121.294079,23.69879]],[[121.300247,23.699581],[121.300344,23.699672],[121.300246,23.699671],[121.300247,23.699581]],[[121.297797,23.699463],[121.297311,23.699097],[121.297511,23.698828],[121.297804,23.698922],[121.297802,23.699102],[121.297997,23.699195],[121.297797,23.699463]],[[121.301231,23.69932],[121.301229,23.699501],[121.301131,23.6995],[121.301133,23.699319],[121.301231,23.69932]],[[121.30025,23.69931],[121.300347,23.699401],[121.300249,23.6994],[121.30025,23.69931]],[[121.301725,23.699055],[121.301727,23.698874],[121.301825,23.698875],[121.30192,23.699147],[121.301725,23.699055]],[[121.301039,23.698957],[121.301038,23.699047],[121.300842,23.699045],[121.300843,23.698955],[121.301039,23.698957]],[[121.295061,23.698711],[121.29487,23.698347],[121.294572,23.698615],[121.293985,23.698518],[121.293891,23.698156],[121.29409,23.697978],[121.294286,23.69798],[121.294386,23.6978],[121.294877,23.697806],[121.294878,23.697715],[121.295172,23.697719],[121.295171,23.697809],[121.295956,23.697727],[121.295955,23.697818],[121.296346,23.697912],[121.296048,23.69818],[121.296144,23.698362],[121.295845,23.698719],[121.295649,23.698717],[121.295554,23.698536],[121.295256,23.698803],[121.295061,23.698711]],[[121.303494,23.698713],[121.303395,23.698802],[121.303396,23.698712],[121.303494,23.698713]],[[121.303396,23.698712],[121.303299,23.698621],[121.303397,23.698622],[121.303396,23.698712]],[[121.303299,23.698621],[121.303202,23.698529],[121.3033,23.69853],[121.303299,23.698621]],[[121.303202,23.698529],[121.303105,23.698438],[121.303204,23.698439],[121.303202,23.698529]],[[121.302717,23.698163],[121.302814,23.698254],[121.302716,23.698253],[121.302717,23.698163]],[[121.303508,23.69763],[121.303511,23.697449],[121.303707,23.697451],[121.303703,23.697722],[121.303508,23.69763]],[[121.293803,23.697433],[121.293802,23.697523],[121.293605,23.697521],[121.293607,23.697431],[121.293803,23.697433]],[[121.299983,23.69723],[121.300178,23.697322],[121.300176,23.697503],[121.29998,23.697501],[121.299983,23.69723]],[[121.300276,23.697323],[121.300373,23.697415],[121.300275,23.697414],[121.300276,23.697323]],[[121.293218,23.697155],[121.293315,23.697247],[121.293217,23.697246],[121.293218,23.697155]],[[121.296458,23.69683],[121.29675,23.697014],[121.296648,23.697283],[121.296452,23.697281],[121.296259,23.697099],[121.296458,23.69683]],[[121.296359,23.696919],[121.296262,23.696828],[121.29636,23.696829],[121.296359,23.696919]],[[121.294102,23.697075],[121.294198,23.697166],[121.2941,23.697165],[121.294102,23.697075]],[[121.293909,23.696802],[121.294006,23.696893],[121.293908,23.696892],[121.293909,23.696802]],[[121.294791,23.696812],[121.295087,23.696724],[121.295182,23.696906],[121.29479,23.696902],[121.294791,23.696812]],[[121.304399,23.697007],[121.304302,23.696916],[121.3044,23.696917],[121.304399,23.697007]],[[121.3044,23.696917],[121.304499,23.696828],[121.304498,23.696918],[121.3044,23.696917]],[[121.296067,23.696735],[121.296164,23.696827],[121.296066,23.696826],[121.296067,23.696735]],[[121.299311,23.696139],[121.298827,23.695682],[121.29883,23.695411],[121.299025,23.695504],[121.299223,23.695325],[121.299221,23.695506],[121.299416,23.695598],[121.299317,23.695687],[121.299311,23.696139]],[[121.300197,23.695878],[121.300101,23.695696],[121.300297,23.695698],[121.3004,23.695338],[121.300498,23.695339],[121.300588,23.695972],[121.300197,23.695878]],[[121.305986,23.69558],[121.306083,23.695671],[121.305985,23.69567],[121.305986,23.69558]],[[121.298832,23.695231],[121.298929,23.695322],[121.298831,23.695321],[121.298832,23.695231]],[[121.304324,23.695201],[121.304426,23.694931],[121.30472,23.694934],[121.304617,23.695294],[121.304224,23.69538],[121.304226,23.6952],[121.304324,23.695201]],[[121.298835,23.69505],[121.298932,23.695141],[121.298834,23.69514],[121.298835,23.69505]],[[121.299722,23.694699],[121.299718,23.694969],[121.299521,23.695058],[121.299526,23.694696],[121.299722,23.694699]],[[121.300112,23.694883],[121.300209,23.694975],[121.30011,23.694974],[121.300112,23.694883]],[[121.305113,23.694848],[121.305314,23.694489],[121.30512,23.694306],[121.305413,23.6944],[121.305513,23.69422],[121.30571,23.694222],[121.305607,23.694583],[121.305309,23.69485],[121.305113,23.694848]],[[121.298451,23.694414],[121.29865,23.694145],[121.298845,23.694237],[121.298843,23.694418],[121.298451,23.694414]],[[121.301003,23.694171],[121.30081,23.693988],[121.301006,23.69399],[121.301003,23.694171]],[[121.3063,23.694048],[121.306302,23.693868],[121.3065,23.69378],[121.306594,23.694052],[121.306495,23.694141],[121.3063,23.694048]],[[121.305712,23.694042],[121.305615,23.693951],[121.305713,23.693952],[121.305712,23.694042]],[[121.305713,23.693952],[121.305812,23.693862],[121.305811,23.693953],[121.305713,23.693952]],[[121.30052,23.693624],[121.300518,23.693804],[121.300615,23.693896],[121.300419,23.693894],[121.300422,23.693623],[121.30052,23.693624]],[[121.305224,23.693856],[121.305324,23.693676],[121.305618,23.69368],[121.305419,23.693948],[121.305224,23.693856]],[[121.29954,23.693613],[121.299445,23.693341],[121.299642,23.693253],[121.29964,23.693434],[121.299834,23.693616],[121.299735,23.693705],[121.29954,23.693613]],[[121.307091,23.693515],[121.307291,23.693246],[121.307486,23.693339],[121.307286,23.693608],[121.307091,23.693515]],[[121.306016,23.693233],[121.306113,23.693324],[121.306015,23.693323],[121.306016,23.693233]],[[121.305823,23.69305],[121.30592,23.693141],[121.305822,23.69314],[121.305823,23.69305]],[[121.301224,23.692277],[121.301321,23.692368],[121.301223,23.692367],[121.301224,23.692277]],[[121.307502,23.692075],[121.307599,23.692166],[121.307501,23.692165],[121.307502,23.692075]],[[121.307603,23.691895],[121.307699,23.691987],[121.307601,23.691986],[121.307603,23.691895]],[[121.308681,23.691907],[121.308785,23.691457],[121.308883,23.691458],[121.30879,23.691096],[121.308986,23.691098],[121.309184,23.690919],[121.309181,23.69119],[121.309279,23.691191],[121.309179,23.691281],[121.309276,23.691372],[121.309171,23.691913],[121.309072,23.692002],[121.308681,23.691907]],[[121.30829,23.691813],[121.30839,23.691633],[121.308488,23.691634],[121.308486,23.691815],[121.30829,23.691813]],[[121.30859,23.691364],[121.308588,23.691545],[121.30849,23.691544],[121.308492,23.691363],[121.30859,23.691364]],[[121.309963,23.691379],[121.310059,23.691471],[121.309961,23.69147],[121.309963,23.691379]],[[121.309479,23.690832],[121.309482,23.690652],[121.30958,23.690653],[121.309577,23.690833],[121.309479,23.690832]],[[121.30958,23.690653],[121.309679,23.690564],[121.309678,23.690654],[121.30958,23.690653]],[[121.310853,23.690757],[121.310855,23.690576],[121.311053,23.690488],[121.311147,23.69076],[121.311048,23.690849],[121.310853,23.690757]],[[121.309979,23.690115],[121.30988,23.690205],[121.309881,23.690114],[121.309979,23.690115]],[[121.309881,23.690114],[121.309784,23.690023],[121.309687,23.689932],[121.309883,23.689934],[121.309881,23.690114]],[[121.310274,23.690028],[121.31008,23.689846],[121.310278,23.689757],[121.310274,23.690028]],[[121.310569,23.689941],[121.310666,23.690033],[121.310568,23.690031],[121.310569,23.689941]],[[121.310474,23.68976],[121.310571,23.689851],[121.310473,23.68985],[121.310474,23.68976]],[[121.30979,23.689571],[121.309792,23.689391],[121.309991,23.689212],[121.309985,23.689664],[121.30979,23.689571]],[[121.30793,23.68928],[121.308027,23.689372],[121.308124,23.689463],[121.307928,23.689461],[121.30793,23.68928]],[[121.310286,23.689125],[121.310189,23.689034],[121.310287,23.689035],[121.310286,23.689125]],[[121.310288,23.688945],[121.31019,23.688944],[121.310192,23.688763],[121.310289,23.688855],[121.310487,23.688766],[121.31058,23.689129],[121.310384,23.689126],[121.310288,23.688945]],[[121.310491,23.688405],[121.310589,23.688406],[121.310585,23.688767],[121.310487,23.688766],[121.310491,23.688405]],[[121.310979,23.688591],[121.310977,23.688772],[121.310879,23.688771],[121.310881,23.68859],[121.310979,23.688591]],[[121.311078,23.688502],[121.311181,23.688142],[121.311377,23.688144],[121.311375,23.688325],[121.311277,23.688324],[121.31137,23.688686],[121.311174,23.688684],[121.311176,23.688503],[121.311078,23.688502]],[[121.310883,23.68841],[121.31098,23.688501],[121.310882,23.6885],[121.310883,23.68841]],[[121.311671,23.688147],[121.311574,23.688056],[121.311672,23.688057],[121.311671,23.688147]],[[121.311672,23.688057],[121.311771,23.687968],[121.31177,23.688058],[121.311672,23.688057]],[[121.313338,23.688165],[121.312949,23.68789],[121.312951,23.68771],[121.312757,23.687617],[121.312664,23.687165],[121.312859,23.687257],[121.312857,23.687438],[121.313148,23.687712],[121.313345,23.687624],[121.313341,23.687895],[121.313243,23.687893],[121.313338,23.688165]],[[121.311379,23.687963],[121.311378,23.688054],[121.311182,23.688052],[121.311183,23.687961],[121.311379,23.687963]],[[121.312068,23.68779],[121.312165,23.687882],[121.312067,23.687881],[121.312068,23.68779]],[[121.312862,23.687077],[121.312864,23.686896],[121.313061,23.686808],[121.313156,23.68708],[121.313056,23.687169],[121.312862,23.687077]]],[[[121.296698,23.700986],[121.297094,23.70072],[121.297096,23.700539],[121.297389,23.700633],[121.29749,23.700453],[121.297393,23.700362],[121.297294,23.700451],[121.296609,23.700353],[121.296507,23.700623],[121.296605,23.700624],[121.296602,23.700895],[121.296698,23.700986]]]]}},{"type":"Feature","properties":{"kind":"water","month":"2026-07","area_ha":13.59},"geometry":{"type":"MultiPolygon","coordinates":[[[[121.283198,23.690995],[121.283203,23.690633],[121.282616,23.690537],[121.282806,23.69099],[121.283002,23.690992],[121.283,23.691173],[121.283391,23.691268],[121.283393,23.691087],[121.283198,23.690995]]],[[[121.284642,23.693087],[121.284744,23.692818],[121.284549,23.692725],[121.284455,23.692363],[121.284259,23.692361],[121.284356,23.692452],[121.284256,23.692632],[121.284547,23.692815],[121.28454,23.693357],[121.284933,23.693362],[121.284935,23.693181],[121.284642,23.693087]]],[[[121.289118,23.695756],[121.28892,23.695844],[121.288924,23.695573],[121.288728,23.695571],[121.28882,23.696023],[121.289213,23.695937],[121.289118,23.695756]]],[[[121.290775,23.696496],[121.29097,23.696589],[121.29117,23.69632],[121.290974,23.696318],[121.290975,23.696228],[121.290777,23.696316],[121.290585,23.696043],[121.290093,23.696128],[121.2899,23.695945],[121.289904,23.695584],[121.289806,23.695583],[121.289705,23.695852],[121.289311,23.695938],[121.289304,23.69648],[121.289402,23.696481],[121.289302,23.696661],[121.289594,23.696844],[121.289591,23.697025],[121.289883,23.697209],[121.289881,23.697389],[121.290559,23.698029],[121.290755,23.698031],[121.290753,23.698212],[121.290852,23.698123],[121.291145,23.698216],[121.291248,23.697856],[121.291052,23.697854],[121.290957,23.697582],[121.290567,23.697397],[121.290571,23.697126],[121.290669,23.697127],[121.290671,23.696947],[121.290868,23.696859],[121.290775,23.696496]],[[121.290671,23.696947],[121.290574,23.696855],[121.290672,23.696856],[121.290671,23.696947]]],[[[121.290866,23.697039],[121.290769,23.696948],[121.290768,23.697038],[121.290866,23.697039]]],[[[121.292913,23.697965],[121.292815,23.697964],[121.292813,23.698144],[121.292911,23.698145],[121.292913,23.697965]]],[[[121.292223,23.698228],[121.292421,23.69814],[121.292418,23.69832],[121.292518,23.698231],[121.292909,23.698326],[121.292813,23.698144],[121.292519,23.698141],[121.292521,23.69796],[121.292325,23.697958],[121.292327,23.697778],[121.292129,23.697956],[121.291933,23.697954],[121.29193,23.698134],[121.292125,23.698227],[121.292122,23.698498],[121.29222,23.698499],[121.292223,23.698228]],[[121.292029,23.698136],[121.292128,23.698046],[121.292127,23.698137],[121.292029,23.698136]]],[[[121.291339,23.698399],[121.291535,23.698401],[121.291536,23.698311],[121.291245,23.698037],[121.291339,23.698399]]],[[[121.291441,23.698039],[121.291538,23.69813],[121.291536,23.698311],[121.291731,23.698403],[121.291736,23.698042],[121.291441,23.698039]]],[[[121.292909,23.698326],[121.292906,23.698506],[121.293004,23.698508],[121.293007,23.698327],[121.292909,23.698326]]],[[[121.293003,23.698598],[121.293102,23.698509],[121.293004,23.698508],[121.293003,23.698598]]],[[[121.293588,23.698875],[121.293294,23.698872],[121.2931,23.698689],[121.293385,23.699415],[121.293581,23.699417],[121.293484,23.699325],[121.293588,23.698875]]],[[[121.293094,23.699141],[121.292312,23.698951],[121.292313,23.698861],[121.292509,23.698863],[121.292512,23.698683],[121.292316,23.698681],[121.292317,23.69859],[121.292219,23.698589],[121.292216,23.69877],[121.291825,23.698675],[121.291823,23.698856],[121.292019,23.698858],[121.292114,23.69913],[121.29231,23.699132],[121.292311,23.699042],[121.292702,23.699136],[121.292602,23.699316],[121.292796,23.699408],[121.292794,23.699589],[121.293091,23.699411],[121.293094,23.699141]]],[[[121.293583,23.699236],[121.293682,23.699147],[121.293584,23.699146],[121.293583,23.699236]]],[[[121.293088,23.699592],[121.292991,23.699501],[121.29299,23.699591],[121.293088,23.699592]]],[[[121.297004,23.700087],[121.2972,23.700089],[121.297202,23.699999],[121.297007,23.699906],[121.297004,23.700087]]],[[[121.295723,23.700614],[121.295724,23.700524],[121.296115,23.700619],[121.296215,23.700439],[121.296508,23.700533],[121.296806,23.700265],[121.296612,23.700082],[121.296317,23.700169],[121.296319,23.699989],[121.296025,23.699986],[121.296021,23.700256],[121.295825,23.700254],[121.295827,23.700164],[121.295532,23.700161],[121.295437,23.699979],[121.295238,23.700158],[121.295042,23.700155],[121.295045,23.699975],[121.294848,23.699973],[121.294847,23.700063],[121.293966,23.699963],[121.293867,23.700052],[121.293868,23.699962],[121.293476,23.699958],[121.293477,23.699867],[121.29328,23.699955],[121.293086,23.699773],[121.293084,23.699953],[121.293472,23.700228],[121.293864,23.700233],[121.293866,23.700142],[121.294062,23.700145],[121.294059,23.700325],[121.294159,23.700236],[121.294453,23.700239],[121.294452,23.700329],[121.294747,23.700242],[121.294745,23.700423],[121.29504,23.700336],[121.295039,23.700426],[121.295431,23.700431],[121.295429,23.700611],[121.295528,23.700522],[121.295723,23.700614]]],[[[121.297098,23.700449],[121.297593,23.700093],[121.2972,23.700089],[121.297098,23.700449]]],[[[121.300164,23.690821],[121.300558,23.690735],[121.300562,23.690373],[121.299877,23.690276],[121.300176,23.689918],[121.299786,23.689733],[121.299769,23.691087],[121.300063,23.69109],[121.300062,23.691181],[121.300354,23.691274],[121.300358,23.691003],[121.300164,23.690821]]],[[[121.300531,23.692811],[121.300434,23.69272],[121.299944,23.692714],[121.299946,23.692534],[121.29975,23.692532],[121.299558,23.692168],[121.299264,23.692165],[121.29926,23.692526],[121.29955,23.6928],[121.299942,23.692805],[121.300427,23.693262],[121.300424,23.693442],[121.300621,23.693444],[121.300624,23.693173],[121.300821,23.693085],[121.300824,23.692905],[121.300726,23.692904],[121.30063,23.692722],[121.300531,23.692811]],[[121.300726,23.692904],[121.300626,23.692993],[121.300628,23.692903],[121.300726,23.692904]]],[[[121.297553,23.695578],[121.297652,23.695489],[121.297847,23.695581],[121.297757,23.694948],[121.297559,23.695126],[121.297553,23.695578]]],[[[121.297948,23.695401],[121.297851,23.69531],[121.29785,23.6954],[121.297948,23.695401]]],[[[121.300396,23.695609],[121.300101,23.695696],[121.3001,23.695786],[121.300296,23.695788],[121.300294,23.695969],[121.300588,23.695972],[121.300498,23.695339],[121.3004,23.695338],[121.300396,23.695609]]],[[[121.299223,23.695325],[121.299125,23.695324],[121.299123,23.695505],[121.29883,23.695411],[121.298827,23.695682],[121.299311,23.696139],[121.299317,23.695687],[121.299416,23.695598],[121.29922,23.695596],[121.299223,23.695325]]],[[[121.299696,23.696685],[121.299212,23.696228],[121.299112,23.696317],[121.298721,23.696223],[121.298719,23.696403],[121.298524,23.696311],[121.298518,23.696762],[121.298712,23.696945],[121.299299,23.697042],[121.299205,23.69677],[121.299403,23.696591],[121.299495,23.697044],[121.299691,23.697046],[121.299595,23.696955],[121.299696,23.696685]],[[121.299009,23.696768],[121.29901,23.696677],[121.299206,23.69668],[121.299205,23.69677],[121.299009,23.696768]],[[121.298818,23.696314],[121.298915,23.696405],[121.298817,23.696404],[121.298818,23.696314]]],[[[121.299694,23.696865],[121.299793,23.696776],[121.299695,23.696775],[121.299694,23.696865]]],[[[121.298612,23.697124],[121.298515,23.697033],[121.298514,23.697123],[121.298612,23.697124]]],[[[121.299396,23.697133],[121.299299,23.697042],[121.299298,23.697132],[121.299396,23.697133]]],[[[121.29871,23.697126],[121.298612,23.697124],[121.298608,23.697395],[121.298803,23.697488],[121.298905,23.697218],[121.298709,23.697216],[121.29871,23.697126]]],[[[121.299485,23.697856],[121.299486,23.697766],[121.29929,23.697764],[121.299289,23.697854],[121.299485,23.697856]]],[[[121.299289,23.697854],[121.298995,23.697851],[121.298901,23.697489],[121.298604,23.697756],[121.298407,23.697754],[121.298405,23.697935],[121.298602,23.697847],[121.29899,23.698212],[121.299383,23.698126],[121.299289,23.697854]]],[[[121.298891,23.698301],[121.298697,23.698119],[121.2984,23.698296],[121.298398,23.698477],[121.298593,23.698569],[121.298688,23.698841],[121.29908,23.698845],[121.299083,23.698574],[121.298888,23.698482],[121.298891,23.698301]]],[[[121.298572,23.700194],[121.298671,23.700105],[121.298669,23.700286],[121.298963,23.700289],[121.29897,23.699747],[121.298772,23.699926],[121.298282,23.69983],[121.29828,23.70001],[121.298083,23.700099],[121.298179,23.70028],[121.298277,23.700281],[121.298279,23.700101],[121.298572,23.700194]]],[[[121.299649,23.700296],[121.299941,23.70048],[121.300045,23.70003],[121.299556,23.699934],[121.299649,23.700296]]],[[[121.299158,23.700381],[121.298861,23.700559],[121.298858,23.700829],[121.299054,23.700832],[121.299057,23.700561],[121.299349,23.700745],[121.299259,23.700111],[121.299454,23.700204],[121.299451,23.700475],[121.299647,23.700477],[121.299555,23.700024],[121.299163,23.70002],[121.299063,23.700109],[121.299158,23.700381]]],[[[121.298864,23.700378],[121.298766,23.700377],[121.298763,23.700558],[121.298861,23.700559],[121.298864,23.700378]]],[[[121.313345,23.687624],[121.313148,23.687712],[121.312955,23.687439],[121.312759,23.687437],[121.312757,23.687617],[121.312951,23.68771],[121.312949,23.68789],[121.313145,23.687892],[121.31324,23.688164],[121.313338,23.688165],[121.31334,23.687985],[121.313242,23.687984],[121.313345,23.687624]]],[[[121.311377,23.688144],[121.311181,23.688142],[121.311174,23.688684],[121.31137,23.688686],[121.311374,23.688415],[121.311275,23.688414],[121.311377,23.688144]]],[[[121.310289,23.688855],[121.310192,23.688763],[121.31019,23.688944],[121.310288,23.688945],[121.310384,23.689126],[121.31058,23.689129],[121.310582,23.688948],[121.310289,23.688855]]],[[[121.310188,23.689124],[121.310287,23.689035],[121.310189,23.689034],[121.310188,23.689124]]],[[[121.308683,23.691727],[121.308681,23.691907],[121.308876,23.692],[121.308979,23.69164],[121.308784,23.691547],[121.308781,23.691728],[121.308683,23.691727]]],[[[121.308978,23.69173],[121.308976,23.69182],[121.309171,23.691913],[121.309174,23.691732],[121.308978,23.69173]]],[[[121.308974,23.692001],[121.309073,23.691911],[121.308975,23.69191],[121.308974,23.692001]]],[[[121.300535,23.69245],[121.300436,23.692539],[121.300534,23.69254],[121.300535,23.69245]]],[[[121.300534,23.69254],[121.300533,23.692631],[121.300728,23.692723],[121.30073,23.692542],[121.300534,23.69254]]],[[[121.300727,23.692813],[121.300826,23.692724],[121.300728,23.692723],[121.300727,23.692813]]],[[[121.305309,23.69485],[121.305607,23.694583],[121.30571,23.694222],[121.305513,23.69422],[121.305411,23.69458],[121.305215,23.694578],[121.305113,23.694848],[121.305309,23.69485]]],[[[121.30472,23.694934],[121.304426,23.694931],[121.304224,23.69538],[121.304617,23.695294],[121.30472,23.694934]]],[[[121.301043,23.698686],[121.301334,23.69896],[121.301531,23.698872],[121.301537,23.698421],[121.301733,23.698423],[121.301735,23.698242],[121.302129,23.698156],[121.302035,23.697794],[121.301839,23.697792],[121.302037,23.697614],[121.301841,23.697611],[121.301843,23.697521],[121.302433,23.697347],[121.302735,23.696718],[121.303131,23.696452],[121.303134,23.696271],[121.30343,23.696094],[121.303432,23.695913],[121.30373,23.695646],[121.30324,23.69564],[121.303037,23.69618],[121.302739,23.696447],[121.302445,23.696444],[121.302541,23.696626],[121.302344,23.696624],[121.302243,23.696893],[121.30195,23.6968],[121.301944,23.697251],[121.301648,23.697429],[121.301645,23.697609],[121.301351,23.697606],[121.301352,23.697516],[121.300959,23.697602],[121.300862,23.69751],[121.300957,23.697782],[121.300761,23.69778],[121.300759,23.69787],[121.300564,23.697778],[121.300561,23.698049],[121.300364,23.698137],[121.300259,23.698678],[121.300654,23.698411],[121.301046,23.698415],[121.300951,23.698234],[121.301147,23.698236],[121.301043,23.698686]],[[121.300561,23.698049],[121.300658,23.69814],[121.30056,23.698139],[121.300561,23.698049]],[[121.301149,23.698055],[121.301445,23.697968],[121.301446,23.697878],[121.301642,23.69788],[121.301245,23.698237],[121.301147,23.698236],[121.301149,23.698055]],[[121.301642,23.69788],[121.301741,23.697791],[121.30174,23.697881],[121.301642,23.69788]]],[[[121.301045,23.698506],[121.300946,23.698595],[121.301044,23.698596],[121.301045,23.698506]]],[[[121.30075,23.698593],[121.30065,23.698772],[121.300846,23.698774],[121.300946,23.698595],[121.30075,23.698593]]],[[[121.301529,23.699053],[121.301432,23.698961],[121.301431,23.699052],[121.301529,23.699053]]]]}}]}